id_axe,nom_axe,commune,destination,lat_dep,lon_dep,vitesse_kmh,vitesse_libre_ref,indice_cong,niveau_cong,distance_m,duree_sec,date,heure,jour,timestamp,type,sens,commune_dep
AX_01,Pont HKB (Henri Konan Bedie),Cocody/Marcory,Plateau,5.329775,-3.981814,28.4,80,0.355,Congestionne,10854,1140,2026-05-06,22,mercredi,2026-05-06T22:54:16Z,principal,NA,Cocody
AX_02,Pont De Gaulle,Plateau/Treichville,Plateau,5.317516,-4.016406,20,60,0.333,Congestionne,1224,176,2026-05-06,22,mercredi,2026-05-06T22:54:17Z,principal,NA,Plateau
AX_03,Pont Felix Houphouet-Boigny,Plateau/Treichville,Plateau,5.328028,-4.017425,25.8,60,0.43,Congestionne,2414,269,2026-05-06,22,mercredi,2026-05-06T22:54:18Z,principal,NA,Plateau
AX_04,Boulevard VGE (Giscard d Estaing),Plateau/Port-Bouet,Plateau,5.284092,-3.960922,29.6,100,0.296,Bloque,9720,944,2026-05-06,22,mercredi,2026-05-06T22:54:20Z,principal,NA,Plateau
AX_05,5eme Pont acces Saint-Jean,Cocody/Plateau,Plateau,5.335149,-3.996117,30.6,80,0.382,Congestionne,7035,685,2026-05-06,22,mercredi,2026-05-06T22:54:21Z,principal,NA,Cocody
AX_06,Marche Bellville (Bvd Marseille),Treichville,Plateau,5.30587,-3.998069,25.8,50,0.516,Modere,6069,653,2026-05-06,22,mercredi,2026-05-06T22:54:22Z,principal,NA,Treichville
AX_07,Rond-point Treichville,Treichville,Plateau,5.307293,-4.011812,12.6,40,0.315,Congestionne,2586,570,2026-05-06,22,mercredi,2026-05-06T22:54:23Z,principal,NA,Treichville
AX_08,Gare Lagunaire Bvd Lagunaire,Plateau/Treichville,Plateau,5.312868,-4.010077,24.2,60,0.403,Congestionne,3992,475,2026-05-06,22,mercredi,2026-05-06T22:54:24Z,principal,NA,Plateau
AX_09,Carrefour de l Indenie (Adjame),Adjame,Plateau,5.341379,-4.020257,30.4,50,0.608,Modere,4314,408,2026-05-06,22,mercredi,2026-05-06T22:54:26Z,principal,NA,Adjamé
AX_10,Adjame Mosquee (Bvd Nangui Abrogoua),Adjame,Plateau,5.354097,-4.026506,36,55,0.655,Modere,5369,429,2026-05-06,22,mercredi,2026-05-06T22:54:27Z,principal,NA,Adjamé
AX_11,Echangeur de la Ferraille (Adjame),Adjame,Plateau,5.308686,-3.964053,21.1,50,0.422,Congestionne,9501,1294,2026-05-06,22,mercredi,2026-05-06T22:54:28Z,principal,NA,Adjamé
AX_12,Feux Autoroute Nord entree Adjame,Adjame,Plateau,5.299899,-3.998254,21.6,100,0.216,Bloque,4252,566,2026-05-06,22,mercredi,2026-05-06T22:54:29Z,principal,NA,Adjamé
AX_13,Carrefour Universite (Cocody),Cocody,Cocody,5.334383,-3.938384,23.8,60,0.397,Congestionne,8812,1103,2026-05-06,22,mercredi,2026-05-06T22:54:30Z,principal,NA,Cocody
AX_14,2 Plateaux Vallon (Bvd Mitterrand),Cocody,Cocody,5.362127,-3.98962,14.9,60,0.248,Bloque,1354,271,2026-05-06,22,mercredi,2026-05-06T22:54:32Z,principal,NA,Cocody
AX_15,Abobo Gare Mairie (Route Abobo),Abobo,Plateau,5.420996,-4.01901,44.2,90,0.491,Congestionne,13296,917,2026-05-06,22,mercredi,2026-05-06T22:54:33Z,principal,NA,Abobo
AX_16,Gare Yopougon Autoroute Yopougon,Yopougon,Plateau,5.369048,-3.999911,29.5,100,0.295,Bloque,8791,887,2026-05-06,22,mercredi,2026-05-06T22:54:34Z,principal,NA,Yopougon
AX_17,Clinique Fraternite (Bvd Fraternite),Yopougon,Plateau,5.349303,-4.021832,31.2,50,0.624,Modere,4855,463,2026-05-06,22,mercredi,2026-05-06T22:54:35Z,principal,NA,Yopougon
AX_18,Carrefour Jatak (Route de Dabou),Yopougon,Plateau,5.321877,-4.1035450000000004,34.3,90,0.381,Congestionne,18601,1612,2026-05-06,22,mercredi,2026-05-06T22:54:36Z,principal,NA,Yopougon
AX_19,Lycee Bingerville (Route Bingerville),Bingerville,Cocody,5.357895,-3.890668,31.6,70,0.451,Congestionne,13218,1343,2026-05-06,22,mercredi,2026-05-06T22:54:38Z,principal,NA,Bingerville
AX_20,Rond-point Marcory (Bvd de la Paix),Marcory,Plateau,5.303988,-4.003239,23.6,50,0.472,Congestionne,4123,514,2026-05-06,22,mercredi,2026-05-06T22:54:39Z,principal,NA,Marcory
AX_01,Pont HKB (Henri Konan Bedie),Cocody/Marcory,Plateau,5.329775,-3.981814,29.6,80,0.37,Congestionne,10854,1140,2026-05-06,23,mercredi,2026-05-06T23:03:27Z,principal,NA,Cocody
AX_02,Pont De Gaulle,Plateau/Treichville,Plateau,5.317516,-4.016406,20.8,60,0.347,Congestionne,1224,176,2026-05-06,23,mercredi,2026-05-06T23:03:28Z,principal,NA,Plateau
AX_03,Pont Felix Houphouet-Boigny,Plateau/Treichville,Plateau,5.328028,-4.017425,26.9,60,0.448,Congestionne,2414,269,2026-05-06,23,mercredi,2026-05-06T23:03:29Z,principal,NA,Plateau
AX_04,Boulevard VGE (Giscard d Estaing),Plateau/Port-Bouet,Plateau,5.284092,-3.960922,30.9,100,0.309,Congestionne,9720,944,2026-05-06,23,mercredi,2026-05-06T23:03:31Z,principal,NA,Plateau
AX_05,5eme Pont acces Saint-Jean,Cocody/Plateau,Plateau,5.335149,-3.996117,31.9,80,0.399,Congestionne,7035,685,2026-05-06,23,mercredi,2026-05-06T23:03:32Z,principal,NA,Cocody
AX_06,Marche Bellville (Bvd Marseille),Treichville,Plateau,5.30587,-3.998069,26.9,50,0.538,Modere,6069,653,2026-05-06,23,mercredi,2026-05-06T23:03:33Z,principal,NA,Treichville
AX_07,Rond-point Treichville,Treichville,Plateau,5.307293,-4.011812,13.1,40,0.328,Congestionne,2586,570,2026-05-06,23,mercredi,2026-05-06T23:03:34Z,principal,NA,Treichville
AX_08,Gare Lagunaire Bvd Lagunaire,Plateau/Treichville,Plateau,5.312868,-4.010077,25.2,60,0.42,Congestionne,3992,475,2026-05-06,23,mercredi,2026-05-06T23:03:36Z,principal,NA,Plateau
AX_09,Carrefour de l Indenie (Adjame),Adjame,Plateau,5.341379,-4.020257,31.7,50,0.634,Modere,4314,408,2026-05-06,23,mercredi,2026-05-06T23:03:37Z,principal,NA,Adjamé
AX_10,Adjame Mosquee (Bvd Nangui Abrogoua),Adjame,Plateau,5.354097,-4.026506,37.6,55,0.684,Modere,5369,429,2026-05-06,23,mercredi,2026-05-06T23:03:38Z,principal,NA,Adjamé
AX_11,Echangeur de la Ferraille (Adjame),Adjame,Plateau,5.308686,-3.964053,22,50,0.44,Congestionne,9501,1294,2026-05-06,23,mercredi,2026-05-06T23:03:39Z,principal,NA,Adjamé
AX_12,Feux Autoroute Nord entree Adjame,Adjame,Plateau,5.299899,-3.998254,22.5,100,0.225,Bloque,4252,566,2026-05-06,23,mercredi,2026-05-06T23:03:40Z,principal,NA,Adjamé
AX_13,Carrefour Universite (Cocody),Cocody,Cocody,5.334383,-3.938384,24.8,60,0.413,Congestionne,8812,1103,2026-05-06,23,mercredi,2026-05-06T23:03:42Z,principal,NA,Cocody
AX_14,2 Plateaux Vallon (Bvd Mitterrand),Cocody,Cocody,5.362127,-3.98962,15.5,60,0.258,Bloque,1354,271,2026-05-06,23,mercredi,2026-05-06T23:03:43Z,principal,NA,Cocody
AX_15,Abobo Gare Mairie (Route Abobo),Abobo,Plateau,5.420996,-4.01901,46,90,0.511,Modere,13296,917,2026-05-06,23,mercredi,2026-05-06T23:03:44Z,principal,NA,Abobo
AX_16,Gare Yopougon Autoroute Yopougon,Yopougon,Plateau,5.369048,-3.999911,30.8,100,0.308,Congestionne,8791,887,2026-05-06,23,mercredi,2026-05-06T23:03:46Z,principal,NA,Yopougon
AX_17,Clinique Fraternite (Bvd Fraternite),Yopougon,Plateau,5.349303,-4.021832,32.5,50,0.65,Modere,4855,463,2026-05-06,23,mercredi,2026-05-06T23:03:47Z,principal,NA,Yopougon
AX_18,Carrefour Jatak (Route de Dabou),Yopougon,Plateau,5.321877,-4.1035450000000004,35.8,90,0.398,Congestionne,18601,1612,2026-05-06,23,mercredi,2026-05-06T23:03:48Z,principal,NA,Yopougon
AX_19,Lycee Bingerville (Route Bingerville),Bingerville,Cocody,5.357895,-3.890668,33,70,0.471,Congestionne,13218,1343,2026-05-06,23,mercredi,2026-05-06T23:03:49Z,principal,NA,Bingerville
AX_20,Rond-point Marcory (Bvd de la Paix),Marcory,Plateau,5.303988,-4.003239,24.6,50,0.492,Congestionne,4123,514,2026-05-06,23,mercredi,2026-05-06T23:03:50Z,principal,NA,Marcory
AX_01,Pont HKB (Henri Konan Bedie),Cocody/Marcory,Plateau,5.329775,-3.981814,30.2,80,0.378,Congestionne,10854,1140,2026-05-07,0,jeudi,2026-05-07T00:56:19Z,principal,NA,Cocody
AX_02,Pont De Gaulle,Plateau/Treichville,Plateau,5.317516,-4.016406,21.2,60,0.353,Congestionne,1224,176,2026-05-07,0,jeudi,2026-05-07T00:56:21Z,principal,NA,Plateau
AX_03,Pont Felix Houphouet-Boigny,Plateau/Treichville,Plateau,5.328028,-4.017425,27.5,60,0.458,Congestionne,2414,269,2026-05-07,0,jeudi,2026-05-07T00:56:22Z,principal,NA,Plateau
AX_04,Boulevard VGE (Giscard d Estaing),Plateau/Port-Bouet,Plateau,5.284092,-3.960922,31.5,100,0.315,Congestionne,9720,944,2026-05-07,0,jeudi,2026-05-07T00:56:23Z,principal,NA,Plateau
AX_05,5eme Pont acces Saint-Jean,Cocody/Plateau,Plateau,5.335149,-3.996117,32.6,80,0.408,Congestionne,7035,685,2026-05-07,0,jeudi,2026-05-07T00:56:24Z,principal,NA,Cocody
AX_06,Marche Bellville (Bvd Marseille),Treichville,Plateau,5.30587,-3.998069,27.5,50,0.55,Modere,6069,653,2026-05-07,0,jeudi,2026-05-07T00:56:26Z,principal,NA,Treichville
AX_07,Rond-point Treichville,Treichville,Plateau,5.307293,-4.011812,13.4,40,0.335,Congestionne,2586,570,2026-05-07,0,jeudi,2026-05-07T00:56:27Z,principal,NA,Treichville
AX_08,Gare Lagunaire Bvd Lagunaire,Plateau/Treichville,Plateau,5.312868,-4.010077,25.8,60,0.43,Congestionne,3992,475,2026-05-07,0,jeudi,2026-05-07T00:56:28Z,principal,NA,Plateau
AX_09,Carrefour de l Indenie (Adjame),Adjame,Plateau,5.341379,-4.020257,32.4,50,0.648,Modere,4314,408,2026-05-07,0,jeudi,2026-05-07T00:56:30Z,principal,NA,Adjamé
AX_10,Adjame Mosquee (Bvd Nangui Abrogoua),Adjame,Plateau,5.354097,-4.026506,38.3,55,0.696,Modere,5369,429,2026-05-07,0,jeudi,2026-05-07T00:56:31Z,principal,NA,Adjamé
AX_11,Echangeur de la Ferraille (Adjame),Adjame,Plateau,5.308686,-3.964053,22.4,50,0.448,Congestionne,9501,1294,2026-05-07,0,jeudi,2026-05-07T00:56:32Z,principal,NA,Adjamé
AX_12,Feux Autoroute Nord entree Adjame,Adjame,Plateau,5.299899,-3.998254,23,100,0.23,Bloque,4252,566,2026-05-07,0,jeudi,2026-05-07T00:56:33Z,principal,NA,Adjamé
AX_13,Carrefour Universite (Cocody),Cocody,Cocody,5.334383,-3.938384,25.3,60,0.422,Congestionne,8812,1103,2026-05-07,0,jeudi,2026-05-07T00:56:35Z,principal,NA,Cocody
AX_14,2 Plateaux Vallon (Bvd Mitterrand),Cocody,Cocody,5.362127,-3.98962,15.8,60,0.263,Bloque,1354,271,2026-05-07,0,jeudi,2026-05-07T00:56:36Z,principal,NA,Cocody
AX_15,Abobo Gare Mairie (Route Abobo),Abobo,Plateau,5.420996,-4.01901,47,90,0.522,Modere,13296,917,2026-05-07,0,jeudi,2026-05-07T00:56:37Z,principal,NA,Abobo
AX_16,Gare Yopougon Autoroute Yopougon,Yopougon,Plateau,5.369048,-3.999911,31.4,100,0.314,Congestionne,8791,887,2026-05-07,0,jeudi,2026-05-07T00:56:38Z,principal,NA,Yopougon
AX_17,Clinique Fraternite (Bvd Fraternite),Yopougon,Plateau,5.349303,-4.021832,33.2,50,0.664,Modere,4855,463,2026-05-07,0,jeudi,2026-05-07T00:56:39Z,principal,NA,Yopougon
AX_18,Carrefour Jatak (Route de Dabou),Yopougon,Plateau,5.321877,-4.1035450000000004,36.5,90,0.406,Congestionne,18601,1612,2026-05-07,0,jeudi,2026-05-07T00:56:41Z,principal,NA,Yopougon
AX_19,Lycee Bingerville (Route Bingerville),Bingerville,Cocody,5.357895,-3.890668,33.6,70,0.48,Congestionne,13218,1343,2026-05-07,0,jeudi,2026-05-07T00:56:42Z,principal,NA,Bingerville
AX_20,Rond-point Marcory (Bvd de la Paix),Marcory,Plateau,5.303988,-4.003239,25.1,50,0.502,Modere,4123,514,2026-05-07,0,jeudi,2026-05-07T00:56:43Z,principal,NA,Marcory
AX_01,Pont HKB (Henri Konan Bedie),Cocody/Marcory,Plateau,5.329775,-3.981814,30.2,80,0.378,Congestionne,10854,1140,2026-05-07,1,jeudi,2026-05-07T01:27:12Z,principal,NA,Cocody
AX_02,Pont De Gaulle,Plateau/Treichville,Plateau,5.317516,-4.016406,21.2,60,0.353,Congestionne,1224,176,2026-05-07,1,jeudi,2026-05-07T01:27:13Z,principal,NA,Plateau
AX_03,Pont Felix Houphouet-Boigny,Plateau/Treichville,Plateau,5.328028,-4.017425,27.5,60,0.458,Congestionne,2414,269,2026-05-07,1,jeudi,2026-05-07T01:27:15Z,principal,NA,Plateau
AX_04,Boulevard VGE (Giscard d Estaing),Plateau/Port-Bouet,Plateau,5.284092,-3.960922,31.5,100,0.315,Congestionne,9720,944,2026-05-07,1,jeudi,2026-05-07T01:27:16Z,principal,NA,Plateau
AX_05,5eme Pont acces Saint-Jean,Cocody/Plateau,Plateau,5.335149,-3.996117,32.6,80,0.408,Congestionne,7035,685,2026-05-07,1,jeudi,2026-05-07T01:27:17Z,principal,NA,Cocody
AX_06,Marche Bellville (Bvd Marseille),Treichville,Plateau,5.30587,-3.998069,27.5,50,0.55,Modere,6069,653,2026-05-07,1,jeudi,2026-05-07T01:27:18Z,principal,NA,Treichville
AX_07,Rond-point Treichville,Treichville,Plateau,5.307293,-4.011812,13.4,40,0.335,Congestionne,2586,570,2026-05-07,1,jeudi,2026-05-07T01:27:20Z,principal,NA,Treichville
AX_08,Gare Lagunaire Bvd Lagunaire,Plateau/Treichville,Plateau,5.312868,-4.010077,25.8,60,0.43,Congestionne,3992,475,2026-05-07,1,jeudi,2026-05-07T01:27:21Z,principal,NA,Plateau
AX_09,Carrefour de l Indenie (Adjame),Adjame,Plateau,5.341379,-4.020257,32.4,50,0.648,Modere,4314,408,2026-05-07,1,jeudi,2026-05-07T01:27:22Z,principal,NA,Adjamé
AX_10,Adjame Mosquee (Bvd Nangui Abrogoua),Adjame,Plateau,5.354097,-4.026506,38.3,55,0.696,Modere,5369,429,2026-05-07,1,jeudi,2026-05-07T01:27:23Z,principal,NA,Adjamé
AX_11,Echangeur de la Ferraille (Adjame),Adjame,Plateau,5.308686,-3.964053,22.4,50,0.448,Congestionne,9501,1294,2026-05-07,1,jeudi,2026-05-07T01:27:24Z,principal,NA,Adjamé
AX_12,Feux Autoroute Nord entree Adjame,Adjame,Plateau,5.299899,-3.998254,23,100,0.23,Bloque,4252,566,2026-05-07,1,jeudi,2026-05-07T01:27:26Z,principal,NA,Adjamé
AX_13,Carrefour Universite (Cocody),Cocody,Cocody,5.334383,-3.938384,25.3,60,0.422,Congestionne,8812,1103,2026-05-07,1,jeudi,2026-05-07T01:27:27Z,principal,NA,Cocody
AX_14,2 Plateaux Vallon (Bvd Mitterrand),Cocody,Cocody,5.362127,-3.98962,15.8,60,0.263,Bloque,1354,271,2026-05-07,1,jeudi,2026-05-07T01:27:28Z,principal,NA,Cocody
AX_15,Abobo Gare Mairie (Route Abobo),Abobo,Plateau,5.420996,-4.01901,47,90,0.522,Modere,13296,917,2026-05-07,1,jeudi,2026-05-07T01:27:29Z,principal,NA,Abobo
AX_16,Gare Yopougon Autoroute Yopougon,Yopougon,Plateau,5.369048,-3.999911,31.4,100,0.314,Congestionne,8791,887,2026-05-07,1,jeudi,2026-05-07T01:27:30Z,principal,NA,Yopougon
AX_17,Clinique Fraternite (Bvd Fraternite),Yopougon,Plateau,5.349303,-4.021832,33.2,50,0.664,Modere,4855,463,2026-05-07,1,jeudi,2026-05-07T01:27:32Z,principal,NA,Yopougon
AX_18,Carrefour Jatak (Route de Dabou),Yopougon,Plateau,5.321877,-4.1035450000000004,36.5,90,0.406,Congestionne,18601,1612,2026-05-07,1,jeudi,2026-05-07T01:27:33Z,principal,NA,Yopougon
AX_19,Lycee Bingerville (Route Bingerville),Bingerville,Cocody,5.357895,-3.890668,33.6,70,0.48,Congestionne,13218,1343,2026-05-07,1,jeudi,2026-05-07T01:27:34Z,principal,NA,Bingerville
AX_20,Rond-point Marcory (Bvd de la Paix),Marcory,Plateau,5.303988,-4.003239,25.1,50,0.502,Modere,4123,514,2026-05-07,1,jeudi,2026-05-07T01:27:35Z,principal,NA,Marcory
AX_01,Pont HKB (Henri Konan Bedie),Cocody/Marcory,Plateau,5.329775,-3.981814,11.5,80,0.144,Bloque,10854,1140,2026-05-07,8,jeudi,2026-05-07T08:21:02Z,principal,NA,Cocody
AX_02,Pont De Gaulle,Plateau/Treichville,Plateau,5.317516,-4.016406,8.1,60,0.135,Bloque,1224,176,2026-05-07,8,jeudi,2026-05-07T08:21:03Z,principal,NA,Plateau
AX_03,Pont Felix Houphouet-Boigny,Plateau/Treichville,Plateau,5.328028,-4.017425,10.4,60,0.173,Bloque,2414,269,2026-05-07,8,jeudi,2026-05-07T08:21:05Z,principal,NA,Plateau
AX_04,Boulevard VGE (Giscard d Estaing),Plateau/Port-Bouet,Plateau,5.284092,-3.960922,12,100,0.12,Bloque,9720,944,2026-05-07,8,jeudi,2026-05-07T08:21:06Z,principal,NA,Plateau
AX_05,5eme Pont acces Saint-Jean,Cocody/Plateau,Plateau,5.335149,-3.996117,12.4,80,0.155,Bloque,7035,685,2026-05-07,8,jeudi,2026-05-07T08:21:07Z,principal,NA,Cocody
AX_06,Marche Bellville (Bvd Marseille),Treichville,Plateau,5.30587,-3.998069,10.4,50,0.208,Bloque,6069,653,2026-05-07,8,jeudi,2026-05-07T08:21:08Z,principal,NA,Treichville
AX_07,Rond-point Treichville,Treichville,Plateau,5.307293,-4.011812,5.1,40,0.128,Bloque,2586,570,2026-05-07,8,jeudi,2026-05-07T08:21:09Z,principal,NA,Treichville
AX_08,Gare Lagunaire Bvd Lagunaire,Plateau/Treichville,Plateau,5.312868,-4.010077,9.8,60,0.163,Bloque,3992,475,2026-05-07,8,jeudi,2026-05-07T08:21:11Z,principal,NA,Plateau
AX_09,Carrefour de l Indenie (Adjame),Adjame,Plateau,5.341379,-4.020257,12.3,50,0.246,Bloque,4314,408,2026-05-07,8,jeudi,2026-05-07T08:21:12Z,principal,NA,Adjamé
AX_10,Adjame Mosquee (Bvd Nangui Abrogoua),Adjame,Plateau,5.354097,-4.026506,14.6,55,0.265,Bloque,5369,429,2026-05-07,8,jeudi,2026-05-07T08:21:13Z,principal,NA,Adjamé
AX_11,Echangeur de la Ferraille (Adjame),Adjame,Plateau,5.308686,-3.964053,8.5,50,0.17,Bloque,9501,1294,2026-05-07,8,jeudi,2026-05-07T08:21:14Z,principal,NA,Adjamé
AX_12,Feux Autoroute Nord entree Adjame,Adjame,Plateau,5.299899,-3.998254,8.7,100,0.087,Bloque,4252,566,2026-05-07,8,jeudi,2026-05-07T08:21:16Z,principal,NA,Adjamé
AX_13,Carrefour Universite (Cocody),Cocody,Cocody,5.334383,-3.938384,9.6,60,0.16,Bloque,8812,1103,2026-05-07,8,jeudi,2026-05-07T08:21:17Z,principal,NA,Cocody
AX_14,2 Plateaux Vallon (Bvd Mitterrand),Cocody,Cocody,5.362127,-3.98962,6,60,0.1,Bloque,1354,271,2026-05-07,8,jeudi,2026-05-07T08:21:18Z,principal,NA,Cocody
AX_15,Abobo Gare Mairie (Route Abobo),Abobo,Plateau,5.420996,-4.01901,17.9,90,0.199,Bloque,13296,917,2026-05-07,8,jeudi,2026-05-07T08:21:19Z,principal,NA,Abobo
AX_16,Gare Yopougon Autoroute Yopougon,Yopougon,Plateau,5.369048,-3.999911,11.9,100,0.119,Bloque,8791,887,2026-05-07,8,jeudi,2026-05-07T08:21:20Z,principal,NA,Yopougon
AX_17,Clinique Fraternite (Bvd Fraternite),Yopougon,Plateau,5.349303,-4.021832,12.6,50,0.252,Bloque,4855,463,2026-05-07,8,jeudi,2026-05-07T08:21:22Z,principal,NA,Yopougon
AX_18,Carrefour Jatak (Route de Dabou),Yopougon,Plateau,5.321877,-4.1035450000000004,13.9,90,0.154,Bloque,18601,1612,2026-05-07,8,jeudi,2026-05-07T08:21:23Z,principal,NA,Yopougon
AX_19,Lycee Bingerville (Route Bingerville),Bingerville,Cocody,5.357895,-3.890668,12.8,70,0.183,Bloque,13218,1343,2026-05-07,8,jeudi,2026-05-07T08:21:24Z,principal,NA,Bingerville
AX_20,Rond-point Marcory (Bvd de la Paix),Marcory,Plateau,5.303988,-4.003239,9.6,50,0.192,Bloque,4123,514,2026-05-07,8,jeudi,2026-05-07T08:21:25Z,principal,NA,Marcory
AX_01,Pont HKB (Henri Konan Bedie),Cocody/Marcory,Plateau,5.329775,-3.981814,16.6,80,0.208,Bloque,10854,1140,2026-05-07,9,jeudi,2026-05-07T09:23:14Z,principal,NA,Cocody
AX_02,Pont De Gaulle,Plateau/Treichville,Plateau,5.317516,-4.016406,11.7,60,0.195,Bloque,1224,176,2026-05-07,9,jeudi,2026-05-07T09:23:16Z,principal,NA,Plateau
AX_03,Pont Felix Houphouet-Boigny,Plateau/Treichville,Plateau,5.328028,-4.017425,15.1,60,0.252,Bloque,2414,269,2026-05-07,9,jeudi,2026-05-07T09:23:17Z,principal,NA,Plateau
AX_04,Boulevard VGE (Giscard d Estaing),Plateau/Port-Bouet,Plateau,5.284092,-3.960922,17.3,100,0.173,Bloque,9720,944,2026-05-07,9,jeudi,2026-05-07T09:23:18Z,principal,NA,Plateau
AX_05,5eme Pont acces Saint-Jean,Cocody/Plateau,Plateau,5.335149,-3.996117,17.9,80,0.224,Bloque,7035,685,2026-05-07,9,jeudi,2026-05-07T09:23:19Z,principal,NA,Cocody
AX_06,Marche Bellville (Bvd Marseille),Treichville,Plateau,5.30587,-3.998069,15.1,50,0.302,Congestionne,6069,653,2026-05-07,9,jeudi,2026-05-07T09:23:20Z,principal,NA,Treichville
AX_07,Rond-point Treichville,Treichville,Plateau,5.307293,-4.011812,7.4,40,0.185,Bloque,2586,570,2026-05-07,9,jeudi,2026-05-07T09:23:22Z,principal,NA,Treichville
AX_08,Gare Lagunaire Bvd Lagunaire,Plateau/Treichville,Plateau,5.312868,-4.010077,14.2,60,0.237,Bloque,3992,475,2026-05-07,9,jeudi,2026-05-07T09:23:23Z,principal,NA,Plateau
AX_09,Carrefour de l Indenie (Adjame),Adjame,Plateau,5.341379,-4.020257,17.8,50,0.356,Congestionne,4314,408,2026-05-07,9,jeudi,2026-05-07T09:23:24Z,principal,NA,Adjamé
AX_10,Adjame Mosquee (Bvd Nangui Abrogoua),Adjame,Plateau,5.354097,-4.026506,21.1,55,0.384,Congestionne,5369,429,2026-05-07,9,jeudi,2026-05-07T09:23:25Z,principal,NA,Adjamé
AX_11,Echangeur de la Ferraille (Adjame),Adjame,Plateau,5.308686,-3.964053,12.3,50,0.246,Bloque,9501,1294,2026-05-07,9,jeudi,2026-05-07T09:23:26Z,principal,NA,Adjamé
AX_12,Feux Autoroute Nord entree Adjame,Adjame,Plateau,5.299899,-3.998254,12.6,100,0.126,Bloque,4252,566,2026-05-07,9,jeudi,2026-05-07T09:23:28Z,principal,NA,Adjamé
AX_13,Carrefour Universite (Cocody),Cocody,Cocody,5.334383,-3.938384,13.9,60,0.232,Bloque,8812,1103,2026-05-07,9,jeudi,2026-05-07T09:23:29Z,principal,NA,Cocody
AX_14,2 Plateaux Vallon (Bvd Mitterrand),Cocody,Cocody,5.362127,-3.98962,8.7,60,0.145,Bloque,1354,271,2026-05-07,9,jeudi,2026-05-07T09:23:30Z,principal,NA,Cocody
AX_15,Abobo Gare Mairie (Route Abobo),Abobo,Plateau,5.420996,-4.01901,25.8,90,0.287,Bloque,13296,917,2026-05-07,9,jeudi,2026-05-07T09:23:31Z,principal,NA,Abobo
AX_16,Gare Yopougon Autoroute Yopougon,Yopougon,Plateau,5.369048,-3.999911,17.3,100,0.173,Bloque,8791,887,2026-05-07,9,jeudi,2026-05-07T09:23:33Z,principal,NA,Yopougon
AX_17,Clinique Fraternite (Bvd Fraternite),Yopougon,Plateau,5.349303,-4.021832,18.2,50,0.364,Congestionne,4855,463,2026-05-07,9,jeudi,2026-05-07T09:23:34Z,principal,NA,Yopougon
AX_18,Carrefour Jatak (Route de Dabou),Yopougon,Plateau,5.321877,-4.1035450000000004,20.1,90,0.223,Bloque,18601,1612,2026-05-07,9,jeudi,2026-05-07T09:23:35Z,principal,NA,Yopougon
AX_19,Lycee Bingerville (Route Bingerville),Bingerville,Cocody,5.357895,-3.890668,18.5,70,0.264,Bloque,13218,1343,2026-05-07,9,jeudi,2026-05-07T09:23:36Z,principal,NA,Bingerville
AX_20,Rond-point Marcory (Bvd de la Paix),Marcory,Plateau,5.303988,-4.003239,13.8,50,0.276,Bloque,4123,514,2026-05-07,9,jeudi,2026-05-07T09:23:37Z,principal,NA,Marcory
AX_01,Pont HKB (Henri Konan Bedie),Cocody/Marcory,Plateau,5.329775,-3.981814,21.7,80,0.271,Bloque,10854,1140,2026-05-07,10,jeudi,2026-05-07T10:16:21Z,principal,NA,Cocody
AX_02,Pont De Gaulle,Plateau/Treichville,Plateau,5.317516,-4.016406,15.3,60,0.255,Bloque,1224,176,2026-05-07,10,jeudi,2026-05-07T10:16:22Z,principal,NA,Plateau
AX_03,Pont Felix Houphouet-Boigny,Plateau/Treichville,Plateau,5.328028,-4.017425,19.8,60,0.33,Congestionne,2414,269,2026-05-07,10,jeudi,2026-05-07T10:16:24Z,principal,NA,Plateau
AX_04,Boulevard VGE (Giscard d Estaing),Plateau/Port-Bouet,Plateau,5.284092,-3.960922,22.7,100,0.227,Bloque,9720,944,2026-05-07,10,jeudi,2026-05-07T10:16:25Z,principal,NA,Plateau
AX_05,5eme Pont acces Saint-Jean,Cocody/Plateau,Plateau,5.335149,-3.996117,23.4,80,0.292,Bloque,7035,685,2026-05-07,10,jeudi,2026-05-07T10:16:26Z,principal,NA,Cocody
AX_06,Marche Bellville (Bvd Marseille),Treichville,Plateau,5.30587,-3.998069,19.8,50,0.396,Congestionne,6069,653,2026-05-07,10,jeudi,2026-05-07T10:16:27Z,principal,NA,Treichville
AX_07,Rond-point Treichville,Treichville,Plateau,5.307293,-4.011812,9.6,40,0.24,Bloque,2586,570,2026-05-07,10,jeudi,2026-05-07T10:16:29Z,principal,NA,Treichville
AX_08,Gare Lagunaire Bvd Lagunaire,Plateau/Treichville,Plateau,5.312868,-4.010077,18.5,60,0.308,Congestionne,3992,475,2026-05-07,10,jeudi,2026-05-07T10:16:30Z,principal,NA,Plateau
AX_09,Carrefour de l Indenie (Adjame),Adjame,Plateau,5.341379,-4.020257,23.3,50,0.466,Congestionne,4314,408,2026-05-07,10,jeudi,2026-05-07T10:16:31Z,principal,NA,Adjamé
AX_10,Adjame Mosquee (Bvd Nangui Abrogoua),Adjame,Plateau,5.354097,-4.026506,27.6,55,0.502,Modere,5369,429,2026-05-07,10,jeudi,2026-05-07T10:16:32Z,principal,NA,Adjamé
AX_11,Echangeur de la Ferraille (Adjame),Adjame,Plateau,5.308686,-3.964053,16.2,50,0.324,Congestionne,9501,1294,2026-05-07,10,jeudi,2026-05-07T10:16:33Z,principal,NA,Adjamé
AX_12,Feux Autoroute Nord entree Adjame,Adjame,Plateau,5.299899,-3.998254,16.5,100,0.165,Bloque,4252,566,2026-05-07,10,jeudi,2026-05-07T10:16:35Z,principal,NA,Adjamé
AX_13,Carrefour Universite (Cocody),Cocody,Cocody,5.334383,-3.938384,18.2,60,0.303,Congestionne,8812,1103,2026-05-07,10,jeudi,2026-05-07T10:16:36Z,principal,NA,Cocody
AX_14,2 Plateaux Vallon (Bvd Mitterrand),Cocody,Cocody,5.362127,-3.98962,11.4,60,0.19,Bloque,1354,271,2026-05-07,10,jeudi,2026-05-07T10:16:37Z,principal,NA,Cocody
AX_15,Abobo Gare Mairie (Route Abobo),Abobo,Plateau,5.420996,-4.01901,33.8,90,0.376,Congestionne,13296,917,2026-05-07,10,jeudi,2026-05-07T10:16:38Z,principal,NA,Abobo
AX_16,Gare Yopougon Autoroute Yopougon,Yopougon,Plateau,5.369048,-3.999911,22.6,100,0.226,Bloque,8791,887,2026-05-07,10,jeudi,2026-05-07T10:16:39Z,principal,NA,Yopougon
AX_17,Clinique Fraternite (Bvd Fraternite),Yopougon,Plateau,5.349303,-4.021832,23.9,50,0.478,Congestionne,4855,463,2026-05-07,10,jeudi,2026-05-07T10:16:41Z,principal,NA,Yopougon
AX_18,Carrefour Jatak (Route de Dabou),Yopougon,Plateau,5.321877,-4.1035450000000004,26.3,90,0.292,Bloque,18601,1612,2026-05-07,10,jeudi,2026-05-07T10:16:42Z,principal,NA,Yopougon
AX_19,Lycee Bingerville (Route Bingerville),Bingerville,Cocody,5.357895,-3.890668,24.2,70,0.346,Congestionne,13218,1343,2026-05-07,10,jeudi,2026-05-07T10:16:43Z,principal,NA,Bingerville
AX_20,Rond-point Marcory (Bvd de la Paix),Marcory,Plateau,5.303988,-4.003239,18.1,50,0.362,Congestionne,4123,514,2026-05-07,10,jeudi,2026-05-07T10:16:44Z,principal,NA,Marcory
AX_01,Pont HKB (Henri Konan Bedie),Cocody/Marcory,Plateau,5.329775,-3.981814,24.1,80,0.301,Congestionne,10854,1140,2026-05-07,11,jeudi,2026-05-07T11:18:44Z,principal,NA,Cocody
AX_02,Pont De Gaulle,Plateau/Treichville,Plateau,5.317516,-4.016406,17,60,0.283,Bloque,1224,176,2026-05-07,11,jeudi,2026-05-07T11:18:45Z,principal,NA,Plateau
AX_03,Pont Felix Houphouet-Boigny,Plateau/Treichville,Plateau,5.328028,-4.017425,22,60,0.367,Congestionne,2414,269,2026-05-07,11,jeudi,2026-05-07T11:18:46Z,principal,NA,Plateau
AX_04,Boulevard VGE (Giscard d Estaing),Plateau/Port-Bouet,Plateau,5.284092,-3.960922,25.2,100,0.252,Bloque,9720,944,2026-05-07,11,jeudi,2026-05-07T11:18:48Z,principal,NA,Plateau
AX_05,5eme Pont acces Saint-Jean,Cocody/Plateau,Plateau,5.335149,-3.996117,26,80,0.325,Congestionne,7035,685,2026-05-07,11,jeudi,2026-05-07T11:18:49Z,principal,NA,Cocody
AX_06,Marche Bellville (Bvd Marseille),Treichville,Plateau,5.30587,-3.998069,22,50,0.44,Congestionne,6069,653,2026-05-07,11,jeudi,2026-05-07T11:18:50Z,principal,NA,Treichville
AX_07,Rond-point Treichville,Treichville,Plateau,5.307293,-4.011812,10.7,40,0.267,Bloque,2586,570,2026-05-07,11,jeudi,2026-05-07T11:18:51Z,principal,NA,Treichville
AX_08,Gare Lagunaire Bvd Lagunaire,Plateau/Treichville,Plateau,5.312868,-4.010077,20.6,60,0.343,Congestionne,3992,475,2026-05-07,11,jeudi,2026-05-07T11:18:53Z,principal,NA,Plateau
AX_09,Carrefour de l Indenie (Adjame),Adjame,Plateau,5.341379,-4.020257,25.9,50,0.518,Modere,4314,408,2026-05-07,11,jeudi,2026-05-07T11:18:54Z,principal,NA,Adjamé
AX_10,Adjame Mosquee (Bvd Nangui Abrogoua),Adjame,Plateau,5.354097,-4.026506,30.7,55,0.558,Modere,5369,429,2026-05-07,11,jeudi,2026-05-07T11:18:55Z,principal,NA,Adjamé
AX_11,Echangeur de la Ferraille (Adjame),Adjame,Plateau,5.308686,-3.964053,18,50,0.36,Congestionne,9501,1294,2026-05-07,11,jeudi,2026-05-07T11:18:56Z,principal,NA,Adjamé
AX_12,Feux Autoroute Nord entree Adjame,Adjame,Plateau,5.299899,-3.998254,18.4,100,0.184,Bloque,4252,566,2026-05-07,11,jeudi,2026-05-07T11:18:57Z,principal,NA,Adjamé
AX_13,Carrefour Universite (Cocody),Cocody,Cocody,5.334383,-3.938384,20.3,60,0.338,Congestionne,8812,1103,2026-05-07,11,jeudi,2026-05-07T11:18:59Z,principal,NA,Cocody
AX_14,2 Plateaux Vallon (Bvd Mitterrand),Cocody,Cocody,5.362127,-3.98962,12.7,60,0.212,Bloque,1354,271,2026-05-07,11,jeudi,2026-05-07T11:19:01Z,principal,NA,Cocody
AX_15,Abobo Gare Mairie (Route Abobo),Abobo,Plateau,5.420996,-4.01901,37.6,90,0.418,Congestionne,13296,917,2026-05-07,11,jeudi,2026-05-07T11:19:02Z,principal,NA,Abobo
AX_16,Gare Yopougon Autoroute Yopougon,Yopougon,Plateau,5.369048,-3.999911,25.1,100,0.251,Bloque,8791,887,2026-05-07,11,jeudi,2026-05-07T11:19:03Z,principal,NA,Yopougon
AX_17,Clinique Fraternite (Bvd Fraternite),Yopougon,Plateau,5.349303,-4.021832,26.5,50,0.53,Modere,4855,463,2026-05-07,11,jeudi,2026-05-07T11:19:04Z,principal,NA,Yopougon
AX_18,Carrefour Jatak (Route de Dabou),Yopougon,Plateau,5.321877,-4.1035450000000004,29.2,90,0.324,Congestionne,18601,1612,2026-05-07,11,jeudi,2026-05-07T11:19:05Z,principal,NA,Yopougon
AX_19,Lycee Bingerville (Route Bingerville),Bingerville,Cocody,5.357895,-3.890668,26.9,70,0.384,Congestionne,13218,1343,2026-05-07,11,jeudi,2026-05-07T11:19:07Z,principal,NA,Bingerville
AX_20,Rond-point Marcory (Bvd de la Paix),Marcory,Plateau,5.303988,-4.003239,20.1,50,0.402,Congestionne,4123,514,2026-05-07,11,jeudi,2026-05-07T11:19:08Z,principal,NA,Marcory
AX_01,Pont HKB (Henri Konan Bedie),Cocody/Marcory,Plateau,5.329775,-3.981814,20.5,80,0.256,Bloque,10854,1140,2026-05-07,12,jeudi,2026-05-07T12:21:04Z,principal,NA,Cocody
AX_02,Pont De Gaulle,Plateau/Treichville,Plateau,5.317516,-4.016406,14.4,60,0.24,Bloque,1224,176,2026-05-07,12,jeudi,2026-05-07T12:21:06Z,principal,NA,Plateau
AX_03,Pont Felix Houphouet-Boigny,Plateau/Treichville,Plateau,5.328028,-4.017425,18.7,60,0.312,Congestionne,2414,269,2026-05-07,12,jeudi,2026-05-07T12:21:08Z,principal,NA,Plateau
AX_04,Boulevard VGE (Giscard d Estaing),Plateau/Port-Bouet,Plateau,5.284092,-3.960922,21.4,100,0.214,Bloque,9720,944,2026-05-07,12,jeudi,2026-05-07T12:21:10Z,principal,NA,Plateau
AX_05,5eme Pont acces Saint-Jean,Cocody/Plateau,Plateau,5.335149,-3.996117,22.1,80,0.276,Bloque,7035,685,2026-05-07,12,jeudi,2026-05-07T12:21:12Z,principal,NA,Cocody
AX_06,Marche Bellville (Bvd Marseille),Treichville,Plateau,5.30587,-3.998069,18.7,50,0.374,Congestionne,6069,653,2026-05-07,12,jeudi,2026-05-07T12:21:14Z,principal,NA,Treichville
AX_07,Rond-point Treichville,Treichville,Plateau,5.307293,-4.011812,9.1,40,0.227,Bloque,2586,570,2026-05-07,12,jeudi,2026-05-07T12:21:16Z,principal,NA,Treichville
AX_08,Gare Lagunaire Bvd Lagunaire,Plateau/Treichville,Plateau,5.312868,-4.010077,17.5,60,0.292,Bloque,3992,475,2026-05-07,12,jeudi,2026-05-07T12:21:18Z,principal,NA,Plateau
AX_09,Carrefour de l Indenie (Adjame),Adjame,Plateau,5.341379,-4.020257,22,50,0.44,Congestionne,4314,408,2026-05-07,12,jeudi,2026-05-07T12:21:20Z,principal,NA,Adjamé
AX_10,Adjame Mosquee (Bvd Nangui Abrogoua),Adjame,Plateau,5.354097,-4.026506,26.1,55,0.475,Congestionne,5369,429,2026-05-07,12,jeudi,2026-05-07T12:21:22Z,principal,NA,Adjamé
AX_11,Echangeur de la Ferraille (Adjame),Adjame,Plateau,5.308686,-3.964053,15.3,50,0.306,Congestionne,9501,1294,2026-05-07,12,jeudi,2026-05-07T12:21:24Z,principal,NA,Adjamé
AX_12,Feux Autoroute Nord entree Adjame,Adjame,Plateau,5.299899,-3.998254,15.6,100,0.156,Bloque,4252,566,2026-05-07,12,jeudi,2026-05-07T12:21:26Z,principal,NA,Adjamé
AX_13,Carrefour Universite (Cocody),Cocody,Cocody,5.334383,-3.938384,17.2,60,0.287,Bloque,8812,1103,2026-05-07,12,jeudi,2026-05-07T12:21:28Z,principal,NA,Cocody
AX_14,2 Plateaux Vallon (Bvd Mitterrand),Cocody,Cocody,5.362127,-3.98962,10.8,60,0.18,Bloque,1354,271,2026-05-07,12,jeudi,2026-05-07T12:21:30Z,principal,NA,Cocody
AX_15,Abobo Gare Mairie (Route Abobo),Abobo,Plateau,5.420996,-4.01901,31.9,90,0.354,Congestionne,13296,917,2026-05-07,12,jeudi,2026-05-07T12:21:32Z,principal,NA,Abobo
AX_16,Gare Yopougon Autoroute Yopougon,Yopougon,Plateau,5.369048,-3.999911,21.4,100,0.214,Bloque,8791,887,2026-05-07,12,jeudi,2026-05-07T12:21:34Z,principal,NA,Yopougon
AX_17,Clinique Fraternite (Bvd Fraternite),Yopougon,Plateau,5.349303,-4.021832,22.6,50,0.452,Congestionne,4855,463,2026-05-07,12,jeudi,2026-05-07T12:21:35Z,principal,NA,Yopougon
AX_18,Carrefour Jatak (Route de Dabou),Yopougon,Plateau,5.321877,-4.1035450000000004,24.8,90,0.276,Bloque,18601,1612,2026-05-07,12,jeudi,2026-05-07T12:21:36Z,principal,NA,Yopougon
AX_19,Lycee Bingerville (Route Bingerville),Bingerville,Cocody,5.357895,-3.890668,22.9,70,0.327,Congestionne,13218,1343,2026-05-07,12,jeudi,2026-05-07T12:21:37Z,principal,NA,Bingerville
AX_20,Rond-point Marcory (Bvd de la Paix),Marcory,Plateau,5.303988,-4.003239,17.1,50,0.342,Congestionne,4123,514,2026-05-07,12,jeudi,2026-05-07T12:21:39Z,principal,NA,Marcory
AX_01,Pont HKB (Henri Konan Bedie),Cocody/Marcory,Plateau,5.329775,-3.981814,24.8,80,0.31,Congestionne,10854,1140,2026-05-07,14,jeudi,2026-05-07T14:31:45Z,principal,NA,Cocody
AX_02,Pont De Gaulle,Plateau/Treichville,Plateau,5.317516,-4.016406,17.4,60,0.29,Bloque,1224,176,2026-05-07,14,jeudi,2026-05-07T14:31:47Z,principal,NA,Plateau
AX_03,Pont Felix Houphouet-Boigny,Plateau/Treichville,Plateau,5.328028,-4.017425,22.5,60,0.375,Congestionne,2414,269,2026-05-07,14,jeudi,2026-05-07T14:31:48Z,principal,NA,Plateau
AX_04,Boulevard VGE (Giscard d Estaing),Plateau/Port-Bouet,Plateau,5.284092,-3.960922,25.9,100,0.259,Bloque,9720,944,2026-05-07,14,jeudi,2026-05-07T14:31:49Z,principal,NA,Plateau
AX_05,5eme Pont acces Saint-Jean,Cocody/Plateau,Plateau,5.335149,-3.996117,26.7,80,0.334,Congestionne,7035,685,2026-05-07,14,jeudi,2026-05-07T14:31:51Z,principal,NA,Cocody
AX_06,Marche Bellville (Bvd Marseille),Treichville,Plateau,5.30587,-3.998069,22.5,50,0.45,Congestionne,6069,653,2026-05-07,14,jeudi,2026-05-07T14:31:52Z,principal,NA,Treichville
AX_07,Rond-point Treichville,Treichville,Plateau,5.307293,-4.011812,11,40,0.275,Bloque,2586,570,2026-05-07,14,jeudi,2026-05-07T14:31:53Z,principal,NA,Treichville
AX_08,Gare Lagunaire Bvd Lagunaire,Plateau/Treichville,Plateau,5.312868,-4.010077,21.1,60,0.352,Congestionne,3992,475,2026-05-07,14,jeudi,2026-05-07T14:31:55Z,principal,NA,Plateau
AX_09,Carrefour de l Indenie (Adjame),Adjame,Plateau,5.341379,-4.020257,26.6,50,0.532,Modere,4314,408,2026-05-07,14,jeudi,2026-05-07T14:31:56Z,principal,NA,Adjamé
AX_10,Adjame Mosquee (Bvd Nangui Abrogoua),Adjame,Plateau,5.354097,-4.026506,31.4,55,0.571,Modere,5369,429,2026-05-07,14,jeudi,2026-05-07T14:31:57Z,principal,NA,Adjamé
AX_11,Echangeur de la Ferraille (Adjame),Adjame,Plateau,5.308686,-3.964053,18.4,50,0.368,Congestionne,9501,1294,2026-05-07,14,jeudi,2026-05-07T14:31:59Z,principal,NA,Adjamé
AX_12,Feux Autoroute Nord entree Adjame,Adjame,Plateau,5.299899,-3.998254,18.8,100,0.188,Bloque,4252,566,2026-05-07,14,jeudi,2026-05-07T14:32:00Z,principal,NA,Adjamé
AX_13,Carrefour Universite (Cocody),Cocody,Cocody,5.334383,-3.938384,20.8,60,0.347,Congestionne,8812,1103,2026-05-07,14,jeudi,2026-05-07T14:32:01Z,principal,NA,Cocody
AX_14,2 Plateaux Vallon (Bvd Mitterrand),Cocody,Cocody,5.362127,-3.98962,13,60,0.217,Bloque,1354,271,2026-05-07,14,jeudi,2026-05-07T14:32:03Z,principal,NA,Cocody
AX_15,Abobo Gare Mairie (Route Abobo),Abobo,Plateau,5.420996,-4.01901,38.5,90,0.428,Congestionne,13296,917,2026-05-07,14,jeudi,2026-05-07T14:32:04Z,principal,NA,Abobo
AX_16,Gare Yopougon Autoroute Yopougon,Yopougon,Plateau,5.369048,-3.999911,25.8,100,0.258,Bloque,8791,887,2026-05-07,14,jeudi,2026-05-07T14:32:05Z,principal,NA,Yopougon
AX_17,Clinique Fraternite (Bvd Fraternite),Yopougon,Plateau,5.349303,-4.021832,27.2,50,0.544,Modere,4855,463,2026-05-07,14,jeudi,2026-05-07T14:32:07Z,principal,NA,Yopougon
AX_18,Carrefour Jatak (Route de Dabou),Yopougon,Plateau,5.321877,-4.1035450000000004,29.9,90,0.332,Congestionne,18601,1612,2026-05-07,14,jeudi,2026-05-07T14:32:08Z,principal,NA,Yopougon
AX_19,Lycee Bingerville (Route Bingerville),Bingerville,Cocody,5.357895,-3.890668,27.6,70,0.394,Congestionne,13218,1343,2026-05-07,14,jeudi,2026-05-07T14:32:09Z,principal,NA,Bingerville
AX_20,Rond-point Marcory (Bvd de la Paix),Marcory,Plateau,5.303988,-4.003239,20.6,50,0.412,Congestionne,4123,514,2026-05-07,14,jeudi,2026-05-07T14:32:11Z,principal,NA,Marcory
AX_01,Pont HKB (Henri Konan Bedie),Cocody/Marcory,Plateau,5.329775,-3.981814,21.7,80,0.271,Bloque,10854,1140,2026-05-07,15,jeudi,2026-05-07T15:03:42Z,principal,NA,Cocody
AX_02,Pont De Gaulle,Plateau/Treichville,Plateau,5.317516,-4.016406,15.3,60,0.255,Bloque,1224,176,2026-05-07,15,jeudi,2026-05-07T15:03:43Z,principal,NA,Plateau
AX_03,Pont Felix Houphouet-Boigny,Plateau/Treichville,Plateau,5.328028,-4.017425,19.8,60,0.33,Congestionne,2414,269,2026-05-07,15,jeudi,2026-05-07T15:03:44Z,principal,NA,Plateau
AX_04,Boulevard VGE (Giscard d Estaing),Plateau/Port-Bouet,Plateau,5.284092,-3.960922,22.7,100,0.227,Bloque,9720,944,2026-05-07,15,jeudi,2026-05-07T15:03:45Z,principal,NA,Plateau
AX_05,5eme Pont acces Saint-Jean,Cocody/Plateau,Plateau,5.335149,-3.996117,23.4,80,0.292,Bloque,7035,685,2026-05-07,15,jeudi,2026-05-07T15:03:47Z,principal,NA,Cocody
AX_06,Marche Bellville (Bvd Marseille),Treichville,Plateau,5.30587,-3.998069,19.8,50,0.396,Congestionne,6069,653,2026-05-07,15,jeudi,2026-05-07T15:03:48Z,principal,NA,Treichville
AX_07,Rond-point Treichville,Treichville,Plateau,5.307293,-4.011812,9.6,40,0.24,Bloque,2586,570,2026-05-07,15,jeudi,2026-05-07T15:03:50Z,principal,NA,Treichville
AX_08,Gare Lagunaire Bvd Lagunaire,Plateau/Treichville,Plateau,5.312868,-4.010077,18.5,60,0.308,Congestionne,3992,475,2026-05-07,15,jeudi,2026-05-07T15:03:51Z,principal,NA,Plateau
AX_09,Carrefour de l Indenie (Adjame),Adjame,Plateau,5.341379,-4.020257,23.3,50,0.466,Congestionne,4314,408,2026-05-07,15,jeudi,2026-05-07T15:03:52Z,principal,NA,Adjamé
AX_10,Adjame Mosquee (Bvd Nangui Abrogoua),Adjame,Plateau,5.354097,-4.026506,27.6,55,0.502,Modere,5369,429,2026-05-07,15,jeudi,2026-05-07T15:03:54Z,principal,NA,Adjamé
AX_11,Echangeur de la Ferraille (Adjame),Adjame,Plateau,5.308686,-3.964053,16.2,50,0.324,Congestionne,9501,1294,2026-05-07,15,jeudi,2026-05-07T15:03:55Z,principal,NA,Adjamé
AX_12,Feux Autoroute Nord entree Adjame,Adjame,Plateau,5.299899,-3.998254,16.5,100,0.165,Bloque,4252,566,2026-05-07,15,jeudi,2026-05-07T15:03:56Z,principal,NA,Adjamé
AX_13,Carrefour Universite (Cocody),Cocody,Cocody,5.334383,-3.938384,18.2,60,0.303,Congestionne,8812,1103,2026-05-07,15,jeudi,2026-05-07T15:03:58Z,principal,NA,Cocody
AX_14,2 Plateaux Vallon (Bvd Mitterrand),Cocody,Cocody,5.362127,-3.98962,11.4,60,0.19,Bloque,1354,271,2026-05-07,15,jeudi,2026-05-07T15:03:59Z,principal,NA,Cocody
AX_15,Abobo Gare Mairie (Route Abobo),Abobo,Plateau,5.420996,-4.01901,33.8,90,0.376,Congestionne,13296,917,2026-05-07,15,jeudi,2026-05-07T15:04:00Z,principal,NA,Abobo
AX_16,Gare Yopougon Autoroute Yopougon,Yopougon,Plateau,5.369048,-3.999911,22.6,100,0.226,Bloque,8791,887,2026-05-07,15,jeudi,2026-05-07T15:04:01Z,principal,NA,Yopougon
AX_17,Clinique Fraternite (Bvd Fraternite),Yopougon,Plateau,5.349303,-4.021832,23.9,50,0.478,Congestionne,4855,463,2026-05-07,15,jeudi,2026-05-07T15:04:03Z,principal,NA,Yopougon
AX_18,Carrefour Jatak (Route de Dabou),Yopougon,Plateau,5.321877,-4.1035450000000004,26.3,90,0.292,Bloque,18601,1612,2026-05-07,15,jeudi,2026-05-07T15:04:04Z,principal,NA,Yopougon
AX_19,Lycee Bingerville (Route Bingerville),Bingerville,Cocody,5.357895,-3.890668,24.2,70,0.346,Congestionne,13218,1343,2026-05-07,15,jeudi,2026-05-07T15:04:05Z,principal,NA,Bingerville
AX_20,Rond-point Marcory (Bvd de la Paix),Marcory,Plateau,5.303988,-4.003239,18.1,50,0.362,Congestionne,4123,514,2026-05-07,15,jeudi,2026-05-07T15:04:07Z,principal,NA,Marcory
AX_01,Pont HKB (Henri Konan Bedie),Cocody/Marcory,Plateau,5.329775,-3.981814,15.7,80,0.196,Bloque,10854,1140,2026-05-07,16,jeudi,2026-05-07T16:05:15Z,principal,NA,Cocody
AX_02,Pont De Gaulle,Plateau/Treichville,Plateau,5.317516,-4.016406,11,60,0.183,Bloque,1224,176,2026-05-07,16,jeudi,2026-05-07T16:05:16Z,principal,NA,Plateau
AX_03,Pont Felix Houphouet-Boigny,Plateau/Treichville,Plateau,5.328028,-4.017425,14.3,60,0.238,Bloque,2414,269,2026-05-07,16,jeudi,2026-05-07T16:05:17Z,principal,NA,Plateau
AX_04,Boulevard VGE (Giscard d Estaing),Plateau/Port-Bouet,Plateau,5.284092,-3.960922,16.4,100,0.164,Bloque,9720,944,2026-05-07,16,jeudi,2026-05-07T16:05:19Z,principal,NA,Plateau
AX_05,5eme Pont acces Saint-Jean,Cocody/Plateau,Plateau,5.335149,-3.996117,16.9,80,0.211,Bloque,7035,685,2026-05-07,16,jeudi,2026-05-07T16:05:20Z,principal,NA,Cocody
AX_06,Marche Bellville (Bvd Marseille),Treichville,Plateau,5.30587,-3.998069,14.3,50,0.286,Bloque,6069,653,2026-05-07,16,jeudi,2026-05-07T16:05:21Z,principal,NA,Treichville
AX_07,Rond-point Treichville,Treichville,Plateau,5.307293,-4.011812,7,40,0.175,Bloque,2586,570,2026-05-07,16,jeudi,2026-05-07T16:05:23Z,principal,NA,Treichville
AX_08,Gare Lagunaire Bvd Lagunaire,Plateau/Treichville,Plateau,5.312868,-4.010077,13.4,60,0.223,Bloque,3992,475,2026-05-07,16,jeudi,2026-05-07T16:05:24Z,principal,NA,Plateau
AX_09,Carrefour de l Indenie (Adjame),Adjame,Plateau,5.341379,-4.020257,16.8,50,0.336,Congestionne,4314,408,2026-05-07,16,jeudi,2026-05-07T16:05:25Z,principal,NA,Adjamé
AX_10,Adjame Mosquee (Bvd Nangui Abrogoua),Adjame,Plateau,5.354097,-4.026506,19.9,55,0.362,Congestionne,5369,429,2026-05-07,16,jeudi,2026-05-07T16:05:27Z,principal,NA,Adjamé
AX_11,Echangeur de la Ferraille (Adjame),Adjame,Plateau,5.308686,-3.964053,11.7,50,0.234,Bloque,9501,1294,2026-05-07,16,jeudi,2026-05-07T16:05:28Z,principal,NA,Adjamé
AX_12,Feux Autoroute Nord entree Adjame,Adjame,Plateau,5.299899,-3.998254,11.9,100,0.119,Bloque,4252,566,2026-05-07,16,jeudi,2026-05-07T16:05:29Z,principal,NA,Adjamé
AX_13,Carrefour Universite (Cocody),Cocody,Cocody,5.334383,-3.938384,13.2,60,0.22,Bloque,8812,1103,2026-05-07,16,jeudi,2026-05-07T16:05:31Z,principal,NA,Cocody
AX_14,2 Plateaux Vallon (Bvd Mitterrand),Cocody,Cocody,5.362127,-3.98962,8.2,60,0.137,Bloque,1354,271,2026-05-07,16,jeudi,2026-05-07T16:05:32Z,principal,NA,Cocody
AX_15,Abobo Gare Mairie (Route Abobo),Abobo,Plateau,5.420996,-4.01901,24.4,90,0.271,Bloque,13296,917,2026-05-07,16,jeudi,2026-05-07T16:05:33Z,principal,NA,Abobo
AX_16,Gare Yopougon Autoroute Yopougon,Yopougon,Plateau,5.369048,-3.999911,16.3,100,0.163,Bloque,8791,887,2026-05-07,16,jeudi,2026-05-07T16:05:35Z,principal,NA,Yopougon
AX_17,Clinique Fraternite (Bvd Fraternite),Yopougon,Plateau,5.349303,-4.021832,17.3,50,0.346,Congestionne,4855,463,2026-05-07,16,jeudi,2026-05-07T16:05:36Z,principal,NA,Yopougon
AX_18,Carrefour Jatak (Route de Dabou),Yopougon,Plateau,5.321877,-4.1035450000000004,19,90,0.211,Bloque,18601,1612,2026-05-07,16,jeudi,2026-05-07T16:05:37Z,principal,NA,Yopougon
AX_19,Lycee Bingerville (Route Bingerville),Bingerville,Cocody,5.357895,-3.890668,17.5,70,0.25,Bloque,13218,1343,2026-05-07,16,jeudi,2026-05-07T16:05:39Z,principal,NA,Bingerville
AX_20,Rond-point Marcory (Bvd de la Paix),Marcory,Plateau,5.303988,-4.003239,13.1,50,0.262,Bloque,4123,514,2026-05-07,16,jeudi,2026-05-07T16:05:40Z,principal,NA,Marcory
AX_01,Pont HKB (Henri Konan Bedie),Cocody/Marcory,Plateau,5.329775,-3.981814,23.5,80,0.294,Bloque,10854,1140,2026-05-07,20,jeudi,2026-05-07T20:03:35Z,principal,NA,Cocody
AX_02,Pont De Gaulle,Plateau/Treichville,Plateau,5.317516,-4.016406,16.6,60,0.277,Bloque,1224,176,2026-05-07,20,jeudi,2026-05-07T20:03:36Z,principal,NA,Plateau
AX_03,Pont Felix Houphouet-Boigny,Plateau/Treichville,Plateau,5.328028,-4.017425,21.4,60,0.357,Congestionne,2414,269,2026-05-07,20,jeudi,2026-05-07T20:03:37Z,principal,NA,Plateau
AX_04,Boulevard VGE (Giscard d Estaing),Plateau/Port-Bouet,Plateau,5.284092,-3.960922,24.6,100,0.246,Bloque,9720,944,2026-05-07,20,jeudi,2026-05-07T20:03:38Z,principal,NA,Plateau
AX_05,5eme Pont acces Saint-Jean,Cocody/Plateau,Plateau,5.335149,-3.996117,25.4,80,0.318,Congestionne,7035,685,2026-05-07,20,jeudi,2026-05-07T20:03:39Z,principal,NA,Cocody
AX_06,Marche Bellville (Bvd Marseille),Treichville,Plateau,5.30587,-3.998069,21.4,50,0.428,Congestionne,6069,653,2026-05-07,20,jeudi,2026-05-07T20:03:40Z,principal,NA,Treichville
AX_07,Rond-point Treichville,Treichville,Plateau,5.307293,-4.011812,10.4,40,0.26,Bloque,2586,570,2026-05-07,20,jeudi,2026-05-07T20:03:42Z,principal,NA,Treichville
AX_08,Gare Lagunaire Bvd Lagunaire,Plateau/Treichville,Plateau,5.312868,-4.010077,20.1,60,0.335,Congestionne,3992,475,2026-05-07,20,jeudi,2026-05-07T20:03:43Z,principal,NA,Plateau
AX_09,Carrefour de l Indenie (Adjame),Adjame,Plateau,5.341379,-4.020257,25.3,50,0.506,Modere,4314,408,2026-05-07,20,jeudi,2026-05-07T20:03:44Z,principal,NA,Adjamé
AX_10,Adjame Mosquee (Bvd Nangui Abrogoua),Adjame,Plateau,5.354097,-4.026506,29.9,55,0.544,Modere,5369,429,2026-05-07,20,jeudi,2026-05-07T20:03:45Z,principal,NA,Adjamé
AX_11,Echangeur de la Ferraille (Adjame),Adjame,Plateau,5.308686,-3.964053,17.5,50,0.35,Congestionne,9501,1294,2026-05-07,20,jeudi,2026-05-07T20:03:46Z,principal,NA,Adjamé
AX_12,Feux Autoroute Nord entree Adjame,Adjame,Plateau,5.299899,-3.998254,17.9,100,0.179,Bloque,4252,566,2026-05-07,20,jeudi,2026-05-07T20:03:48Z,principal,NA,Adjamé
AX_13,Carrefour Universite (Cocody),Cocody,Cocody,5.334383,-3.938384,19.8,60,0.33,Congestionne,8812,1103,2026-05-07,20,jeudi,2026-05-07T20:03:49Z,principal,NA,Cocody
AX_14,2 Plateaux Vallon (Bvd Mitterrand),Cocody,Cocody,5.362127,-3.98962,12.4,60,0.207,Bloque,1354,271,2026-05-07,20,jeudi,2026-05-07T20:03:50Z,principal,NA,Cocody
AX_15,Abobo Gare Mairie (Route Abobo),Abobo,Plateau,5.420996,-4.01901,36.6,90,0.407,Congestionne,13296,917,2026-05-07,20,jeudi,2026-05-07T20:03:51Z,principal,NA,Abobo
AX_16,Gare Yopougon Autoroute Yopougon,Yopougon,Plateau,5.369048,-3.999911,24.5,100,0.245,Bloque,8791,887,2026-05-07,20,jeudi,2026-05-07T20:03:52Z,principal,NA,Yopougon
AX_17,Clinique Fraternite (Bvd Fraternite),Yopougon,Plateau,5.349303,-4.021832,25.9,50,0.518,Modere,4855,463,2026-05-07,20,jeudi,2026-05-07T20:03:54Z,principal,NA,Yopougon
AX_18,Carrefour Jatak (Route de Dabou),Yopougon,Plateau,5.321877,-4.1035450000000004,28.5,90,0.317,Congestionne,18601,1612,2026-05-07,20,jeudi,2026-05-07T20:03:55Z,principal,NA,Yopougon
AX_19,Lycee Bingerville (Route Bingerville),Bingerville,Cocody,5.357895,-3.890668,26.2,70,0.374,Congestionne,13218,1343,2026-05-07,20,jeudi,2026-05-07T20:03:56Z,principal,NA,Bingerville
AX_20,Rond-point Marcory (Bvd de la Paix),Marcory,Plateau,5.303988,-4.003239,19.6,50,0.392,Congestionne,4123,514,2026-05-07,20,jeudi,2026-05-07T20:03:57Z,principal,NA,Marcory
AX_01,Pont HKB (Henri Konan Bedie),Cocody/Marcory,Plateau,5.329775,-3.981814,24.1,80,0.301,Congestionne,10854,1140,2026-05-09,11,samedi,2026-05-09T11:58:45Z,principal,NA,Cocody
AX_02,Pont De Gaulle,Plateau/Treichville,Plateau,5.317516,-4.016406,17,60,0.283,Bloque,1224,176,2026-05-09,11,samedi,2026-05-09T11:58:47Z,principal,NA,Plateau
AX_03,Pont Felix Houphouet-Boigny,Plateau/Treichville,Plateau,5.328028,-4.017425,22,60,0.367,Congestionne,2414,269,2026-05-09,11,samedi,2026-05-09T11:58:48Z,principal,NA,Plateau
AX_04,Boulevard VGE (Giscard d Estaing),Plateau/Port-Bouet,Plateau,5.284092,-3.960922,25.2,100,0.252,Bloque,9720,944,2026-05-09,11,samedi,2026-05-09T11:58:49Z,principal,NA,Plateau
AX_05,5eme Pont acces Saint-Jean,Cocody/Plateau,Plateau,5.335149,-3.996117,26,80,0.325,Congestionne,7035,685,2026-05-09,11,samedi,2026-05-09T11:58:50Z,principal,NA,Cocody
AX_06,Marche Bellville (Bvd Marseille),Treichville,Plateau,5.30587,-3.998069,22,50,0.44,Congestionne,6069,653,2026-05-09,11,samedi,2026-05-09T11:58:51Z,principal,NA,Treichville
AX_07,Rond-point Treichville,Treichville,Plateau,5.307293,-4.011812,10.7,40,0.267,Bloque,2586,570,2026-05-09,11,samedi,2026-05-09T11:58:53Z,principal,NA,Treichville
AX_08,Gare Lagunaire Bvd Lagunaire,Plateau/Treichville,Plateau,5.312868,-4.010077,20.6,60,0.343,Congestionne,3992,475,2026-05-09,11,samedi,2026-05-09T11:58:54Z,principal,NA,Plateau
AX_09,Carrefour de l Indenie (Adjame),Adjame,Plateau,5.341379,-4.020257,25.9,50,0.518,Modere,4314,408,2026-05-09,11,samedi,2026-05-09T11:58:55Z,principal,NA,Adjamé
AX_10,Adjame Mosquee (Bvd Nangui Abrogoua),Adjame,Plateau,5.354097,-4.026506,30.7,55,0.558,Modere,5369,429,2026-05-09,11,samedi,2026-05-09T11:58:56Z,principal,NA,Adjamé
AX_11,Echangeur de la Ferraille (Adjame),Adjame,Plateau,5.308686,-3.964053,18,50,0.36,Congestionne,9501,1294,2026-05-09,11,samedi,2026-05-09T11:58:57Z,principal,NA,Adjamé
AX_12,Feux Autoroute Nord entree Adjame,Adjame,Plateau,5.299899,-3.998254,18.4,100,0.184,Bloque,4252,566,2026-05-09,11,samedi,2026-05-09T11:58:59Z,principal,NA,Adjamé
AX_13,Carrefour Universite (Cocody),Cocody,Cocody,5.334383,-3.938384,20.3,60,0.338,Congestionne,8812,1103,2026-05-09,11,samedi,2026-05-09T11:59:00Z,principal,NA,Cocody
AX_14,2 Plateaux Vallon (Bvd Mitterrand),Cocody,Cocody,5.362127,-3.98962,12.7,60,0.212,Bloque,1354,271,2026-05-09,11,samedi,2026-05-09T11:59:01Z,principal,NA,Cocody
AX_15,Abobo Gare Mairie (Route Abobo),Abobo,Plateau,5.420996,-4.01901,37.6,90,0.418,Congestionne,13296,917,2026-05-09,11,samedi,2026-05-09T11:59:02Z,principal,NA,Abobo
AX_16,Gare Yopougon Autoroute Yopougon,Yopougon,Plateau,5.369048,-3.999911,25.1,100,0.251,Bloque,8791,887,2026-05-09,11,samedi,2026-05-09T11:59:03Z,principal,NA,Yopougon
AX_17,Clinique Fraternite (Bvd Fraternite),Yopougon,Plateau,5.349303,-4.021832,26.5,50,0.53,Modere,4855,463,2026-05-09,11,samedi,2026-05-09T11:59:05Z,principal,NA,Yopougon
AX_18,Carrefour Jatak (Route de Dabou),Yopougon,Plateau,5.321877,-4.1035450000000004,29.2,90,0.324,Congestionne,18601,1612,2026-05-09,11,samedi,2026-05-09T11:59:06Z,principal,NA,Yopougon
AX_19,Lycee Bingerville (Route Bingerville),Bingerville,Cocody,5.357895,-3.890668,26.9,70,0.384,Congestionne,13218,1343,2026-05-09,11,samedi,2026-05-09T11:59:07Z,principal,NA,Bingerville
AX_20,Rond-point Marcory (Bvd de la Paix),Marcory,Plateau,5.303988,-4.003239,20.1,50,0.402,Congestionne,4123,514,2026-05-09,11,samedi,2026-05-09T11:59:08Z,principal,NA,Marcory
AX_01,Pont HKB (Henri Konan Bedie),Cocody/Marcory,Plateau,5.329775,-3.981814,20.5,80,0.256,Bloque,10854,1140,2026-05-09,12,samedi,2026-05-09T12:29:38Z,principal,NA,Cocody
AX_02,Pont De Gaulle,Plateau/Treichville,Plateau,5.317516,-4.016406,14.4,60,0.24,Bloque,1224,176,2026-05-09,12,samedi,2026-05-09T12:29:39Z,principal,NA,Plateau
AX_03,Pont Felix Houphouet-Boigny,Plateau/Treichville,Plateau,5.328028,-4.017425,18.7,60,0.312,Congestionne,2414,269,2026-05-09,12,samedi,2026-05-09T12:29:41Z,principal,NA,Plateau
AX_04,Boulevard VGE (Giscard d Estaing),Plateau/Port-Bouet,Plateau,5.284092,-3.960922,21.4,100,0.214,Bloque,9720,944,2026-05-09,12,samedi,2026-05-09T12:29:42Z,principal,NA,Plateau
AX_05,5eme Pont acces Saint-Jean,Cocody/Plateau,Plateau,5.335149,-3.996117,22.1,80,0.276,Bloque,7035,685,2026-05-09,12,samedi,2026-05-09T12:29:43Z,principal,NA,Cocody
AX_06,Marche Bellville (Bvd Marseille),Treichville,Plateau,5.30587,-3.998069,18.7,50,0.374,Congestionne,6069,653,2026-05-09,12,samedi,2026-05-09T12:29:44Z,principal,NA,Treichville
AX_07,Rond-point Treichville,Treichville,Plateau,5.307293,-4.011812,9.1,40,0.227,Bloque,2586,570,2026-05-09,12,samedi,2026-05-09T12:29:45Z,principal,NA,Treichville
AX_08,Gare Lagunaire Bvd Lagunaire,Plateau/Treichville,Plateau,5.312868,-4.010077,17.5,60,0.292,Bloque,3992,475,2026-05-09,12,samedi,2026-05-09T12:29:47Z,principal,NA,Plateau
AX_09,Carrefour de l Indenie (Adjame),Adjame,Plateau,5.341379,-4.020257,22,50,0.44,Congestionne,4314,408,2026-05-09,12,samedi,2026-05-09T12:29:48Z,principal,NA,Adjamé
AX_10,Adjame Mosquee (Bvd Nangui Abrogoua),Adjame,Plateau,5.354097,-4.026506,26.1,55,0.475,Congestionne,5369,429,2026-05-09,12,samedi,2026-05-09T12:29:49Z,principal,NA,Adjamé
AX_11,Echangeur de la Ferraille (Adjame),Adjame,Plateau,5.308686,-3.964053,15.3,50,0.306,Congestionne,9501,1294,2026-05-09,12,samedi,2026-05-09T12:29:50Z,principal,NA,Adjamé
AX_12,Feux Autoroute Nord entree Adjame,Adjame,Plateau,5.299899,-3.998254,15.6,100,0.156,Bloque,4252,566,2026-05-09,12,samedi,2026-05-09T12:29:51Z,principal,NA,Adjamé
AX_13,Carrefour Universite (Cocody),Cocody,Cocody,5.334383,-3.938384,17.2,60,0.287,Bloque,8812,1103,2026-05-09,12,samedi,2026-05-09T12:29:53Z,principal,NA,Cocody
AX_14,2 Plateaux Vallon (Bvd Mitterrand),Cocody,Cocody,5.362127,-3.98962,10.8,60,0.18,Bloque,1354,271,2026-05-09,12,samedi,2026-05-09T12:29:54Z,principal,NA,Cocody
AX_15,Abobo Gare Mairie (Route Abobo),Abobo,Plateau,5.420996,-4.01901,31.9,90,0.354,Congestionne,13296,917,2026-05-09,12,samedi,2026-05-09T12:29:55Z,principal,NA,Abobo
AX_16,Gare Yopougon Autoroute Yopougon,Yopougon,Plateau,5.369048,-3.999911,21.4,100,0.214,Bloque,8791,887,2026-05-09,12,samedi,2026-05-09T12:29:56Z,principal,NA,Yopougon
AX_17,Clinique Fraternite (Bvd Fraternite),Yopougon,Plateau,5.349303,-4.021832,22.6,50,0.452,Congestionne,4855,463,2026-05-09,12,samedi,2026-05-09T12:29:57Z,principal,NA,Yopougon
AX_18,Carrefour Jatak (Route de Dabou),Yopougon,Plateau,5.321877,-4.1035450000000004,24.8,90,0.276,Bloque,18601,1612,2026-05-09,12,samedi,2026-05-09T12:29:59Z,principal,NA,Yopougon
AX_19,Lycee Bingerville (Route Bingerville),Bingerville,Cocody,5.357895,-3.890668,22.9,70,0.327,Congestionne,13218,1343,2026-05-09,12,samedi,2026-05-09T12:30:00Z,principal,NA,Bingerville
AX_20,Rond-point Marcory (Bvd de la Paix),Marcory,Plateau,5.303988,-4.003239,17.1,50,0.342,Congestionne,4123,514,2026-05-09,12,samedi,2026-05-09T12:30:01Z,principal,NA,Marcory
AX_01,Pont HKB (Henri Konan Bedie),Cocody/Marcory,Plateau,5.329775,-3.981814,23.5,80,0.294,Bloque,10854,1140,2026-05-09,13,samedi,2026-05-09T13:00:30Z,principal,NA,Cocody
AX_02,Pont De Gaulle,Plateau/Treichville,Plateau,5.317516,-4.016406,16.6,60,0.277,Bloque,1224,176,2026-05-09,13,samedi,2026-05-09T13:00:32Z,principal,NA,Plateau
AX_03,Pont Felix Houphouet-Boigny,Plateau/Treichville,Plateau,5.328028,-4.017425,21.4,60,0.357,Congestionne,2414,269,2026-05-09,13,samedi,2026-05-09T13:00:34Z,principal,NA,Plateau
AX_04,Boulevard VGE (Giscard d Estaing),Plateau/Port-Bouet,Plateau,5.284092,-3.960922,24.6,100,0.246,Bloque,9720,944,2026-05-09,13,samedi,2026-05-09T13:00:35Z,principal,NA,Plateau
AX_05,5eme Pont acces Saint-Jean,Cocody/Plateau,Plateau,5.335149,-3.996117,25.4,80,0.318,Congestionne,7035,685,2026-05-09,13,samedi,2026-05-09T13:00:37Z,principal,NA,Cocody
AX_06,Marche Bellville (Bvd Marseille),Treichville,Plateau,5.30587,-3.998069,21.4,50,0.428,Congestionne,6069,653,2026-05-09,13,samedi,2026-05-09T13:00:39Z,principal,NA,Treichville
AX_07,Rond-point Treichville,Treichville,Plateau,5.307293,-4.011812,10.4,40,0.26,Bloque,2586,570,2026-05-09,13,samedi,2026-05-09T13:00:41Z,principal,NA,Treichville
AX_08,Gare Lagunaire Bvd Lagunaire,Plateau/Treichville,Plateau,5.312868,-4.010077,20.1,60,0.335,Congestionne,3992,475,2026-05-09,13,samedi,2026-05-09T13:00:43Z,principal,NA,Plateau
AX_09,Carrefour de l Indenie (Adjame),Adjame,Plateau,5.341379,-4.020257,25.3,50,0.506,Modere,4314,408,2026-05-09,13,samedi,2026-05-09T13:00:44Z,principal,NA,Adjamé
AX_10,Adjame Mosquee (Bvd Nangui Abrogoua),Adjame,Plateau,5.354097,-4.026506,29.9,55,0.544,Modere,5369,429,2026-05-09,13,samedi,2026-05-09T13:00:46Z,principal,NA,Adjamé
AX_11,Echangeur de la Ferraille (Adjame),Adjame,Plateau,5.308686,-3.964053,17.5,50,0.35,Congestionne,9501,1294,2026-05-09,13,samedi,2026-05-09T13:00:48Z,principal,NA,Adjamé
AX_12,Feux Autoroute Nord entree Adjame,Adjame,Plateau,5.299899,-3.998254,17.9,100,0.179,Bloque,4252,566,2026-05-09,13,samedi,2026-05-09T13:00:50Z,principal,NA,Adjamé
AX_13,Carrefour Universite (Cocody),Cocody,Cocody,5.334383,-3.938384,19.8,60,0.33,Congestionne,8812,1103,2026-05-09,13,samedi,2026-05-09T13:00:51Z,principal,NA,Cocody
AX_14,2 Plateaux Vallon (Bvd Mitterrand),Cocody,Cocody,5.362127,-3.98962,12.4,60,0.207,Bloque,1354,271,2026-05-09,13,samedi,2026-05-09T13:00:53Z,principal,NA,Cocody
AX_15,Abobo Gare Mairie (Route Abobo),Abobo,Plateau,5.420996,-4.01901,36.6,90,0.407,Congestionne,13296,917,2026-05-09,13,samedi,2026-05-09T13:00:55Z,principal,NA,Abobo
AX_16,Gare Yopougon Autoroute Yopougon,Yopougon,Plateau,5.369048,-3.999911,24.5,100,0.245,Bloque,8791,887,2026-05-09,13,samedi,2026-05-09T13:00:57Z,principal,NA,Yopougon
AX_17,Clinique Fraternite (Bvd Fraternite),Yopougon,Plateau,5.349303,-4.021832,25.9,50,0.518,Modere,4855,463,2026-05-09,13,samedi,2026-05-09T13:00:58Z,principal,NA,Yopougon
AX_18,Carrefour Jatak (Route de Dabou),Yopougon,Plateau,5.321877,-4.1035450000000004,28.5,90,0.317,Congestionne,18601,1612,2026-05-09,13,samedi,2026-05-09T13:01:00Z,principal,NA,Yopougon
AX_19,Lycee Bingerville (Route Bingerville),Bingerville,Cocody,5.357895,-3.890668,26.2,70,0.374,Congestionne,13218,1343,2026-05-09,13,samedi,2026-05-09T13:01:02Z,principal,NA,Bingerville
AX_20,Rond-point Marcory (Bvd de la Paix),Marcory,Plateau,5.303988,-4.003239,19.6,50,0.392,Congestionne,4123,514,2026-05-09,13,samedi,2026-05-09T13:01:04Z,principal,NA,Marcory
AX_01,Pont HKB (Henri Konan Bedie),Cocody/Marcory,Plateau,5.329775,-3.981814,24.8,80,0.31,Congestionne,10854,1140,2026-05-09,14,samedi,2026-05-09T14:02:15Z,principal,NA,Cocody
AX_02,Pont De Gaulle,Plateau/Treichville,Plateau,5.317516,-4.016406,17.4,60,0.29,Bloque,1224,176,2026-05-09,14,samedi,2026-05-09T14:02:16Z,principal,NA,Plateau
AX_03,Pont Felix Houphouet-Boigny,Plateau/Treichville,Plateau,5.328028,-4.017425,22.5,60,0.375,Congestionne,2414,269,2026-05-09,14,samedi,2026-05-09T14:02:17Z,principal,NA,Plateau
AX_04,Boulevard VGE (Giscard d Estaing),Plateau/Port-Bouet,Plateau,5.284092,-3.960922,25.9,100,0.259,Bloque,9720,944,2026-05-09,14,samedi,2026-05-09T14:02:19Z,principal,NA,Plateau
AX_05,5eme Pont acces Saint-Jean,Cocody/Plateau,Plateau,5.335149,-3.996117,26.7,80,0.334,Congestionne,7035,685,2026-05-09,14,samedi,2026-05-09T14:02:20Z,principal,NA,Cocody
AX_06,Marche Bellville (Bvd Marseille),Treichville,Plateau,5.30587,-3.998069,22.5,50,0.45,Congestionne,6069,653,2026-05-09,14,samedi,2026-05-09T14:02:21Z,principal,NA,Treichville
AX_07,Rond-point Treichville,Treichville,Plateau,5.307293,-4.011812,11,40,0.275,Bloque,2586,570,2026-05-09,14,samedi,2026-05-09T14:02:22Z,principal,NA,Treichville
AX_08,Gare Lagunaire Bvd Lagunaire,Plateau/Treichville,Plateau,5.312868,-4.010077,21.1,60,0.352,Congestionne,3992,475,2026-05-09,14,samedi,2026-05-09T14:02:23Z,principal,NA,Plateau
AX_09,Carrefour de l Indenie (Adjame),Adjame,Plateau,5.341379,-4.020257,26.6,50,0.532,Modere,4314,408,2026-05-09,14,samedi,2026-05-09T14:02:25Z,principal,NA,Adjamé
AX_10,Adjame Mosquee (Bvd Nangui Abrogoua),Adjame,Plateau,5.354097,-4.026506,31.4,55,0.571,Modere,5369,429,2026-05-09,14,samedi,2026-05-09T14:02:26Z,principal,NA,Adjamé
AX_11,Echangeur de la Ferraille (Adjame),Adjame,Plateau,5.308686,-3.964053,18.4,50,0.368,Congestionne,9501,1294,2026-05-09,14,samedi,2026-05-09T14:02:27Z,principal,NA,Adjamé
AX_12,Feux Autoroute Nord entree Adjame,Adjame,Plateau,5.299899,-3.998254,18.8,100,0.188,Bloque,4252,566,2026-05-09,14,samedi,2026-05-09T14:02:28Z,principal,NA,Adjamé
AX_13,Carrefour Universite (Cocody),Cocody,Cocody,5.334383,-3.938384,20.8,60,0.347,Congestionne,8812,1103,2026-05-09,14,samedi,2026-05-09T14:02:29Z,principal,NA,Cocody
AX_14,2 Plateaux Vallon (Bvd Mitterrand),Cocody,Cocody,5.362127,-3.98962,13,60,0.217,Bloque,1354,271,2026-05-09,14,samedi,2026-05-09T14:02:31Z,principal,NA,Cocody
AX_15,Abobo Gare Mairie (Route Abobo),Abobo,Plateau,5.420996,-4.01901,38.5,90,0.428,Congestionne,13296,917,2026-05-09,14,samedi,2026-05-09T14:02:32Z,principal,NA,Abobo
AX_16,Gare Yopougon Autoroute Yopougon,Yopougon,Plateau,5.369048,-3.999911,25.8,100,0.258,Bloque,8791,887,2026-05-09,14,samedi,2026-05-09T14:02:33Z,principal,NA,Yopougon
AX_17,Clinique Fraternite (Bvd Fraternite),Yopougon,Plateau,5.349303,-4.021832,27.2,50,0.544,Modere,4855,463,2026-05-09,14,samedi,2026-05-09T14:02:34Z,principal,NA,Yopougon
AX_18,Carrefour Jatak (Route de Dabou),Yopougon,Plateau,5.321877,-4.1035450000000004,29.9,90,0.332,Congestionne,18601,1612,2026-05-09,14,samedi,2026-05-09T14:02:36Z,principal,NA,Yopougon
AX_19,Lycee Bingerville (Route Bingerville),Bingerville,Cocody,5.357895,-3.890668,27.6,70,0.394,Congestionne,13218,1343,2026-05-09,14,samedi,2026-05-09T14:02:37Z,principal,NA,Bingerville
AX_20,Rond-point Marcory (Bvd de la Paix),Marcory,Plateau,5.303988,-4.003239,20.6,50,0.412,Congestionne,4123,514,2026-05-09,14,samedi,2026-05-09T14:02:38Z,principal,NA,Marcory
AX_01,Pont HKB (Henri Konan Bedie),Cocody/Marcory,Plateau,5.329775,-3.981814,21.7,80,0.271,Bloque,10854,1140,2026-05-09,15,samedi,2026-05-09T15:04:23Z,principal,NA,Cocody
AX_02,Pont De Gaulle,Plateau/Treichville,Plateau,5.317516,-4.016406,15.3,60,0.255,Bloque,1224,176,2026-05-09,15,samedi,2026-05-09T15:04:24Z,principal,NA,Plateau
AX_03,Pont Felix Houphouet-Boigny,Plateau/Treichville,Plateau,5.328028,-4.017425,19.8,60,0.33,Congestionne,2414,269,2026-05-09,15,samedi,2026-05-09T15:04:26Z,principal,NA,Plateau
AX_04,Boulevard VGE (Giscard d Estaing),Plateau/Port-Bouet,Plateau,5.284092,-3.960922,22.7,100,0.227,Bloque,9720,944,2026-05-09,15,samedi,2026-05-09T15:04:27Z,principal,NA,Plateau
AX_05,5eme Pont acces Saint-Jean,Cocody/Plateau,Plateau,5.335149,-3.996117,23.4,80,0.292,Bloque,7035,685,2026-05-09,15,samedi,2026-05-09T15:04:28Z,principal,NA,Cocody
AX_06,Marche Bellville (Bvd Marseille),Treichville,Plateau,5.30587,-3.998069,19.8,50,0.396,Congestionne,6069,653,2026-05-09,15,samedi,2026-05-09T15:04:29Z,principal,NA,Treichville
AX_07,Rond-point Treichville,Treichville,Plateau,5.307293,-4.011812,9.6,40,0.24,Bloque,2586,570,2026-05-09,15,samedi,2026-05-09T15:04:30Z,principal,NA,Treichville
AX_08,Gare Lagunaire Bvd Lagunaire,Plateau/Treichville,Plateau,5.312868,-4.010077,18.5,60,0.308,Congestionne,3992,475,2026-05-09,15,samedi,2026-05-09T15:04:32Z,principal,NA,Plateau
AX_09,Carrefour de l Indenie (Adjame),Adjame,Plateau,5.341379,-4.020257,23.3,50,0.466,Congestionne,4314,408,2026-05-09,15,samedi,2026-05-09T15:04:33Z,principal,NA,Adjamé
AX_10,Adjame Mosquee (Bvd Nangui Abrogoua),Adjame,Plateau,5.354097,-4.026506,27.6,55,0.502,Modere,5369,429,2026-05-09,15,samedi,2026-05-09T15:04:34Z,principal,NA,Adjamé
AX_11,Echangeur de la Ferraille (Adjame),Adjame,Plateau,5.308686,-3.964053,16.2,50,0.324,Congestionne,9501,1294,2026-05-09,15,samedi,2026-05-09T15:04:35Z,principal,NA,Adjamé
AX_12,Feux Autoroute Nord entree Adjame,Adjame,Plateau,5.299899,-3.998254,16.5,100,0.165,Bloque,4252,566,2026-05-09,15,samedi,2026-05-09T15:04:36Z,principal,NA,Adjamé
AX_13,Carrefour Universite (Cocody),Cocody,Cocody,5.334383,-3.938384,18.2,60,0.303,Congestionne,8812,1103,2026-05-09,15,samedi,2026-05-09T15:04:38Z,principal,NA,Cocody
AX_14,2 Plateaux Vallon (Bvd Mitterrand),Cocody,Cocody,5.362127,-3.98962,11.4,60,0.19,Bloque,1354,271,2026-05-09,15,samedi,2026-05-09T15:04:39Z,principal,NA,Cocody
AX_15,Abobo Gare Mairie (Route Abobo),Abobo,Plateau,5.420996,-4.01901,33.8,90,0.376,Congestionne,13296,917,2026-05-09,15,samedi,2026-05-09T15:04:40Z,principal,NA,Abobo
AX_16,Gare Yopougon Autoroute Yopougon,Yopougon,Plateau,5.369048,-3.999911,22.6,100,0.226,Bloque,8791,887,2026-05-09,15,samedi,2026-05-09T15:04:41Z,principal,NA,Yopougon
AX_17,Clinique Fraternite (Bvd Fraternite),Yopougon,Plateau,5.349303,-4.021832,23.9,50,0.478,Congestionne,4855,463,2026-05-09,15,samedi,2026-05-09T15:04:42Z,principal,NA,Yopougon
AX_18,Carrefour Jatak (Route de Dabou),Yopougon,Plateau,5.321877,-4.1035450000000004,26.3,90,0.292,Bloque,18601,1612,2026-05-09,15,samedi,2026-05-09T15:04:44Z,principal,NA,Yopougon
AX_19,Lycee Bingerville (Route Bingerville),Bingerville,Cocody,5.357895,-3.890668,24.2,70,0.346,Congestionne,13218,1343,2026-05-09,15,samedi,2026-05-09T15:04:45Z,principal,NA,Bingerville
AX_20,Rond-point Marcory (Bvd de la Paix),Marcory,Plateau,5.303988,-4.003239,18.1,50,0.362,Congestionne,4123,514,2026-05-09,15,samedi,2026-05-09T15:04:46Z,principal,NA,Marcory
AX_01,Pont HKB (Henri Konan Bedie),Cocody/Marcory,Plateau,5.329775,-3.981814,15.7,80,0.196,Bloque,10854,1140,2026-05-09,16,samedi,2026-05-09T16:06:14Z,principal,NA,Cocody
AX_02,Pont De Gaulle,Plateau/Treichville,Plateau,5.317516,-4.016406,11,60,0.183,Bloque,1224,176,2026-05-09,16,samedi,2026-05-09T16:06:15Z,principal,NA,Plateau
AX_03,Pont Felix Houphouet-Boigny,Plateau/Treichville,Plateau,5.328028,-4.017425,14.3,60,0.238,Bloque,2414,269,2026-05-09,16,samedi,2026-05-09T16:06:16Z,principal,NA,Plateau
AX_04,Boulevard VGE (Giscard d Estaing),Plateau/Port-Bouet,Plateau,5.284092,-3.960922,16.4,100,0.164,Bloque,9720,944,2026-05-09,16,samedi,2026-05-09T16:06:18Z,principal,NA,Plateau
AX_05,5eme Pont acces Saint-Jean,Cocody/Plateau,Plateau,5.335149,-3.996117,16.9,80,0.211,Bloque,7035,685,2026-05-09,16,samedi,2026-05-09T16:06:19Z,principal,NA,Cocody
AX_06,Marche Bellville (Bvd Marseille),Treichville,Plateau,5.30587,-3.998069,14.3,50,0.286,Bloque,6069,653,2026-05-09,16,samedi,2026-05-09T16:06:20Z,principal,NA,Treichville
AX_07,Rond-point Treichville,Treichville,Plateau,5.307293,-4.011812,7,40,0.175,Bloque,2586,570,2026-05-09,16,samedi,2026-05-09T16:06:21Z,principal,NA,Treichville
AX_08,Gare Lagunaire Bvd Lagunaire,Plateau/Treichville,Plateau,5.312868,-4.010077,13.4,60,0.223,Bloque,3992,475,2026-05-09,16,samedi,2026-05-09T16:06:22Z,principal,NA,Plateau
AX_09,Carrefour de l Indenie (Adjame),Adjame,Plateau,5.341379,-4.020257,16.8,50,0.336,Congestionne,4314,408,2026-05-09,16,samedi,2026-05-09T16:06:24Z,principal,NA,Adjamé
AX_10,Adjame Mosquee (Bvd Nangui Abrogoua),Adjame,Plateau,5.354097,-4.026506,19.9,55,0.362,Congestionne,5369,429,2026-05-09,16,samedi,2026-05-09T16:06:25Z,principal,NA,Adjamé
AX_11,Echangeur de la Ferraille (Adjame),Adjame,Plateau,5.308686,-3.964053,11.7,50,0.234,Bloque,9501,1294,2026-05-09,16,samedi,2026-05-09T16:06:26Z,principal,NA,Adjamé
AX_12,Feux Autoroute Nord entree Adjame,Adjame,Plateau,5.299899,-3.998254,11.9,100,0.119,Bloque,4252,566,2026-05-09,16,samedi,2026-05-09T16:06:27Z,principal,NA,Adjamé
AX_13,Carrefour Universite (Cocody),Cocody,Cocody,5.334383,-3.938384,13.2,60,0.22,Bloque,8812,1103,2026-05-09,16,samedi,2026-05-09T16:06:29Z,principal,NA,Cocody
AX_14,2 Plateaux Vallon (Bvd Mitterrand),Cocody,Cocody,5.362127,-3.98962,8.2,60,0.137,Bloque,1354,271,2026-05-09,16,samedi,2026-05-09T16:06:30Z,principal,NA,Cocody
AX_15,Abobo Gare Mairie (Route Abobo),Abobo,Plateau,5.420996,-4.01901,24.4,90,0.271,Bloque,13296,917,2026-05-09,16,samedi,2026-05-09T16:06:31Z,principal,NA,Abobo
AX_16,Gare Yopougon Autoroute Yopougon,Yopougon,Plateau,5.369048,-3.999911,16.3,100,0.163,Bloque,8791,887,2026-05-09,16,samedi,2026-05-09T16:06:32Z,principal,NA,Yopougon
AX_17,Clinique Fraternite (Bvd Fraternite),Yopougon,Plateau,5.349303,-4.021832,17.3,50,0.346,Congestionne,4855,463,2026-05-09,16,samedi,2026-05-09T16:06:33Z,principal,NA,Yopougon
AX_18,Carrefour Jatak (Route de Dabou),Yopougon,Plateau,5.321877,-4.1035450000000004,19,90,0.211,Bloque,18601,1612,2026-05-09,16,samedi,2026-05-09T16:06:35Z,principal,NA,Yopougon
AX_19,Lycee Bingerville (Route Bingerville),Bingerville,Cocody,5.357895,-3.890668,17.5,70,0.25,Bloque,13218,1343,2026-05-09,16,samedi,2026-05-09T16:06:36Z,principal,NA,Bingerville
AX_20,Rond-point Marcory (Bvd de la Paix),Marcory,Plateau,5.303988,-4.003239,13.1,50,0.262,Bloque,4123,514,2026-05-09,16,samedi,2026-05-09T16:06:37Z,principal,NA,Marcory
AX_01,Pont HKB (Henri Konan Bedie),Cocody/Marcory,Plateau,5.329775,-3.981814,11.5,80,0.144,Bloque,10854,1140,2026-05-09,17,samedi,2026-05-09T17:08:01Z,principal,NA,Cocody
AX_02,Pont De Gaulle,Plateau/Treichville,Plateau,5.317516,-4.016406,8.1,60,0.135,Bloque,1224,176,2026-05-09,17,samedi,2026-05-09T17:08:03Z,principal,NA,Plateau
AX_03,Pont Felix Houphouet-Boigny,Plateau/Treichville,Plateau,5.328028,-4.017425,10.4,60,0.173,Bloque,2414,269,2026-05-09,17,samedi,2026-05-09T17:08:04Z,principal,NA,Plateau
AX_04,Boulevard VGE (Giscard d Estaing),Plateau/Port-Bouet,Plateau,5.284092,-3.960922,12,100,0.12,Bloque,9720,944,2026-05-09,17,samedi,2026-05-09T17:08:05Z,principal,NA,Plateau
AX_05,5eme Pont acces Saint-Jean,Cocody/Plateau,Plateau,5.335149,-3.996117,12.4,80,0.155,Bloque,7035,685,2026-05-09,17,samedi,2026-05-09T17:08:06Z,principal,NA,Cocody
AX_06,Marche Bellville (Bvd Marseille),Treichville,Plateau,5.30587,-3.998069,10.4,50,0.208,Bloque,6069,653,2026-05-09,17,samedi,2026-05-09T17:08:07Z,principal,NA,Treichville
AX_07,Rond-point Treichville,Treichville,Plateau,5.307293,-4.011812,5.1,40,0.128,Bloque,2586,570,2026-05-09,17,samedi,2026-05-09T17:08:09Z,principal,NA,Treichville
AX_08,Gare Lagunaire Bvd Lagunaire,Plateau/Treichville,Plateau,5.312868,-4.010077,9.8,60,0.163,Bloque,3992,475,2026-05-09,17,samedi,2026-05-09T17:08:10Z,principal,NA,Plateau
AX_09,Carrefour de l Indenie (Adjame),Adjame,Plateau,5.341379,-4.020257,12.3,50,0.246,Bloque,4314,408,2026-05-09,17,samedi,2026-05-09T17:08:11Z,principal,NA,Adjamé
AX_10,Adjame Mosquee (Bvd Nangui Abrogoua),Adjame,Plateau,5.354097,-4.026506,14.6,55,0.265,Bloque,5369,429,2026-05-09,17,samedi,2026-05-09T17:08:12Z,principal,NA,Adjamé
AX_11,Echangeur de la Ferraille (Adjame),Adjame,Plateau,5.308686,-3.964053,8.5,50,0.17,Bloque,9501,1294,2026-05-09,17,samedi,2026-05-09T17:08:13Z,principal,NA,Adjamé
AX_12,Feux Autoroute Nord entree Adjame,Adjame,Plateau,5.299899,-3.998254,8.7,100,0.087,Bloque,4252,566,2026-05-09,17,samedi,2026-05-09T17:08:15Z,principal,NA,Adjamé
AX_13,Carrefour Universite (Cocody),Cocody,Cocody,5.334383,-3.938384,9.6,60,0.16,Bloque,8812,1103,2026-05-09,17,samedi,2026-05-09T17:08:16Z,principal,NA,Cocody
AX_14,2 Plateaux Vallon (Bvd Mitterrand),Cocody,Cocody,5.362127,-3.98962,6,60,0.1,Bloque,1354,271,2026-05-09,17,samedi,2026-05-09T17:08:17Z,principal,NA,Cocody
AX_15,Abobo Gare Mairie (Route Abobo),Abobo,Plateau,5.420996,-4.01901,17.9,90,0.199,Bloque,13296,917,2026-05-09,17,samedi,2026-05-09T17:08:18Z,principal,NA,Abobo
AX_16,Gare Yopougon Autoroute Yopougon,Yopougon,Plateau,5.369048,-3.999911,11.9,100,0.119,Bloque,8791,887,2026-05-09,17,samedi,2026-05-09T17:08:20Z,principal,NA,Yopougon
AX_17,Clinique Fraternite (Bvd Fraternite),Yopougon,Plateau,5.349303,-4.021832,12.6,50,0.252,Bloque,4855,463,2026-05-09,17,samedi,2026-05-09T17:08:21Z,principal,NA,Yopougon
AX_18,Carrefour Jatak (Route de Dabou),Yopougon,Plateau,5.321877,-4.1035450000000004,13.9,90,0.154,Bloque,18601,1612,2026-05-09,17,samedi,2026-05-09T17:08:22Z,principal,NA,Yopougon
AX_19,Lycee Bingerville (Route Bingerville),Bingerville,Cocody,5.357895,-3.890668,12.8,70,0.183,Bloque,13218,1343,2026-05-09,17,samedi,2026-05-09T17:08:23Z,principal,NA,Bingerville
AX_20,Rond-point Marcory (Bvd de la Paix),Marcory,Plateau,5.303988,-4.003239,9.6,50,0.192,Bloque,4123,514,2026-05-09,17,samedi,2026-05-09T17:08:24Z,principal,NA,Marcory
AX_01,Pont HKB (Henri Konan Bedie),Cocody/Marcory,Plateau,5.329775,-3.981814,14.5,80,0.181,Bloque,10854,1140,2026-05-09,18,samedi,2026-05-09T18:09:44Z,principal,NA,Cocody
AX_02,Pont De Gaulle,Plateau/Treichville,Plateau,5.317516,-4.016406,10.2,60,0.17,Bloque,1224,176,2026-05-09,18,samedi,2026-05-09T18:09:45Z,principal,NA,Plateau
AX_03,Pont Felix Houphouet-Boigny,Plateau/Treichville,Plateau,5.328028,-4.017425,13.2,60,0.22,Bloque,2414,269,2026-05-09,18,samedi,2026-05-09T18:09:46Z,principal,NA,Plateau
AX_04,Boulevard VGE (Giscard d Estaing),Plateau/Port-Bouet,Plateau,5.284092,-3.960922,15.1,100,0.151,Bloque,9720,944,2026-05-09,18,samedi,2026-05-09T18:09:47Z,principal,NA,Plateau
AX_05,5eme Pont acces Saint-Jean,Cocody/Plateau,Plateau,5.335149,-3.996117,15.6,80,0.195,Bloque,7035,685,2026-05-09,18,samedi,2026-05-09T18:09:49Z,principal,NA,Cocody
AX_06,Marche Bellville (Bvd Marseille),Treichville,Plateau,5.30587,-3.998069,13.2,50,0.264,Bloque,6069,653,2026-05-09,18,samedi,2026-05-09T18:09:50Z,principal,NA,Treichville
AX_07,Rond-point Treichville,Treichville,Plateau,5.307293,-4.011812,6.4,40,0.16,Bloque,2586,570,2026-05-09,18,samedi,2026-05-09T18:09:51Z,principal,NA,Treichville
AX_08,Gare Lagunaire Bvd Lagunaire,Plateau/Treichville,Plateau,5.312868,-4.010077,12.4,60,0.207,Bloque,3992,475,2026-05-09,18,samedi,2026-05-09T18:09:52Z,principal,NA,Plateau
AX_09,Carrefour de l Indenie (Adjame),Adjame,Plateau,5.341379,-4.020257,15.5,50,0.31,Congestionne,4314,408,2026-05-09,18,samedi,2026-05-09T18:09:54Z,principal,NA,Adjamé
AX_10,Adjame Mosquee (Bvd Nangui Abrogoua),Adjame,Plateau,5.354097,-4.026506,18.4,55,0.335,Congestionne,5369,429,2026-05-09,18,samedi,2026-05-09T18:09:55Z,principal,NA,Adjamé
AX_11,Echangeur de la Ferraille (Adjame),Adjame,Plateau,5.308686,-3.964053,10.8,50,0.216,Bloque,9501,1294,2026-05-09,18,samedi,2026-05-09T18:09:56Z,principal,NA,Adjamé
AX_12,Feux Autoroute Nord entree Adjame,Adjame,Plateau,5.299899,-3.998254,11,100,0.11,Bloque,4252,566,2026-05-09,18,samedi,2026-05-09T18:09:58Z,principal,NA,Adjamé
AX_13,Carrefour Universite (Cocody),Cocody,Cocody,5.334383,-3.938384,12.2,60,0.203,Bloque,8812,1103,2026-05-09,18,samedi,2026-05-09T18:09:59Z,principal,NA,Cocody
AX_14,2 Plateaux Vallon (Bvd Mitterrand),Cocody,Cocody,5.362127,-3.98962,7.6,60,0.127,Bloque,1354,271,2026-05-09,18,samedi,2026-05-09T18:10:00Z,principal,NA,Cocody
AX_15,Abobo Gare Mairie (Route Abobo),Abobo,Plateau,5.420996,-4.01901,22.6,90,0.251,Bloque,13296,917,2026-05-09,18,samedi,2026-05-09T18:10:02Z,principal,NA,Abobo
AX_16,Gare Yopougon Autoroute Yopougon,Yopougon,Plateau,5.369048,-3.999911,15.1,100,0.151,Bloque,8791,887,2026-05-09,18,samedi,2026-05-09T18:10:03Z,principal,NA,Yopougon
AX_17,Clinique Fraternite (Bvd Fraternite),Yopougon,Plateau,5.349303,-4.021832,15.9,50,0.318,Congestionne,4855,463,2026-05-09,18,samedi,2026-05-09T18:10:04Z,principal,NA,Yopougon
AX_18,Carrefour Jatak (Route de Dabou),Yopougon,Plateau,5.321877,-4.1035450000000004,17.5,90,0.194,Bloque,18601,1612,2026-05-09,18,samedi,2026-05-09T18:10:05Z,principal,NA,Yopougon
AX_19,Lycee Bingerville (Route Bingerville),Bingerville,Cocody,5.357895,-3.890668,16.1,70,0.23,Bloque,13218,1343,2026-05-09,18,samedi,2026-05-09T18:10:07Z,principal,NA,Bingerville
AX_20,Rond-point Marcory (Bvd de la Paix),Marcory,Plateau,5.303988,-4.003239,12.1,50,0.242,Bloque,4123,514,2026-05-09,18,samedi,2026-05-09T18:10:08Z,principal,NA,Marcory
AX_01,Pont HKB (Henri Konan Bedie),Cocody/Marcory,Plateau,5.329775,-3.981814,18.7,80,0.234,Bloque,10854,1140,2026-05-09,19,samedi,2026-05-09T19:11:29Z,principal,NA,Cocody
AX_02,Pont De Gaulle,Plateau/Treichville,Plateau,5.317516,-4.016406,13.2,60,0.22,Bloque,1224,176,2026-05-09,19,samedi,2026-05-09T19:11:31Z,principal,NA,Plateau
AX_03,Pont Felix Houphouet-Boigny,Plateau/Treichville,Plateau,5.328028,-4.017425,17,60,0.283,Bloque,2414,269,2026-05-09,19,samedi,2026-05-09T19:11:32Z,principal,NA,Plateau
AX_04,Boulevard VGE (Giscard d Estaing),Plateau/Port-Bouet,Plateau,5.284092,-3.960922,19.6,100,0.196,Bloque,9720,944,2026-05-09,19,samedi,2026-05-09T19:11:33Z,principal,NA,Plateau
AX_05,5eme Pont acces Saint-Jean,Cocody/Plateau,Plateau,5.335149,-3.996117,20.2,80,0.252,Bloque,7035,685,2026-05-09,19,samedi,2026-05-09T19:11:34Z,principal,NA,Cocody
AX_06,Marche Bellville (Bvd Marseille),Treichville,Plateau,5.30587,-3.998069,17,50,0.34,Congestionne,6069,653,2026-05-09,19,samedi,2026-05-09T19:11:36Z,principal,NA,Treichville
AX_07,Rond-point Treichville,Treichville,Plateau,5.307293,-4.011812,8.3,40,0.208,Bloque,2586,570,2026-05-09,19,samedi,2026-05-09T19:11:37Z,principal,NA,Treichville
AX_08,Gare Lagunaire Bvd Lagunaire,Plateau/Treichville,Plateau,5.312868,-4.010077,16,60,0.267,Bloque,3992,475,2026-05-09,19,samedi,2026-05-09T19:11:38Z,principal,NA,Plateau
AX_09,Carrefour de l Indenie (Adjame),Adjame,Plateau,5.341379,-4.020257,20.1,50,0.402,Congestionne,4314,408,2026-05-09,19,samedi,2026-05-09T19:11:39Z,principal,NA,Adjamé
AX_10,Adjame Mosquee (Bvd Nangui Abrogoua),Adjame,Plateau,5.354097,-4.026506,23.8,55,0.433,Congestionne,5369,429,2026-05-09,19,samedi,2026-05-09T19:11:40Z,principal,NA,Adjamé
AX_11,Echangeur de la Ferraille (Adjame),Adjame,Plateau,5.308686,-3.964053,13.9,50,0.278,Bloque,9501,1294,2026-05-09,19,samedi,2026-05-09T19:11:42Z,principal,NA,Adjamé
AX_12,Feux Autoroute Nord entree Adjame,Adjame,Plateau,5.299899,-3.998254,14.2,100,0.142,Bloque,4252,566,2026-05-09,19,samedi,2026-05-09T19:11:43Z,principal,NA,Adjamé
AX_13,Carrefour Universite (Cocody),Cocody,Cocody,5.334383,-3.938384,15.7,60,0.262,Bloque,8812,1103,2026-05-09,19,samedi,2026-05-09T19:11:44Z,principal,NA,Cocody
AX_14,2 Plateaux Vallon (Bvd Mitterrand),Cocody,Cocody,5.362127,-3.98962,9.8,60,0.163,Bloque,1354,271,2026-05-09,19,samedi,2026-05-09T19:11:45Z,principal,NA,Cocody
AX_15,Abobo Gare Mairie (Route Abobo),Abobo,Plateau,5.420996,-4.01901,29.1,90,0.323,Congestionne,13296,917,2026-05-09,19,samedi,2026-05-09T19:11:47Z,principal,NA,Abobo
AX_16,Gare Yopougon Autoroute Yopougon,Yopougon,Plateau,5.369048,-3.999911,19.5,100,0.195,Bloque,8791,887,2026-05-09,19,samedi,2026-05-09T19:11:48Z,principal,NA,Yopougon
AX_17,Clinique Fraternite (Bvd Fraternite),Yopougon,Plateau,5.349303,-4.021832,20.6,50,0.412,Congestionne,4855,463,2026-05-09,19,samedi,2026-05-09T19:11:49Z,principal,NA,Yopougon
AX_18,Carrefour Jatak (Route de Dabou),Yopougon,Plateau,5.321877,-4.1035450000000004,22.6,90,0.251,Bloque,18601,1612,2026-05-09,19,samedi,2026-05-09T19:11:50Z,principal,NA,Yopougon
AX_19,Lycee Bingerville (Route Bingerville),Bingerville,Cocody,5.357895,-3.890668,20.9,70,0.299,Bloque,13218,1343,2026-05-09,19,samedi,2026-05-09T19:11:51Z,principal,NA,Bingerville
AX_20,Rond-point Marcory (Bvd de la Paix),Marcory,Plateau,5.303988,-4.003239,15.6,50,0.312,Congestionne,4123,514,2026-05-09,19,samedi,2026-05-09T19:11:53Z,principal,NA,Marcory
AX_01,Pont HKB (Henri Konan Bedie),Cocody/Marcory,Plateau,5.329775,-3.981814,23.5,80,0.294,Bloque,10854,1140,2026-05-09,20,samedi,2026-05-09T20:13:55Z,principal,NA,Cocody
AX_02,Pont De Gaulle,Plateau/Treichville,Plateau,5.317516,-4.016406,16.6,60,0.277,Bloque,1224,176,2026-05-09,20,samedi,2026-05-09T20:13:56Z,principal,NA,Plateau
AX_03,Pont Felix Houphouet-Boigny,Plateau/Treichville,Plateau,5.328028,-4.017425,21.4,60,0.357,Congestionne,2414,269,2026-05-09,20,samedi,2026-05-09T20:13:57Z,principal,NA,Plateau
AX_04,Boulevard VGE (Giscard d Estaing),Plateau/Port-Bouet,Plateau,5.284092,-3.960922,24.6,100,0.246,Bloque,9720,944,2026-05-09,20,samedi,2026-05-09T20:13:58Z,principal,NA,Plateau
AX_05,5eme Pont acces Saint-Jean,Cocody/Plateau,Plateau,5.335149,-3.996117,25.4,80,0.318,Congestionne,7035,685,2026-05-09,20,samedi,2026-05-09T20:13:59Z,principal,NA,Cocody
AX_06,Marche Bellville (Bvd Marseille),Treichville,Plateau,5.30587,-3.998069,21.4,50,0.428,Congestionne,6069,653,2026-05-09,20,samedi,2026-05-09T20:14:01Z,principal,NA,Treichville
AX_07,Rond-point Treichville,Treichville,Plateau,5.307293,-4.011812,10.4,40,0.26,Bloque,2586,570,2026-05-09,20,samedi,2026-05-09T20:14:02Z,principal,NA,Treichville
AX_08,Gare Lagunaire Bvd Lagunaire,Plateau/Treichville,Plateau,5.312868,-4.010077,20.1,60,0.335,Congestionne,3992,475,2026-05-09,20,samedi,2026-05-09T20:14:03Z,principal,NA,Plateau
AX_09,Carrefour de l Indenie (Adjame),Adjame,Plateau,5.341379,-4.020257,25.3,50,0.506,Modere,4314,408,2026-05-09,20,samedi,2026-05-09T20:14:04Z,principal,NA,Adjamé
AX_10,Adjame Mosquee (Bvd Nangui Abrogoua),Adjame,Plateau,5.354097,-4.026506,29.9,55,0.544,Modere,5369,429,2026-05-09,20,samedi,2026-05-09T20:14:05Z,principal,NA,Adjamé
AX_11,Echangeur de la Ferraille (Adjame),Adjame,Plateau,5.308686,-3.964053,17.5,50,0.35,Congestionne,9501,1294,2026-05-09,20,samedi,2026-05-09T20:14:07Z,principal,NA,Adjamé
AX_12,Feux Autoroute Nord entree Adjame,Adjame,Plateau,5.299899,-3.998254,17.9,100,0.179,Bloque,4252,566,2026-05-09,20,samedi,2026-05-09T20:14:08Z,principal,NA,Adjamé
AX_13,Carrefour Universite (Cocody),Cocody,Cocody,5.334383,-3.938384,19.8,60,0.33,Congestionne,8812,1103,2026-05-09,20,samedi,2026-05-09T20:14:09Z,principal,NA,Cocody
AX_14,2 Plateaux Vallon (Bvd Mitterrand),Cocody,Cocody,5.362127,-3.98962,12.4,60,0.207,Bloque,1354,271,2026-05-09,20,samedi,2026-05-09T20:14:10Z,principal,NA,Cocody
AX_15,Abobo Gare Mairie (Route Abobo),Abobo,Plateau,5.420996,-4.01901,36.6,90,0.407,Congestionne,13296,917,2026-05-09,20,samedi,2026-05-09T20:14:12Z,principal,NA,Abobo
AX_16,Gare Yopougon Autoroute Yopougon,Yopougon,Plateau,5.369048,-3.999911,24.5,100,0.245,Bloque,8791,887,2026-05-09,20,samedi,2026-05-09T20:14:13Z,principal,NA,Yopougon
AX_17,Clinique Fraternite (Bvd Fraternite),Yopougon,Plateau,5.349303,-4.021832,25.9,50,0.518,Modere,4855,463,2026-05-09,20,samedi,2026-05-09T20:14:14Z,principal,NA,Yopougon
AX_18,Carrefour Jatak (Route de Dabou),Yopougon,Plateau,5.321877,-4.1035450000000004,28.5,90,0.317,Congestionne,18601,1612,2026-05-09,20,samedi,2026-05-09T20:14:15Z,principal,NA,Yopougon
AX_19,Lycee Bingerville (Route Bingerville),Bingerville,Cocody,5.357895,-3.890668,26.2,70,0.374,Congestionne,13218,1343,2026-05-09,20,samedi,2026-05-09T20:14:16Z,principal,NA,Bingerville
AX_20,Rond-point Marcory (Bvd de la Paix),Marcory,Plateau,5.303988,-4.003239,19.6,50,0.392,Congestionne,4123,514,2026-05-09,20,samedi,2026-05-09T20:14:18Z,principal,NA,Marcory
AX_01,Pont HKB (Henri Konan Bedie),Cocody/Marcory,Plateau,5.329775,-3.981814,26.6,80,0.332,Congestionne,10854,1140,2026-05-09,21,samedi,2026-05-09T21:15:38Z,principal,NA,Cocody
AX_02,Pont De Gaulle,Plateau/Treichville,Plateau,5.317516,-4.016406,18.7,60,0.312,Congestionne,1224,176,2026-05-09,21,samedi,2026-05-09T21:15:39Z,principal,NA,Plateau
AX_03,Pont Felix Houphouet-Boigny,Plateau/Treichville,Plateau,5.328028,-4.017425,24.2,60,0.403,Congestionne,2414,269,2026-05-09,21,samedi,2026-05-09T21:15:40Z,principal,NA,Plateau
AX_04,Boulevard VGE (Giscard d Estaing),Plateau/Port-Bouet,Plateau,5.284092,-3.960922,27.8,100,0.278,Bloque,9720,944,2026-05-09,21,samedi,2026-05-09T21:15:41Z,principal,NA,Plateau
AX_05,5eme Pont acces Saint-Jean,Cocody/Plateau,Plateau,5.335149,-3.996117,28.7,80,0.359,Congestionne,7035,685,2026-05-09,21,samedi,2026-05-09T21:15:43Z,principal,NA,Cocody
AX_06,Marche Bellville (Bvd Marseille),Treichville,Plateau,5.30587,-3.998069,24.2,50,0.484,Congestionne,6069,653,2026-05-09,21,samedi,2026-05-09T21:15:44Z,principal,NA,Treichville
AX_07,Rond-point Treichville,Treichville,Plateau,5.307293,-4.011812,11.8,40,0.295,Bloque,2586,570,2026-05-09,21,samedi,2026-05-09T21:15:45Z,principal,NA,Treichville
AX_08,Gare Lagunaire Bvd Lagunaire,Plateau/Treichville,Plateau,5.312868,-4.010077,22.7,60,0.378,Congestionne,3992,475,2026-05-09,21,samedi,2026-05-09T21:15:46Z,principal,NA,Plateau
AX_09,Carrefour de l Indenie (Adjame),Adjame,Plateau,5.341379,-4.020257,28.5,50,0.57,Modere,4314,408,2026-05-09,21,samedi,2026-05-09T21:15:47Z,principal,NA,Adjamé
AX_10,Adjame Mosquee (Bvd Nangui Abrogoua),Adjame,Plateau,5.354097,-4.026506,33.7,55,0.613,Modere,5369,429,2026-05-09,21,samedi,2026-05-09T21:15:49Z,principal,NA,Adjamé
AX_11,Echangeur de la Ferraille (Adjame),Adjame,Plateau,5.308686,-3.964053,19.7,50,0.394,Congestionne,9501,1294,2026-05-09,21,samedi,2026-05-09T21:15:50Z,principal,NA,Adjamé
AX_12,Feux Autoroute Nord entree Adjame,Adjame,Plateau,5.299899,-3.998254,20.2,100,0.202,Bloque,4252,566,2026-05-09,21,samedi,2026-05-09T21:15:51Z,principal,NA,Adjamé
AX_13,Carrefour Universite (Cocody),Cocody,Cocody,5.334383,-3.938384,22.3,60,0.372,Congestionne,8812,1103,2026-05-09,21,samedi,2026-05-09T21:15:52Z,principal,NA,Cocody
AX_14,2 Plateaux Vallon (Bvd Mitterrand),Cocody,Cocody,5.362127,-3.98962,13.9,60,0.232,Bloque,1354,271,2026-05-09,21,samedi,2026-05-09T21:15:53Z,principal,NA,Cocody
AX_15,Abobo Gare Mairie (Route Abobo),Abobo,Plateau,5.420996,-4.01901,41.3,90,0.459,Congestionne,13296,917,2026-05-09,21,samedi,2026-05-09T21:15:55Z,principal,NA,Abobo
AX_16,Gare Yopougon Autoroute Yopougon,Yopougon,Plateau,5.369048,-3.999911,27.6,100,0.276,Bloque,8791,887,2026-05-09,21,samedi,2026-05-09T21:15:56Z,principal,NA,Yopougon
AX_17,Clinique Fraternite (Bvd Fraternite),Yopougon,Plateau,5.349303,-4.021832,29.2,50,0.584,Modere,4855,463,2026-05-09,21,samedi,2026-05-09T21:15:57Z,principal,NA,Yopougon
AX_18,Carrefour Jatak (Route de Dabou),Yopougon,Plateau,5.321877,-4.1035450000000004,32.1,90,0.357,Congestionne,18601,1612,2026-05-09,21,samedi,2026-05-09T21:15:58Z,principal,NA,Yopougon
AX_19,Lycee Bingerville (Route Bingerville),Bingerville,Cocody,5.357895,-3.890668,29.6,70,0.423,Congestionne,13218,1343,2026-05-09,21,samedi,2026-05-09T21:16:00Z,principal,NA,Bingerville
AX_20,Rond-point Marcory (Bvd de la Paix),Marcory,Plateau,5.303988,-4.003239,22.1,50,0.442,Congestionne,4123,514,2026-05-09,21,samedi,2026-05-09T21:16:01Z,principal,NA,Marcory
AX_01,Pont HKB (Henri Konan Bedie),Cocody/Marcory,Plateau,5.329775,-3.981814,28.4,80,0.355,Congestionne,10854,1140,2026-05-09,22,samedi,2026-05-09T22:17:20Z,principal,NA,Cocody
AX_02,Pont De Gaulle,Plateau/Treichville,Plateau,5.317516,-4.016406,20,60,0.333,Congestionne,1224,176,2026-05-09,22,samedi,2026-05-09T22:17:21Z,principal,NA,Plateau
AX_03,Pont Felix Houphouet-Boigny,Plateau/Treichville,Plateau,5.328028,-4.017425,25.8,60,0.43,Congestionne,2414,269,2026-05-09,22,samedi,2026-05-09T22:17:22Z,principal,NA,Plateau
AX_04,Boulevard VGE (Giscard d Estaing),Plateau/Port-Bouet,Plateau,5.284092,-3.960922,29.6,100,0.296,Bloque,9720,944,2026-05-09,22,samedi,2026-05-09T22:17:23Z,principal,NA,Plateau
AX_05,5eme Pont acces Saint-Jean,Cocody/Plateau,Plateau,5.335149,-3.996117,30.6,80,0.382,Congestionne,7035,685,2026-05-09,22,samedi,2026-05-09T22:17:25Z,principal,NA,Cocody
AX_06,Marche Bellville (Bvd Marseille),Treichville,Plateau,5.30587,-3.998069,25.8,50,0.516,Modere,6069,653,2026-05-09,22,samedi,2026-05-09T22:17:26Z,principal,NA,Treichville
AX_07,Rond-point Treichville,Treichville,Plateau,5.307293,-4.011812,12.6,40,0.315,Congestionne,2586,570,2026-05-09,22,samedi,2026-05-09T22:17:27Z,principal,NA,Treichville
AX_08,Gare Lagunaire Bvd Lagunaire,Plateau/Treichville,Plateau,5.312868,-4.010077,24.2,60,0.403,Congestionne,3992,475,2026-05-09,22,samedi,2026-05-09T22:17:28Z,principal,NA,Plateau
AX_09,Carrefour de l Indenie (Adjame),Adjame,Plateau,5.341379,-4.020257,30.4,50,0.608,Modere,4314,408,2026-05-09,22,samedi,2026-05-09T22:17:29Z,principal,NA,Adjamé
AX_10,Adjame Mosquee (Bvd Nangui Abrogoua),Adjame,Plateau,5.354097,-4.026506,36,55,0.655,Modere,5369,429,2026-05-09,22,samedi,2026-05-09T22:17:31Z,principal,NA,Adjamé
AX_11,Echangeur de la Ferraille (Adjame),Adjame,Plateau,5.308686,-3.964053,21.1,50,0.422,Congestionne,9501,1294,2026-05-09,22,samedi,2026-05-09T22:17:32Z,principal,NA,Adjamé
AX_12,Feux Autoroute Nord entree Adjame,Adjame,Plateau,5.299899,-3.998254,21.6,100,0.216,Bloque,4252,566,2026-05-09,22,samedi,2026-05-09T22:17:33Z,principal,NA,Adjamé
AX_13,Carrefour Universite (Cocody),Cocody,Cocody,5.334383,-3.938384,23.8,60,0.397,Congestionne,8812,1103,2026-05-09,22,samedi,2026-05-09T22:17:34Z,principal,NA,Cocody
AX_14,2 Plateaux Vallon (Bvd Mitterrand),Cocody,Cocody,5.362127,-3.98962,14.9,60,0.248,Bloque,1354,271,2026-05-09,22,samedi,2026-05-09T22:17:35Z,principal,NA,Cocody
AX_15,Abobo Gare Mairie (Route Abobo),Abobo,Plateau,5.420996,-4.01901,44.2,90,0.491,Congestionne,13296,917,2026-05-09,22,samedi,2026-05-09T22:17:37Z,principal,NA,Abobo
AX_16,Gare Yopougon Autoroute Yopougon,Yopougon,Plateau,5.369048,-3.999911,29.5,100,0.295,Bloque,8791,887,2026-05-09,22,samedi,2026-05-09T22:17:38Z,principal,NA,Yopougon
AX_17,Clinique Fraternite (Bvd Fraternite),Yopougon,Plateau,5.349303,-4.021832,31.2,50,0.624,Modere,4855,463,2026-05-09,22,samedi,2026-05-09T22:17:39Z,principal,NA,Yopougon
AX_18,Carrefour Jatak (Route de Dabou),Yopougon,Plateau,5.321877,-4.1035450000000004,34.3,90,0.381,Congestionne,18601,1612,2026-05-09,22,samedi,2026-05-09T22:17:40Z,principal,NA,Yopougon
AX_19,Lycee Bingerville (Route Bingerville),Bingerville,Cocody,5.357895,-3.890668,31.6,70,0.451,Congestionne,13218,1343,2026-05-09,22,samedi,2026-05-09T22:17:42Z,principal,NA,Bingerville
AX_20,Rond-point Marcory (Bvd de la Paix),Marcory,Plateau,5.303988,-4.003239,23.6,50,0.472,Congestionne,4123,514,2026-05-09,22,samedi,2026-05-09T22:17:43Z,principal,NA,Marcory
AX_01,Pont HKB (Henri Konan Bedie),Cocody/Marcory,Plateau,5.329775,-3.981814,16.6,80,0.208,Bloque,10854,1140,2026-05-10,9,dimanche,2026-05-10T09:07:44Z,principal,NA,Cocody
AX_02,Pont De Gaulle,Plateau/Treichville,Plateau,5.317516,-4.016406,11.7,60,0.195,Bloque,1224,176,2026-05-10,9,dimanche,2026-05-10T09:07:46Z,principal,NA,Plateau
AX_03,Pont Felix Houphouet-Boigny,Plateau/Treichville,Plateau,5.328028,-4.017425,15.1,60,0.252,Bloque,2414,269,2026-05-10,9,dimanche,2026-05-10T09:07:47Z,principal,NA,Plateau
AX_04,Boulevard VGE (Giscard d Estaing),Plateau/Port-Bouet,Plateau,5.284092,-3.960922,17.3,100,0.173,Bloque,9720,944,2026-05-10,9,dimanche,2026-05-10T09:07:48Z,principal,NA,Plateau
AX_05,5eme Pont acces Saint-Jean,Cocody/Plateau,Plateau,5.335149,-3.996117,17.9,80,0.224,Bloque,7035,685,2026-05-10,9,dimanche,2026-05-10T09:07:49Z,principal,NA,Cocody
AX_06,Marche Bellville (Bvd Marseille),Treichville,Plateau,5.30587,-3.998069,15.1,50,0.302,Congestionne,6069,653,2026-05-10,9,dimanche,2026-05-10T09:07:50Z,principal,NA,Treichville
AX_07,Rond-point Treichville,Treichville,Plateau,5.307293,-4.011812,7.4,40,0.185,Bloque,2586,570,2026-05-10,9,dimanche,2026-05-10T09:07:52Z,principal,NA,Treichville
AX_08,Gare Lagunaire Bvd Lagunaire,Plateau/Treichville,Plateau,5.312868,-4.010077,14.2,60,0.237,Bloque,3992,475,2026-05-10,9,dimanche,2026-05-10T09:07:53Z,principal,NA,Plateau
AX_09,Carrefour de l Indenie (Adjame),Adjame,Plateau,5.341379,-4.020257,17.8,50,0.356,Congestionne,4314,408,2026-05-10,9,dimanche,2026-05-10T09:07:54Z,principal,NA,Adjamé
AX_10,Adjame Mosquee (Bvd Nangui Abrogoua),Adjame,Plateau,5.354097,-4.026506,21.1,55,0.384,Congestionne,5369,429,2026-05-10,9,dimanche,2026-05-10T09:07:55Z,principal,NA,Adjamé
AX_11,Echangeur de la Ferraille (Adjame),Adjame,Plateau,5.308686,-3.964053,12.3,50,0.246,Bloque,9501,1294,2026-05-10,9,dimanche,2026-05-10T09:07:57Z,principal,NA,Adjamé
AX_12,Feux Autoroute Nord entree Adjame,Adjame,Plateau,5.299899,-3.998254,12.6,100,0.126,Bloque,4252,566,2026-05-10,9,dimanche,2026-05-10T09:07:58Z,principal,NA,Adjamé
AX_13,Carrefour Universite (Cocody),Cocody,Cocody,5.334383,-3.938384,13.9,60,0.232,Bloque,8812,1103,2026-05-10,9,dimanche,2026-05-10T09:08:00Z,principal,NA,Cocody
AX_14,2 Plateaux Vallon (Bvd Mitterrand),Cocody,Cocody,5.362127,-3.98962,8.7,60,0.145,Bloque,1354,271,2026-05-10,9,dimanche,2026-05-10T09:08:03Z,principal,NA,Cocody
AX_15,Abobo Gare Mairie (Route Abobo),Abobo,Plateau,5.420996,-4.01901,25.8,90,0.287,Bloque,13296,917,2026-05-10,9,dimanche,2026-05-10T09:08:05Z,principal,NA,Abobo
AX_16,Gare Yopougon Autoroute Yopougon,Yopougon,Plateau,5.369048,-3.999911,17.3,100,0.173,Bloque,8791,887,2026-05-10,9,dimanche,2026-05-10T09:08:08Z,principal,NA,Yopougon
AX_17,Clinique Fraternite (Bvd Fraternite),Yopougon,Plateau,5.349303,-4.021832,18.2,50,0.364,Congestionne,4855,463,2026-05-10,9,dimanche,2026-05-10T09:08:11Z,principal,NA,Yopougon
AX_18,Carrefour Jatak (Route de Dabou),Yopougon,Plateau,5.321877,-4.1035450000000004,20.1,90,0.223,Bloque,18601,1612,2026-05-10,9,dimanche,2026-05-10T09:08:14Z,principal,NA,Yopougon
AX_19,Lycee Bingerville (Route Bingerville),Bingerville,Cocody,5.357895,-3.890668,18.5,70,0.264,Bloque,13218,1343,2026-05-10,9,dimanche,2026-05-10T09:08:16Z,principal,NA,Bingerville
AX_20,Rond-point Marcory (Bvd de la Paix),Marcory,Plateau,5.303988,-4.003239,13.8,50,0.276,Bloque,4123,514,2026-05-10,9,dimanche,2026-05-10T09:08:19Z,principal,NA,Marcory
AX_01,Pont HKB (Henri Konan Bedie),Cocody/Marcory,Plateau,5.329775,-3.981814,21.7,80,0.271,Bloque,10854,1140,2026-05-10,10,dimanche,2026-05-10T10:05:57Z,principal,NA,Cocody
AX_02,Pont De Gaulle,Plateau/Treichville,Plateau,5.317516,-4.016406,15.3,60,0.255,Bloque,1224,176,2026-05-10,10,dimanche,2026-05-10T10:05:58Z,principal,NA,Plateau
AX_03,Pont Felix Houphouet-Boigny,Plateau/Treichville,Plateau,5.328028,-4.017425,19.8,60,0.33,Congestionne,2414,269,2026-05-10,10,dimanche,2026-05-10T10:05:59Z,principal,NA,Plateau
AX_04,Boulevard VGE (Giscard d Estaing),Plateau/Port-Bouet,Plateau,5.284092,-3.960922,22.7,100,0.227,Bloque,9720,944,2026-05-10,10,dimanche,2026-05-10T10:06:00Z,principal,NA,Plateau
AX_05,5eme Pont acces Saint-Jean,Cocody/Plateau,Plateau,5.335149,-3.996117,23.4,80,0.292,Bloque,7035,685,2026-05-10,10,dimanche,2026-05-10T10:06:02Z,principal,NA,Cocody
AX_06,Marche Bellville (Bvd Marseille),Treichville,Plateau,5.30587,-3.998069,19.8,50,0.396,Congestionne,6069,653,2026-05-10,10,dimanche,2026-05-10T10:06:03Z,principal,NA,Treichville
AX_07,Rond-point Treichville,Treichville,Plateau,5.307293,-4.011812,9.6,40,0.24,Bloque,2586,570,2026-05-10,10,dimanche,2026-05-10T10:06:04Z,principal,NA,Treichville
AX_08,Gare Lagunaire Bvd Lagunaire,Plateau/Treichville,Plateau,5.312868,-4.010077,18.5,60,0.308,Congestionne,3992,475,2026-05-10,10,dimanche,2026-05-10T10:06:05Z,principal,NA,Plateau
AX_09,Carrefour de l Indenie (Adjame),Adjame,Plateau,5.341379,-4.020257,23.3,50,0.466,Congestionne,4314,408,2026-05-10,10,dimanche,2026-05-10T10:06:06Z,principal,NA,Adjamé
AX_10,Adjame Mosquee (Bvd Nangui Abrogoua),Adjame,Plateau,5.354097,-4.026506,27.6,55,0.502,Modere,5369,429,2026-05-10,10,dimanche,2026-05-10T10:06:08Z,principal,NA,Adjamé
AX_11,Echangeur de la Ferraille (Adjame),Adjame,Plateau,5.308686,-3.964053,16.2,50,0.324,Congestionne,9501,1294,2026-05-10,10,dimanche,2026-05-10T10:06:09Z,principal,NA,Adjamé
AX_12,Feux Autoroute Nord entree Adjame,Adjame,Plateau,5.299899,-3.998254,16.5,100,0.165,Bloque,4252,566,2026-05-10,10,dimanche,2026-05-10T10:06:10Z,principal,NA,Adjamé
AX_13,Carrefour Universite (Cocody),Cocody,Cocody,5.334383,-3.938384,18.2,60,0.303,Congestionne,8812,1103,2026-05-10,10,dimanche,2026-05-10T10:06:11Z,principal,NA,Cocody
AX_14,2 Plateaux Vallon (Bvd Mitterrand),Cocody,Cocody,5.362127,-3.98962,11.4,60,0.19,Bloque,1354,271,2026-05-10,10,dimanche,2026-05-10T10:06:13Z,principal,NA,Cocody
AX_15,Abobo Gare Mairie (Route Abobo),Abobo,Plateau,5.420996,-4.01901,33.8,90,0.376,Congestionne,13296,917,2026-05-10,10,dimanche,2026-05-10T10:06:14Z,principal,NA,Abobo
AX_16,Gare Yopougon Autoroute Yopougon,Yopougon,Plateau,5.369048,-3.999911,22.6,100,0.226,Bloque,8791,887,2026-05-10,10,dimanche,2026-05-10T10:06:15Z,principal,NA,Yopougon
AX_17,Clinique Fraternite (Bvd Fraternite),Yopougon,Plateau,5.349303,-4.021832,23.9,50,0.478,Congestionne,4855,463,2026-05-10,10,dimanche,2026-05-10T10:06:16Z,principal,NA,Yopougon
AX_18,Carrefour Jatak (Route de Dabou),Yopougon,Plateau,5.321877,-4.1035450000000004,26.3,90,0.292,Bloque,18601,1612,2026-05-10,10,dimanche,2026-05-10T10:06:17Z,principal,NA,Yopougon
AX_19,Lycee Bingerville (Route Bingerville),Bingerville,Cocody,5.357895,-3.890668,24.2,70,0.346,Congestionne,13218,1343,2026-05-10,10,dimanche,2026-05-10T10:06:19Z,principal,NA,Bingerville
AX_20,Rond-point Marcory (Bvd de la Paix),Marcory,Plateau,5.303988,-4.003239,18.1,50,0.362,Congestionne,4123,514,2026-05-10,10,dimanche,2026-05-10T10:06:20Z,principal,NA,Marcory
AX_01,Pont HKB (Henri Konan Bedie),Cocody/Marcory,Plateau,5.329775,-3.981814,24.1,80,0.301,Congestionne,10854,1140,2026-05-10,11,dimanche,2026-05-10T11:08:01Z,principal,NA,Cocody
AX_02,Pont De Gaulle,Plateau/Treichville,Plateau,5.317516,-4.016406,17,60,0.283,Bloque,1224,176,2026-05-10,11,dimanche,2026-05-10T11:08:02Z,principal,NA,Plateau
AX_03,Pont Felix Houphouet-Boigny,Plateau/Treichville,Plateau,5.328028,-4.017425,22,60,0.367,Congestionne,2414,269,2026-05-10,11,dimanche,2026-05-10T11:08:03Z,principal,NA,Plateau
AX_04,Boulevard VGE (Giscard d Estaing),Plateau/Port-Bouet,Plateau,5.284092,-3.960922,25.2,100,0.252,Bloque,9720,944,2026-05-10,11,dimanche,2026-05-10T11:08:05Z,principal,NA,Plateau
AX_05,5eme Pont acces Saint-Jean,Cocody/Plateau,Plateau,5.335149,-3.996117,26,80,0.325,Congestionne,7035,685,2026-05-10,11,dimanche,2026-05-10T11:08:06Z,principal,NA,Cocody
AX_06,Marche Bellville (Bvd Marseille),Treichville,Plateau,5.30587,-3.998069,22,50,0.44,Congestionne,6069,653,2026-05-10,11,dimanche,2026-05-10T11:08:07Z,principal,NA,Treichville
AX_07,Rond-point Treichville,Treichville,Plateau,5.307293,-4.011812,10.7,40,0.267,Bloque,2586,570,2026-05-10,11,dimanche,2026-05-10T11:08:08Z,principal,NA,Treichville
AX_08,Gare Lagunaire Bvd Lagunaire,Plateau/Treichville,Plateau,5.312868,-4.010077,20.6,60,0.343,Congestionne,3992,475,2026-05-10,11,dimanche,2026-05-10T11:08:09Z,principal,NA,Plateau
AX_09,Carrefour de l Indenie (Adjame),Adjame,Plateau,5.341379,-4.020257,25.9,50,0.518,Modere,4314,408,2026-05-10,11,dimanche,2026-05-10T11:08:11Z,principal,NA,Adjamé
AX_10,Adjame Mosquee (Bvd Nangui Abrogoua),Adjame,Plateau,5.354097,-4.026506,30.7,55,0.558,Modere,5369,429,2026-05-10,11,dimanche,2026-05-10T11:08:12Z,principal,NA,Adjamé
AX_11,Echangeur de la Ferraille (Adjame),Adjame,Plateau,5.308686,-3.964053,18,50,0.36,Congestionne,9501,1294,2026-05-10,11,dimanche,2026-05-10T11:08:13Z,principal,NA,Adjamé
AX_12,Feux Autoroute Nord entree Adjame,Adjame,Plateau,5.299899,-3.998254,18.4,100,0.184,Bloque,4252,566,2026-05-10,11,dimanche,2026-05-10T11:08:14Z,principal,NA,Adjamé
AX_13,Carrefour Universite (Cocody),Cocody,Cocody,5.334383,-3.938384,20.3,60,0.338,Congestionne,8812,1103,2026-05-10,11,dimanche,2026-05-10T11:08:15Z,principal,NA,Cocody
AX_14,2 Plateaux Vallon (Bvd Mitterrand),Cocody,Cocody,5.362127,-3.98962,12.7,60,0.212,Bloque,1354,271,2026-05-10,11,dimanche,2026-05-10T11:08:17Z,principal,NA,Cocody
AX_15,Abobo Gare Mairie (Route Abobo),Abobo,Plateau,5.420996,-4.01901,37.6,90,0.418,Congestionne,13296,917,2026-05-10,11,dimanche,2026-05-10T11:08:18Z,principal,NA,Abobo
AX_16,Gare Yopougon Autoroute Yopougon,Yopougon,Plateau,5.369048,-3.999911,25.1,100,0.251,Bloque,8791,887,2026-05-10,11,dimanche,2026-05-10T11:08:19Z,principal,NA,Yopougon
AX_17,Clinique Fraternite (Bvd Fraternite),Yopougon,Plateau,5.349303,-4.021832,26.5,50,0.53,Modere,4855,463,2026-05-10,11,dimanche,2026-05-10T11:08:20Z,principal,NA,Yopougon
AX_18,Carrefour Jatak (Route de Dabou),Yopougon,Plateau,5.321877,-4.1035450000000004,29.2,90,0.324,Congestionne,18601,1612,2026-05-10,11,dimanche,2026-05-10T11:08:21Z,principal,NA,Yopougon
AX_19,Lycee Bingerville (Route Bingerville),Bingerville,Cocody,5.357895,-3.890668,26.9,70,0.384,Congestionne,13218,1343,2026-05-10,11,dimanche,2026-05-10T11:08:23Z,principal,NA,Bingerville
AX_20,Rond-point Marcory (Bvd de la Paix),Marcory,Plateau,5.303988,-4.003239,20.1,50,0.402,Congestionne,4123,514,2026-05-10,11,dimanche,2026-05-10T11:08:24Z,principal,NA,Marcory
AX_01,Pont HKB (Henri Konan Bedie),Cocody/Marcory,Plateau,5.329775,-3.981814,20.5,80,0.256,Bloque,10854,1140,2026-05-10,12,dimanche,2026-05-10T12:10:05Z,principal,NA,Cocody
AX_02,Pont De Gaulle,Plateau/Treichville,Plateau,5.317516,-4.016406,14.4,60,0.24,Bloque,1224,176,2026-05-10,12,dimanche,2026-05-10T12:10:07Z,principal,NA,Plateau
AX_03,Pont Felix Houphouet-Boigny,Plateau/Treichville,Plateau,5.328028,-4.017425,18.7,60,0.312,Congestionne,2414,269,2026-05-10,12,dimanche,2026-05-10T12:10:08Z,principal,NA,Plateau
AX_04,Boulevard VGE (Giscard d Estaing),Plateau/Port-Bouet,Plateau,5.284092,-3.960922,21.4,100,0.214,Bloque,9720,944,2026-05-10,12,dimanche,2026-05-10T12:10:09Z,principal,NA,Plateau
AX_05,5eme Pont acces Saint-Jean,Cocody/Plateau,Plateau,5.335149,-3.996117,22.1,80,0.276,Bloque,7035,685,2026-05-10,12,dimanche,2026-05-10T12:10:10Z,principal,NA,Cocody
AX_06,Marche Bellville (Bvd Marseille),Treichville,Plateau,5.30587,-3.998069,18.7,50,0.374,Congestionne,6069,653,2026-05-10,12,dimanche,2026-05-10T12:10:11Z,principal,NA,Treichville
AX_07,Rond-point Treichville,Treichville,Plateau,5.307293,-4.011812,9.1,40,0.227,Bloque,2586,570,2026-05-10,12,dimanche,2026-05-10T12:10:13Z,principal,NA,Treichville
AX_08,Gare Lagunaire Bvd Lagunaire,Plateau/Treichville,Plateau,5.312868,-4.010077,17.5,60,0.292,Bloque,3992,475,2026-05-10,12,dimanche,2026-05-10T12:10:14Z,principal,NA,Plateau
AX_09,Carrefour de l Indenie (Adjame),Adjame,Plateau,5.341379,-4.020257,22,50,0.44,Congestionne,4314,408,2026-05-10,12,dimanche,2026-05-10T12:10:15Z,principal,NA,Adjamé
AX_10,Adjame Mosquee (Bvd Nangui Abrogoua),Adjame,Plateau,5.354097,-4.026506,26.1,55,0.475,Congestionne,5369,429,2026-05-10,12,dimanche,2026-05-10T12:10:16Z,principal,NA,Adjamé
AX_11,Echangeur de la Ferraille (Adjame),Adjame,Plateau,5.308686,-3.964053,15.3,50,0.306,Congestionne,9501,1294,2026-05-10,12,dimanche,2026-05-10T12:10:17Z,principal,NA,Adjamé
AX_12,Feux Autoroute Nord entree Adjame,Adjame,Plateau,5.299899,-3.998254,15.6,100,0.156,Bloque,4252,566,2026-05-10,12,dimanche,2026-05-10T12:10:19Z,principal,NA,Adjamé
AX_13,Carrefour Universite (Cocody),Cocody,Cocody,5.334383,-3.938384,17.2,60,0.287,Bloque,8812,1103,2026-05-10,12,dimanche,2026-05-10T12:10:20Z,principal,NA,Cocody
AX_14,2 Plateaux Vallon (Bvd Mitterrand),Cocody,Cocody,5.362127,-3.98962,10.8,60,0.18,Bloque,1354,271,2026-05-10,12,dimanche,2026-05-10T12:10:21Z,principal,NA,Cocody
AX_15,Abobo Gare Mairie (Route Abobo),Abobo,Plateau,5.420996,-4.01901,31.9,90,0.354,Congestionne,13296,917,2026-05-10,12,dimanche,2026-05-10T12:10:22Z,principal,NA,Abobo
AX_16,Gare Yopougon Autoroute Yopougon,Yopougon,Plateau,5.369048,-3.999911,21.4,100,0.214,Bloque,8791,887,2026-05-10,12,dimanche,2026-05-10T12:10:24Z,principal,NA,Yopougon
AX_17,Clinique Fraternite (Bvd Fraternite),Yopougon,Plateau,5.349303,-4.021832,22.6,50,0.452,Congestionne,4855,463,2026-05-10,12,dimanche,2026-05-10T12:10:25Z,principal,NA,Yopougon
AX_18,Carrefour Jatak (Route de Dabou),Yopougon,Plateau,5.321877,-4.1035450000000004,24.8,90,0.276,Bloque,18601,1612,2026-05-10,12,dimanche,2026-05-10T12:10:26Z,principal,NA,Yopougon
AX_19,Lycee Bingerville (Route Bingerville),Bingerville,Cocody,5.357895,-3.890668,22.9,70,0.327,Congestionne,13218,1343,2026-05-10,12,dimanche,2026-05-10T12:10:27Z,principal,NA,Bingerville
AX_20,Rond-point Marcory (Bvd de la Paix),Marcory,Plateau,5.303988,-4.003239,17.1,50,0.342,Congestionne,4123,514,2026-05-10,12,dimanche,2026-05-10T12:10:28Z,principal,NA,Marcory
AX_01,Pont HKB (Henri Konan Bedie),Cocody/Marcory,Plateau,5.329775,-3.981814,23.5,80,0.294,Bloque,10854,1140,2026-05-10,13,dimanche,2026-05-10T13:12:24Z,principal,NA,Cocody
AX_02,Pont De Gaulle,Plateau/Treichville,Plateau,5.317516,-4.016406,16.6,60,0.277,Bloque,1224,176,2026-05-10,13,dimanche,2026-05-10T13:12:25Z,principal,NA,Plateau
AX_03,Pont Felix Houphouet-Boigny,Plateau/Treichville,Plateau,5.328028,-4.017425,21.4,60,0.357,Congestionne,2414,269,2026-05-10,13,dimanche,2026-05-10T13:12:26Z,principal,NA,Plateau
AX_04,Boulevard VGE (Giscard d Estaing),Plateau/Port-Bouet,Plateau,5.284092,-3.960922,24.6,100,0.246,Bloque,9720,944,2026-05-10,13,dimanche,2026-05-10T13:12:27Z,principal,NA,Plateau
AX_05,5eme Pont acces Saint-Jean,Cocody/Plateau,Plateau,5.335149,-3.996117,25.4,80,0.318,Congestionne,7035,685,2026-05-10,13,dimanche,2026-05-10T13:12:29Z,principal,NA,Cocody
AX_06,Marche Bellville (Bvd Marseille),Treichville,Plateau,5.30587,-3.998069,21.4,50,0.428,Congestionne,6069,653,2026-05-10,13,dimanche,2026-05-10T13:12:30Z,principal,NA,Treichville
AX_07,Rond-point Treichville,Treichville,Plateau,5.307293,-4.011812,10.4,40,0.26,Bloque,2586,570,2026-05-10,13,dimanche,2026-05-10T13:12:31Z,principal,NA,Treichville
AX_08,Gare Lagunaire Bvd Lagunaire,Plateau/Treichville,Plateau,5.312868,-4.010077,20.1,60,0.335,Congestionne,3992,475,2026-05-10,13,dimanche,2026-05-10T13:12:32Z,principal,NA,Plateau
AX_09,Carrefour de l Indenie (Adjame),Adjame,Plateau,5.341379,-4.020257,25.3,50,0.506,Modere,4314,408,2026-05-10,13,dimanche,2026-05-10T13:12:34Z,principal,NA,Adjamé
AX_10,Adjame Mosquee (Bvd Nangui Abrogoua),Adjame,Plateau,5.354097,-4.026506,29.9,55,0.544,Modere,5369,429,2026-05-10,13,dimanche,2026-05-10T13:12:35Z,principal,NA,Adjamé
AX_11,Echangeur de la Ferraille (Adjame),Adjame,Plateau,5.308686,-3.964053,17.5,50,0.35,Congestionne,9501,1294,2026-05-10,13,dimanche,2026-05-10T13:12:36Z,principal,NA,Adjamé
AX_12,Feux Autoroute Nord entree Adjame,Adjame,Plateau,5.299899,-3.998254,17.9,100,0.179,Bloque,4252,566,2026-05-10,13,dimanche,2026-05-10T13:12:37Z,principal,NA,Adjamé
AX_13,Carrefour Universite (Cocody),Cocody,Cocody,5.334383,-3.938384,19.8,60,0.33,Congestionne,8812,1103,2026-05-10,13,dimanche,2026-05-10T13:12:38Z,principal,NA,Cocody
AX_14,2 Plateaux Vallon (Bvd Mitterrand),Cocody,Cocody,5.362127,-3.98962,12.4,60,0.207,Bloque,1354,271,2026-05-10,13,dimanche,2026-05-10T13:12:40Z,principal,NA,Cocody
AX_15,Abobo Gare Mairie (Route Abobo),Abobo,Plateau,5.420996,-4.01901,36.6,90,0.407,Congestionne,13296,917,2026-05-10,13,dimanche,2026-05-10T13:12:41Z,principal,NA,Abobo
AX_16,Gare Yopougon Autoroute Yopougon,Yopougon,Plateau,5.369048,-3.999911,24.5,100,0.245,Bloque,8791,887,2026-05-10,13,dimanche,2026-05-10T13:12:42Z,principal,NA,Yopougon
AX_17,Clinique Fraternite (Bvd Fraternite),Yopougon,Plateau,5.349303,-4.021832,25.9,50,0.518,Modere,4855,463,2026-05-10,13,dimanche,2026-05-10T13:12:43Z,principal,NA,Yopougon
AX_18,Carrefour Jatak (Route de Dabou),Yopougon,Plateau,5.321877,-4.1035450000000004,28.5,90,0.317,Congestionne,18601,1612,2026-05-10,13,dimanche,2026-05-10T13:12:44Z,principal,NA,Yopougon
AX_19,Lycee Bingerville (Route Bingerville),Bingerville,Cocody,5.357895,-3.890668,26.2,70,0.374,Congestionne,13218,1343,2026-05-10,13,dimanche,2026-05-10T13:12:46Z,principal,NA,Bingerville
AX_20,Rond-point Marcory (Bvd de la Paix),Marcory,Plateau,5.303988,-4.003239,19.6,50,0.392,Congestionne,4123,514,2026-05-10,13,dimanche,2026-05-10T13:12:47Z,principal,NA,Marcory
AX_01,Pont HKB (Henri Konan Bedie),Cocody/Marcory,Plateau,5.329775,-3.981814,24.8,80,0.31,Congestionne,10854,1140,2026-05-10,14,dimanche,2026-05-10T14:14:01Z,principal,NA,Cocody
AX_02,Pont De Gaulle,Plateau/Treichville,Plateau,5.317516,-4.016406,17.4,60,0.29,Bloque,1224,176,2026-05-10,14,dimanche,2026-05-10T14:14:02Z,principal,NA,Plateau
AX_03,Pont Felix Houphouet-Boigny,Plateau/Treichville,Plateau,5.328028,-4.017425,22.5,60,0.375,Congestionne,2414,269,2026-05-10,14,dimanche,2026-05-10T14:14:03Z,principal,NA,Plateau
AX_04,Boulevard VGE (Giscard d Estaing),Plateau/Port-Bouet,Plateau,5.284092,-3.960922,25.9,100,0.259,Bloque,9720,944,2026-05-10,14,dimanche,2026-05-10T14:14:05Z,principal,NA,Plateau
AX_05,5eme Pont acces Saint-Jean,Cocody/Plateau,Plateau,5.335149,-3.996117,26.7,80,0.334,Congestionne,7035,685,2026-05-10,14,dimanche,2026-05-10T14:14:06Z,principal,NA,Cocody
AX_06,Marche Bellville (Bvd Marseille),Treichville,Plateau,5.30587,-3.998069,22.5,50,0.45,Congestionne,6069,653,2026-05-10,14,dimanche,2026-05-10T14:14:07Z,principal,NA,Treichville
AX_07,Rond-point Treichville,Treichville,Plateau,5.307293,-4.011812,11,40,0.275,Bloque,2586,570,2026-05-10,14,dimanche,2026-05-10T14:14:08Z,principal,NA,Treichville
AX_08,Gare Lagunaire Bvd Lagunaire,Plateau/Treichville,Plateau,5.312868,-4.010077,21.1,60,0.352,Congestionne,3992,475,2026-05-10,14,dimanche,2026-05-10T14:14:09Z,principal,NA,Plateau
AX_09,Carrefour de l Indenie (Adjame),Adjame,Plateau,5.341379,-4.020257,26.6,50,0.532,Modere,4314,408,2026-05-10,14,dimanche,2026-05-10T14:14:11Z,principal,NA,Adjamé
AX_10,Adjame Mosquee (Bvd Nangui Abrogoua),Adjame,Plateau,5.354097,-4.026506,31.4,55,0.571,Modere,5369,429,2026-05-10,14,dimanche,2026-05-10T14:14:12Z,principal,NA,Adjamé
AX_11,Echangeur de la Ferraille (Adjame),Adjame,Plateau,5.308686,-3.964053,18.4,50,0.368,Congestionne,9501,1294,2026-05-10,14,dimanche,2026-05-10T14:14:13Z,principal,NA,Adjamé
AX_12,Feux Autoroute Nord entree Adjame,Adjame,Plateau,5.299899,-3.998254,18.8,100,0.188,Bloque,4252,566,2026-05-10,14,dimanche,2026-05-10T14:14:14Z,principal,NA,Adjamé
AX_13,Carrefour Universite (Cocody),Cocody,Cocody,5.334383,-3.938384,20.8,60,0.347,Congestionne,8812,1103,2026-05-10,14,dimanche,2026-05-10T14:14:15Z,principal,NA,Cocody
AX_14,2 Plateaux Vallon (Bvd Mitterrand),Cocody,Cocody,5.362127,-3.98962,13,60,0.217,Bloque,1354,271,2026-05-10,14,dimanche,2026-05-10T14:14:17Z,principal,NA,Cocody
AX_15,Abobo Gare Mairie (Route Abobo),Abobo,Plateau,5.420996,-4.01901,38.5,90,0.428,Congestionne,13296,917,2026-05-10,14,dimanche,2026-05-10T14:14:18Z,principal,NA,Abobo
AX_16,Gare Yopougon Autoroute Yopougon,Yopougon,Plateau,5.369048,-3.999911,25.8,100,0.258,Bloque,8791,887,2026-05-10,14,dimanche,2026-05-10T14:14:19Z,principal,NA,Yopougon
AX_17,Clinique Fraternite (Bvd Fraternite),Yopougon,Plateau,5.349303,-4.021832,27.2,50,0.544,Modere,4855,463,2026-05-10,14,dimanche,2026-05-10T14:14:20Z,principal,NA,Yopougon
AX_18,Carrefour Jatak (Route de Dabou),Yopougon,Plateau,5.321877,-4.1035450000000004,29.9,90,0.332,Congestionne,18601,1612,2026-05-10,14,dimanche,2026-05-10T14:14:22Z,principal,NA,Yopougon
AX_19,Lycee Bingerville (Route Bingerville),Bingerville,Cocody,5.357895,-3.890668,27.6,70,0.394,Congestionne,13218,1343,2026-05-10,14,dimanche,2026-05-10T14:14:23Z,principal,NA,Bingerville
AX_20,Rond-point Marcory (Bvd de la Paix),Marcory,Plateau,5.303988,-4.003239,20.6,50,0.412,Congestionne,4123,514,2026-05-10,14,dimanche,2026-05-10T14:14:24Z,principal,NA,Marcory
AX_01,Pont HKB (Henri Konan Bedie),Cocody/Marcory,Plateau,5.329775,-3.981814,21.7,80,0.271,Bloque,10854,1140,2026-05-10,15,dimanche,2026-05-10T15:15:58Z,principal,NA,Cocody
AX_02,Pont De Gaulle,Plateau/Treichville,Plateau,5.317516,-4.016406,15.3,60,0.255,Bloque,1224,176,2026-05-10,15,dimanche,2026-05-10T15:16:00Z,principal,NA,Plateau
AX_03,Pont Felix Houphouet-Boigny,Plateau/Treichville,Plateau,5.328028,-4.017425,19.8,60,0.33,Congestionne,2414,269,2026-05-10,15,dimanche,2026-05-10T15:16:01Z,principal,NA,Plateau
AX_04,Boulevard VGE (Giscard d Estaing),Plateau/Port-Bouet,Plateau,5.284092,-3.960922,22.7,100,0.227,Bloque,9720,944,2026-05-10,15,dimanche,2026-05-10T15:16:02Z,principal,NA,Plateau
AX_05,5eme Pont acces Saint-Jean,Cocody/Plateau,Plateau,5.335149,-3.996117,23.4,80,0.292,Bloque,7035,685,2026-05-10,15,dimanche,2026-05-10T15:16:04Z,principal,NA,Cocody
AX_06,Marche Bellville (Bvd Marseille),Treichville,Plateau,5.30587,-3.998069,19.8,50,0.396,Congestionne,6069,653,2026-05-10,15,dimanche,2026-05-10T15:16:05Z,principal,NA,Treichville
AX_07,Rond-point Treichville,Treichville,Plateau,5.307293,-4.011812,9.6,40,0.24,Bloque,2586,570,2026-05-10,15,dimanche,2026-05-10T15:16:06Z,principal,NA,Treichville
AX_08,Gare Lagunaire Bvd Lagunaire,Plateau/Treichville,Plateau,5.312868,-4.010077,18.5,60,0.308,Congestionne,3992,475,2026-05-10,15,dimanche,2026-05-10T15:16:07Z,principal,NA,Plateau
AX_09,Carrefour de l Indenie (Adjame),Adjame,Plateau,5.341379,-4.020257,23.3,50,0.466,Congestionne,4314,408,2026-05-10,15,dimanche,2026-05-10T15:16:09Z,principal,NA,Adjamé
AX_10,Adjame Mosquee (Bvd Nangui Abrogoua),Adjame,Plateau,5.354097,-4.026506,27.6,55,0.502,Modere,5369,429,2026-05-10,15,dimanche,2026-05-10T15:16:10Z,principal,NA,Adjamé
AX_11,Echangeur de la Ferraille (Adjame),Adjame,Plateau,5.308686,-3.964053,16.2,50,0.324,Congestionne,9501,1294,2026-05-10,15,dimanche,2026-05-10T15:16:11Z,principal,NA,Adjamé
AX_12,Feux Autoroute Nord entree Adjame,Adjame,Plateau,5.299899,-3.998254,16.5,100,0.165,Bloque,4252,566,2026-05-10,15,dimanche,2026-05-10T15:16:12Z,principal,NA,Adjamé
AX_13,Carrefour Universite (Cocody),Cocody,Cocody,5.334383,-3.938384,18.2,60,0.303,Congestionne,8812,1103,2026-05-10,15,dimanche,2026-05-10T15:16:13Z,principal,NA,Cocody
AX_14,2 Plateaux Vallon (Bvd Mitterrand),Cocody,Cocody,5.362127,-3.98962,11.4,60,0.19,Bloque,1354,271,2026-05-10,15,dimanche,2026-05-10T15:16:15Z,principal,NA,Cocody
AX_15,Abobo Gare Mairie (Route Abobo),Abobo,Plateau,5.420996,-4.01901,33.8,90,0.376,Congestionne,13296,917,2026-05-10,15,dimanche,2026-05-10T15:16:16Z,principal,NA,Abobo
AX_16,Gare Yopougon Autoroute Yopougon,Yopougon,Plateau,5.369048,-3.999911,22.6,100,0.226,Bloque,8791,887,2026-05-10,15,dimanche,2026-05-10T15:16:17Z,principal,NA,Yopougon
AX_17,Clinique Fraternite (Bvd Fraternite),Yopougon,Plateau,5.349303,-4.021832,23.9,50,0.478,Congestionne,4855,463,2026-05-10,15,dimanche,2026-05-10T15:16:18Z,principal,NA,Yopougon
AX_18,Carrefour Jatak (Route de Dabou),Yopougon,Plateau,5.321877,-4.1035450000000004,26.3,90,0.292,Bloque,18601,1612,2026-05-10,15,dimanche,2026-05-10T15:16:20Z,principal,NA,Yopougon
AX_19,Lycee Bingerville (Route Bingerville),Bingerville,Cocody,5.357895,-3.890668,24.2,70,0.346,Congestionne,13218,1343,2026-05-10,15,dimanche,2026-05-10T15:16:21Z,principal,NA,Bingerville
AX_20,Rond-point Marcory (Bvd de la Paix),Marcory,Plateau,5.303988,-4.003239,18.1,50,0.362,Congestionne,4123,514,2026-05-10,15,dimanche,2026-05-10T15:16:22Z,principal,NA,Marcory
AX_01,Pont HKB (Henri Konan Bedie),Cocody/Marcory,Plateau,5.329775,-3.981814,15.7,80,0.196,Bloque,10854,1140,2026-05-10,16,dimanche,2026-05-10T16:17:42Z,principal,NA,Cocody
AX_02,Pont De Gaulle,Plateau/Treichville,Plateau,5.317516,-4.016406,11,60,0.183,Bloque,1224,176,2026-05-10,16,dimanche,2026-05-10T16:17:43Z,principal,NA,Plateau
AX_03,Pont Felix Houphouet-Boigny,Plateau/Treichville,Plateau,5.328028,-4.017425,14.3,60,0.238,Bloque,2414,269,2026-05-10,16,dimanche,2026-05-10T16:17:44Z,principal,NA,Plateau
AX_04,Boulevard VGE (Giscard d Estaing),Plateau/Port-Bouet,Plateau,5.284092,-3.960922,16.4,100,0.164,Bloque,9720,944,2026-05-10,16,dimanche,2026-05-10T16:17:46Z,principal,NA,Plateau
AX_05,5eme Pont acces Saint-Jean,Cocody/Plateau,Plateau,5.335149,-3.996117,16.9,80,0.211,Bloque,7035,685,2026-05-10,16,dimanche,2026-05-10T16:17:47Z,principal,NA,Cocody
AX_06,Marche Bellville (Bvd Marseille),Treichville,Plateau,5.30587,-3.998069,14.3,50,0.286,Bloque,6069,653,2026-05-10,16,dimanche,2026-05-10T16:17:48Z,principal,NA,Treichville
AX_07,Rond-point Treichville,Treichville,Plateau,5.307293,-4.011812,7,40,0.175,Bloque,2586,570,2026-05-10,16,dimanche,2026-05-10T16:17:49Z,principal,NA,Treichville
AX_08,Gare Lagunaire Bvd Lagunaire,Plateau/Treichville,Plateau,5.312868,-4.010077,13.4,60,0.223,Bloque,3992,475,2026-05-10,16,dimanche,2026-05-10T16:17:50Z,principal,NA,Plateau
AX_09,Carrefour de l Indenie (Adjame),Adjame,Plateau,5.341379,-4.020257,16.8,50,0.336,Congestionne,4314,408,2026-05-10,16,dimanche,2026-05-10T16:17:52Z,principal,NA,Adjamé
AX_10,Adjame Mosquee (Bvd Nangui Abrogoua),Adjame,Plateau,5.354097,-4.026506,19.9,55,0.362,Congestionne,5369,429,2026-05-10,16,dimanche,2026-05-10T16:17:53Z,principal,NA,Adjamé
AX_11,Echangeur de la Ferraille (Adjame),Adjame,Plateau,5.308686,-3.964053,11.7,50,0.234,Bloque,9501,1294,2026-05-10,16,dimanche,2026-05-10T16:17:54Z,principal,NA,Adjamé
AX_12,Feux Autoroute Nord entree Adjame,Adjame,Plateau,5.299899,-3.998254,11.9,100,0.119,Bloque,4252,566,2026-05-10,16,dimanche,2026-05-10T16:17:55Z,principal,NA,Adjamé
AX_13,Carrefour Universite (Cocody),Cocody,Cocody,5.334383,-3.938384,13.2,60,0.22,Bloque,8812,1103,2026-05-10,16,dimanche,2026-05-10T16:17:57Z,principal,NA,Cocody
AX_14,2 Plateaux Vallon (Bvd Mitterrand),Cocody,Cocody,5.362127,-3.98962,8.2,60,0.137,Bloque,1354,271,2026-05-10,16,dimanche,2026-05-10T16:17:58Z,principal,NA,Cocody
AX_15,Abobo Gare Mairie (Route Abobo),Abobo,Plateau,5.420996,-4.01901,24.4,90,0.271,Bloque,13296,917,2026-05-10,16,dimanche,2026-05-10T16:17:59Z,principal,NA,Abobo
AX_16,Gare Yopougon Autoroute Yopougon,Yopougon,Plateau,5.369048,-3.999911,16.3,100,0.163,Bloque,8791,887,2026-05-10,16,dimanche,2026-05-10T16:18:00Z,principal,NA,Yopougon
AX_17,Clinique Fraternite (Bvd Fraternite),Yopougon,Plateau,5.349303,-4.021832,17.3,50,0.346,Congestionne,4855,463,2026-05-10,16,dimanche,2026-05-10T16:18:02Z,principal,NA,Yopougon
AX_18,Carrefour Jatak (Route de Dabou),Yopougon,Plateau,5.321877,-4.1035450000000004,19,90,0.211,Bloque,18601,1612,2026-05-10,16,dimanche,2026-05-10T16:18:03Z,principal,NA,Yopougon
AX_19,Lycee Bingerville (Route Bingerville),Bingerville,Cocody,5.357895,-3.890668,17.5,70,0.25,Bloque,13218,1343,2026-05-10,16,dimanche,2026-05-10T16:18:04Z,principal,NA,Bingerville
AX_20,Rond-point Marcory (Bvd de la Paix),Marcory,Plateau,5.303988,-4.003239,13.1,50,0.262,Bloque,4123,514,2026-05-10,16,dimanche,2026-05-10T16:18:05Z,principal,NA,Marcory
AX_01,Pont HKB (Henri Konan Bedie),Cocody/Marcory,Plateau,5.329775,-3.981814,11.5,80,0.144,Bloque,10854,1140,2026-05-10,17,dimanche,2026-05-10T17:19:25Z,principal,NA,Cocody
AX_02,Pont De Gaulle,Plateau/Treichville,Plateau,5.317516,-4.016406,8.1,60,0.135,Bloque,1224,176,2026-05-10,17,dimanche,2026-05-10T17:19:26Z,principal,NA,Plateau
AX_03,Pont Felix Houphouet-Boigny,Plateau/Treichville,Plateau,5.328028,-4.017425,10.4,60,0.173,Bloque,2414,269,2026-05-10,17,dimanche,2026-05-10T17:19:27Z,principal,NA,Plateau
AX_04,Boulevard VGE (Giscard d Estaing),Plateau/Port-Bouet,Plateau,5.284092,-3.960922,12,100,0.12,Bloque,9720,944,2026-05-10,17,dimanche,2026-05-10T17:19:28Z,principal,NA,Plateau
AX_05,5eme Pont acces Saint-Jean,Cocody/Plateau,Plateau,5.335149,-3.996117,12.4,80,0.155,Bloque,7035,685,2026-05-10,17,dimanche,2026-05-10T17:19:30Z,principal,NA,Cocody
AX_06,Marche Bellville (Bvd Marseille),Treichville,Plateau,5.30587,-3.998069,10.4,50,0.208,Bloque,6069,653,2026-05-10,17,dimanche,2026-05-10T17:19:31Z,principal,NA,Treichville
AX_07,Rond-point Treichville,Treichville,Plateau,5.307293,-4.011812,5.1,40,0.128,Bloque,2586,570,2026-05-10,17,dimanche,2026-05-10T17:19:32Z,principal,NA,Treichville
AX_08,Gare Lagunaire Bvd Lagunaire,Plateau/Treichville,Plateau,5.312868,-4.010077,9.8,60,0.163,Bloque,3992,475,2026-05-10,17,dimanche,2026-05-10T17:19:33Z,principal,NA,Plateau
AX_09,Carrefour de l Indenie (Adjame),Adjame,Plateau,5.341379,-4.020257,12.3,50,0.246,Bloque,4314,408,2026-05-10,17,dimanche,2026-05-10T17:19:35Z,principal,NA,Adjamé
AX_10,Adjame Mosquee (Bvd Nangui Abrogoua),Adjame,Plateau,5.354097,-4.026506,14.6,55,0.265,Bloque,5369,429,2026-05-10,17,dimanche,2026-05-10T17:19:36Z,principal,NA,Adjamé
AX_11,Echangeur de la Ferraille (Adjame),Adjame,Plateau,5.308686,-3.964053,8.5,50,0.17,Bloque,9501,1294,2026-05-10,17,dimanche,2026-05-10T17:19:37Z,principal,NA,Adjamé
AX_12,Feux Autoroute Nord entree Adjame,Adjame,Plateau,5.299899,-3.998254,8.7,100,0.087,Bloque,4252,566,2026-05-10,17,dimanche,2026-05-10T17:19:38Z,principal,NA,Adjamé
AX_13,Carrefour Universite (Cocody),Cocody,Cocody,5.334383,-3.938384,9.6,60,0.16,Bloque,8812,1103,2026-05-10,17,dimanche,2026-05-10T17:19:39Z,principal,NA,Cocody
AX_14,2 Plateaux Vallon (Bvd Mitterrand),Cocody,Cocody,5.362127,-3.98962,6,60,0.1,Bloque,1354,271,2026-05-10,17,dimanche,2026-05-10T17:19:41Z,principal,NA,Cocody
AX_15,Abobo Gare Mairie (Route Abobo),Abobo,Plateau,5.420996,-4.01901,17.9,90,0.199,Bloque,13296,917,2026-05-10,17,dimanche,2026-05-10T17:19:42Z,principal,NA,Abobo
AX_16,Gare Yopougon Autoroute Yopougon,Yopougon,Plateau,5.369048,-3.999911,11.9,100,0.119,Bloque,8791,887,2026-05-10,17,dimanche,2026-05-10T17:19:43Z,principal,NA,Yopougon
AX_17,Clinique Fraternite (Bvd Fraternite),Yopougon,Plateau,5.349303,-4.021832,12.6,50,0.252,Bloque,4855,463,2026-05-10,17,dimanche,2026-05-10T17:19:44Z,principal,NA,Yopougon
AX_18,Carrefour Jatak (Route de Dabou),Yopougon,Plateau,5.321877,-4.1035450000000004,13.9,90,0.154,Bloque,18601,1612,2026-05-10,17,dimanche,2026-05-10T17:19:46Z,principal,NA,Yopougon
AX_19,Lycee Bingerville (Route Bingerville),Bingerville,Cocody,5.357895,-3.890668,12.8,70,0.183,Bloque,13218,1343,2026-05-10,17,dimanche,2026-05-10T17:19:47Z,principal,NA,Bingerville
AX_20,Rond-point Marcory (Bvd de la Paix),Marcory,Plateau,5.303988,-4.003239,9.6,50,0.192,Bloque,4123,514,2026-05-10,17,dimanche,2026-05-10T17:19:48Z,principal,NA,Marcory
AX_01,Pont HKB (Henri Konan Bedie),Cocody/Marcory,Plateau,5.329775,-3.981814,14.5,80,0.181,Bloque,10854,1140,2026-05-10,18,dimanche,2026-05-10T18:21:05Z,principal,NA,Cocody
AX_02,Pont De Gaulle,Plateau/Treichville,Plateau,5.317516,-4.016406,10.2,60,0.17,Bloque,1224,176,2026-05-10,18,dimanche,2026-05-10T18:21:06Z,principal,NA,Plateau
AX_03,Pont Felix Houphouet-Boigny,Plateau/Treichville,Plateau,5.328028,-4.017425,13.2,60,0.22,Bloque,2414,269,2026-05-10,18,dimanche,2026-05-10T18:21:07Z,principal,NA,Plateau
AX_04,Boulevard VGE (Giscard d Estaing),Plateau/Port-Bouet,Plateau,5.284092,-3.960922,15.1,100,0.151,Bloque,9720,944,2026-05-10,18,dimanche,2026-05-10T18:21:08Z,principal,NA,Plateau
AX_05,5eme Pont acces Saint-Jean,Cocody/Plateau,Plateau,5.335149,-3.996117,15.6,80,0.195,Bloque,7035,685,2026-05-10,18,dimanche,2026-05-10T18:21:09Z,principal,NA,Cocody
AX_06,Marche Bellville (Bvd Marseille),Treichville,Plateau,5.30587,-3.998069,13.2,50,0.264,Bloque,6069,653,2026-05-10,18,dimanche,2026-05-10T18:21:11Z,principal,NA,Treichville
AX_07,Rond-point Treichville,Treichville,Plateau,5.307293,-4.011812,6.4,40,0.16,Bloque,2586,570,2026-05-10,18,dimanche,2026-05-10T18:21:12Z,principal,NA,Treichville
AX_08,Gare Lagunaire Bvd Lagunaire,Plateau/Treichville,Plateau,5.312868,-4.010077,12.4,60,0.207,Bloque,3992,475,2026-05-10,18,dimanche,2026-05-10T18:21:13Z,principal,NA,Plateau
AX_09,Carrefour de l Indenie (Adjame),Adjame,Plateau,5.341379,-4.020257,15.5,50,0.31,Congestionne,4314,408,2026-05-10,18,dimanche,2026-05-10T18:21:14Z,principal,NA,Adjamé
AX_10,Adjame Mosquee (Bvd Nangui Abrogoua),Adjame,Plateau,5.354097,-4.026506,18.4,55,0.335,Congestionne,5369,429,2026-05-10,18,dimanche,2026-05-10T18:21:16Z,principal,NA,Adjamé
AX_11,Echangeur de la Ferraille (Adjame),Adjame,Plateau,5.308686,-3.964053,10.8,50,0.216,Bloque,9501,1294,2026-05-10,18,dimanche,2026-05-10T18:21:17Z,principal,NA,Adjamé
AX_12,Feux Autoroute Nord entree Adjame,Adjame,Plateau,5.299899,-3.998254,11,100,0.11,Bloque,4252,566,2026-05-10,18,dimanche,2026-05-10T18:21:18Z,principal,NA,Adjamé
AX_13,Carrefour Universite (Cocody),Cocody,Cocody,5.334383,-3.938384,12.2,60,0.203,Bloque,8812,1103,2026-05-10,18,dimanche,2026-05-10T18:21:19Z,principal,NA,Cocody
AX_14,2 Plateaux Vallon (Bvd Mitterrand),Cocody,Cocody,5.362127,-3.98962,7.6,60,0.127,Bloque,1354,271,2026-05-10,18,dimanche,2026-05-10T18:21:20Z,principal,NA,Cocody
AX_15,Abobo Gare Mairie (Route Abobo),Abobo,Plateau,5.420996,-4.01901,22.6,90,0.251,Bloque,13296,917,2026-05-10,18,dimanche,2026-05-10T18:21:22Z,principal,NA,Abobo
AX_16,Gare Yopougon Autoroute Yopougon,Yopougon,Plateau,5.369048,-3.999911,15.1,100,0.151,Bloque,8791,887,2026-05-10,18,dimanche,2026-05-10T18:21:23Z,principal,NA,Yopougon
AX_17,Clinique Fraternite (Bvd Fraternite),Yopougon,Plateau,5.349303,-4.021832,15.9,50,0.318,Congestionne,4855,463,2026-05-10,18,dimanche,2026-05-10T18:21:24Z,principal,NA,Yopougon
AX_18,Carrefour Jatak (Route de Dabou),Yopougon,Plateau,5.321877,-4.1035450000000004,17.5,90,0.194,Bloque,18601,1612,2026-05-10,18,dimanche,2026-05-10T18:21:25Z,principal,NA,Yopougon
AX_19,Lycee Bingerville (Route Bingerville),Bingerville,Cocody,5.357895,-3.890668,16.1,70,0.23,Bloque,13218,1343,2026-05-10,18,dimanche,2026-05-10T18:21:27Z,principal,NA,Bingerville
AX_20,Rond-point Marcory (Bvd de la Paix),Marcory,Plateau,5.303988,-4.003239,12.1,50,0.242,Bloque,4123,514,2026-05-10,18,dimanche,2026-05-10T18:21:28Z,principal,NA,Marcory
AX_01,Pont HKB (Henri Konan Bedie),Cocody/Marcory,Plateau,5.329775,-3.981814,18.7,80,0.234,Bloque,10854,1140,2026-05-10,19,dimanche,2026-05-10T19:22:58Z,principal,NA,Cocody
AX_02,Pont De Gaulle,Plateau/Treichville,Plateau,5.317516,-4.016406,13.2,60,0.22,Bloque,1224,176,2026-05-10,19,dimanche,2026-05-10T19:22:59Z,principal,NA,Plateau
AX_03,Pont Felix Houphouet-Boigny,Plateau/Treichville,Plateau,5.328028,-4.017425,17,60,0.283,Bloque,2414,269,2026-05-10,19,dimanche,2026-05-10T19:23:01Z,principal,NA,Plateau
AX_04,Boulevard VGE (Giscard d Estaing),Plateau/Port-Bouet,Plateau,5.284092,-3.960922,19.6,100,0.196,Bloque,9720,944,2026-05-10,19,dimanche,2026-05-10T19:23:02Z,principal,NA,Plateau
AX_05,5eme Pont acces Saint-Jean,Cocody/Plateau,Plateau,5.335149,-3.996117,20.2,80,0.252,Bloque,7035,685,2026-05-10,19,dimanche,2026-05-10T19:23:03Z,principal,NA,Cocody
AX_06,Marche Bellville (Bvd Marseille),Treichville,Plateau,5.30587,-3.998069,17,50,0.34,Congestionne,6069,653,2026-05-10,19,dimanche,2026-05-10T19:23:04Z,principal,NA,Treichville
AX_07,Rond-point Treichville,Treichville,Plateau,5.307293,-4.011812,8.3,40,0.208,Bloque,2586,570,2026-05-10,19,dimanche,2026-05-10T19:23:06Z,principal,NA,Treichville
AX_08,Gare Lagunaire Bvd Lagunaire,Plateau/Treichville,Plateau,5.312868,-4.010077,16,60,0.267,Bloque,3992,475,2026-05-10,19,dimanche,2026-05-10T19:23:07Z,principal,NA,Plateau
AX_09,Carrefour de l Indenie (Adjame),Adjame,Plateau,5.341379,-4.020257,20.1,50,0.402,Congestionne,4314,408,2026-05-10,19,dimanche,2026-05-10T19:23:08Z,principal,NA,Adjamé
AX_10,Adjame Mosquee (Bvd Nangui Abrogoua),Adjame,Plateau,5.354097,-4.026506,23.8,55,0.433,Congestionne,5369,429,2026-05-10,19,dimanche,2026-05-10T19:23:09Z,principal,NA,Adjamé
AX_11,Echangeur de la Ferraille (Adjame),Adjame,Plateau,5.308686,-3.964053,13.9,50,0.278,Bloque,9501,1294,2026-05-10,19,dimanche,2026-05-10T19:23:10Z,principal,NA,Adjamé
AX_12,Feux Autoroute Nord entree Adjame,Adjame,Plateau,5.299899,-3.998254,14.2,100,0.142,Bloque,4252,566,2026-05-10,19,dimanche,2026-05-10T19:23:12Z,principal,NA,Adjamé
AX_13,Carrefour Universite (Cocody),Cocody,Cocody,5.334383,-3.938384,15.7,60,0.262,Bloque,8812,1103,2026-05-10,19,dimanche,2026-05-10T19:23:13Z,principal,NA,Cocody
AX_14,2 Plateaux Vallon (Bvd Mitterrand),Cocody,Cocody,5.362127,-3.98962,9.8,60,0.163,Bloque,1354,271,2026-05-10,19,dimanche,2026-05-10T19:23:14Z,principal,NA,Cocody
AX_15,Abobo Gare Mairie (Route Abobo),Abobo,Plateau,5.420996,-4.01901,29.1,90,0.323,Congestionne,13296,917,2026-05-10,19,dimanche,2026-05-10T19:23:15Z,principal,NA,Abobo
AX_16,Gare Yopougon Autoroute Yopougon,Yopougon,Plateau,5.369048,-3.999911,19.5,100,0.195,Bloque,8791,887,2026-05-10,19,dimanche,2026-05-10T19:23:16Z,principal,NA,Yopougon
AX_17,Clinique Fraternite (Bvd Fraternite),Yopougon,Plateau,5.349303,-4.021832,20.6,50,0.412,Congestionne,4855,463,2026-05-10,19,dimanche,2026-05-10T19:23:18Z,principal,NA,Yopougon
AX_18,Carrefour Jatak (Route de Dabou),Yopougon,Plateau,5.321877,-4.1035450000000004,22.6,90,0.251,Bloque,18601,1612,2026-05-10,19,dimanche,2026-05-10T19:23:19Z,principal,NA,Yopougon
AX_19,Lycee Bingerville (Route Bingerville),Bingerville,Cocody,5.357895,-3.890668,20.9,70,0.299,Bloque,13218,1343,2026-05-10,19,dimanche,2026-05-10T19:23:20Z,principal,NA,Bingerville
AX_20,Rond-point Marcory (Bvd de la Paix),Marcory,Plateau,5.303988,-4.003239,15.6,50,0.312,Congestionne,4123,514,2026-05-10,19,dimanche,2026-05-10T19:23:21Z,principal,NA,Marcory
AX_01,Pont HKB (Henri Konan Bedie),Cocody/Marcory,Plateau,5.329775,-3.981814,23.5,80,0.294,Bloque,10854,1140,2026-05-10,20,dimanche,2026-05-10T20:24:42Z,principal,NA,Cocody
AX_02,Pont De Gaulle,Plateau/Treichville,Plateau,5.317516,-4.016406,16.6,60,0.277,Bloque,1224,176,2026-05-10,20,dimanche,2026-05-10T20:24:43Z,principal,NA,Plateau
AX_03,Pont Felix Houphouet-Boigny,Plateau/Treichville,Plateau,5.328028,-4.017425,21.4,60,0.357,Congestionne,2414,269,2026-05-10,20,dimanche,2026-05-10T20:24:44Z,principal,NA,Plateau
AX_04,Boulevard VGE (Giscard d Estaing),Plateau/Port-Bouet,Plateau,5.284092,-3.960922,24.6,100,0.246,Bloque,9720,944,2026-05-10,20,dimanche,2026-05-10T20:24:45Z,principal,NA,Plateau
AX_05,5eme Pont acces Saint-Jean,Cocody/Plateau,Plateau,5.335149,-3.996117,25.4,80,0.318,Congestionne,7035,685,2026-05-10,20,dimanche,2026-05-10T20:24:46Z,principal,NA,Cocody
AX_06,Marche Bellville (Bvd Marseille),Treichville,Plateau,5.30587,-3.998069,21.4,50,0.428,Congestionne,6069,653,2026-05-10,20,dimanche,2026-05-10T20:24:48Z,principal,NA,Treichville
AX_07,Rond-point Treichville,Treichville,Plateau,5.307293,-4.011812,10.4,40,0.26,Bloque,2586,570,2026-05-10,20,dimanche,2026-05-10T20:24:49Z,principal,NA,Treichville
AX_08,Gare Lagunaire Bvd Lagunaire,Plateau/Treichville,Plateau,5.312868,-4.010077,20.1,60,0.335,Congestionne,3992,475,2026-05-10,20,dimanche,2026-05-10T20:24:50Z,principal,NA,Plateau
AX_09,Carrefour de l Indenie (Adjame),Adjame,Plateau,5.341379,-4.020257,25.3,50,0.506,Modere,4314,408,2026-05-10,20,dimanche,2026-05-10T20:24:51Z,principal,NA,Adjamé
AX_10,Adjame Mosquee (Bvd Nangui Abrogoua),Adjame,Plateau,5.354097,-4.026506,29.9,55,0.544,Modere,5369,429,2026-05-10,20,dimanche,2026-05-10T20:24:53Z,principal,NA,Adjamé
AX_11,Echangeur de la Ferraille (Adjame),Adjame,Plateau,5.308686,-3.964053,17.5,50,0.35,Congestionne,9501,1294,2026-05-10,20,dimanche,2026-05-10T20:24:54Z,principal,NA,Adjamé
AX_12,Feux Autoroute Nord entree Adjame,Adjame,Plateau,5.299899,-3.998254,17.9,100,0.179,Bloque,4252,566,2026-05-10,20,dimanche,2026-05-10T20:24:55Z,principal,NA,Adjamé
AX_13,Carrefour Universite (Cocody),Cocody,Cocody,5.334383,-3.938384,19.8,60,0.33,Congestionne,8812,1103,2026-05-10,20,dimanche,2026-05-10T20:24:56Z,principal,NA,Cocody
AX_14,2 Plateaux Vallon (Bvd Mitterrand),Cocody,Cocody,5.362127,-3.98962,12.4,60,0.207,Bloque,1354,271,2026-05-10,20,dimanche,2026-05-10T20:24:57Z,principal,NA,Cocody
AX_15,Abobo Gare Mairie (Route Abobo),Abobo,Plateau,5.420996,-4.01901,36.6,90,0.407,Congestionne,13296,917,2026-05-10,20,dimanche,2026-05-10T20:24:59Z,principal,NA,Abobo
AX_16,Gare Yopougon Autoroute Yopougon,Yopougon,Plateau,5.369048,-3.999911,24.5,100,0.245,Bloque,8791,887,2026-05-10,20,dimanche,2026-05-10T20:25:00Z,principal,NA,Yopougon
AX_17,Clinique Fraternite (Bvd Fraternite),Yopougon,Plateau,5.349303,-4.021832,25.9,50,0.518,Modere,4855,463,2026-05-10,20,dimanche,2026-05-10T20:25:01Z,principal,NA,Yopougon
AX_18,Carrefour Jatak (Route de Dabou),Yopougon,Plateau,5.321877,-4.1035450000000004,28.5,90,0.317,Congestionne,18601,1612,2026-05-10,20,dimanche,2026-05-10T20:25:02Z,principal,NA,Yopougon
AX_19,Lycee Bingerville (Route Bingerville),Bingerville,Cocody,5.357895,-3.890668,26.2,70,0.374,Congestionne,13218,1343,2026-05-10,20,dimanche,2026-05-10T20:25:03Z,principal,NA,Bingerville
AX_20,Rond-point Marcory (Bvd de la Paix),Marcory,Plateau,5.303988,-4.003239,19.6,50,0.392,Congestionne,4123,514,2026-05-10,20,dimanche,2026-05-10T20:25:05Z,principal,NA,Marcory
AX_01,Pont HKB (Henri Konan Bedie),Cocody/Marcory,Plateau,5.329775,-3.981814,26.6,80,0.332,Congestionne,10854,1140,2026-05-10,21,dimanche,2026-05-10T21:26:35Z,principal,NA,Cocody
AX_02,Pont De Gaulle,Plateau/Treichville,Plateau,5.317516,-4.016406,18.7,60,0.312,Congestionne,1224,176,2026-05-10,21,dimanche,2026-05-10T21:26:36Z,principal,NA,Plateau
AX_03,Pont Felix Houphouet-Boigny,Plateau/Treichville,Plateau,5.328028,-4.017425,24.2,60,0.403,Congestionne,2414,269,2026-05-10,21,dimanche,2026-05-10T21:26:37Z,principal,NA,Plateau
AX_04,Boulevard VGE (Giscard d Estaing),Plateau/Port-Bouet,Plateau,5.284092,-3.960922,27.8,100,0.278,Bloque,9720,944,2026-05-10,21,dimanche,2026-05-10T21:26:38Z,principal,NA,Plateau
AX_05,5eme Pont acces Saint-Jean,Cocody/Plateau,Plateau,5.335149,-3.996117,28.7,80,0.359,Congestionne,7035,685,2026-05-10,21,dimanche,2026-05-10T21:26:39Z,principal,NA,Cocody
AX_06,Marche Bellville (Bvd Marseille),Treichville,Plateau,5.30587,-3.998069,24.2,50,0.484,Congestionne,6069,653,2026-05-10,21,dimanche,2026-05-10T21:26:41Z,principal,NA,Treichville
AX_07,Rond-point Treichville,Treichville,Plateau,5.307293,-4.011812,11.8,40,0.295,Bloque,2586,570,2026-05-10,21,dimanche,2026-05-10T21:26:42Z,principal,NA,Treichville
AX_08,Gare Lagunaire Bvd Lagunaire,Plateau/Treichville,Plateau,5.312868,-4.010077,22.7,60,0.378,Congestionne,3992,475,2026-05-10,21,dimanche,2026-05-10T21:26:43Z,principal,NA,Plateau
AX_09,Carrefour de l Indenie (Adjame),Adjame,Plateau,5.341379,-4.020257,28.5,50,0.57,Modere,4314,408,2026-05-10,21,dimanche,2026-05-10T21:26:44Z,principal,NA,Adjamé
AX_10,Adjame Mosquee (Bvd Nangui Abrogoua),Adjame,Plateau,5.354097,-4.026506,33.7,55,0.613,Modere,5369,429,2026-05-10,21,dimanche,2026-05-10T21:26:46Z,principal,NA,Adjamé
AX_11,Echangeur de la Ferraille (Adjame),Adjame,Plateau,5.308686,-3.964053,19.7,50,0.394,Congestionne,9501,1294,2026-05-10,21,dimanche,2026-05-10T21:26:47Z,principal,NA,Adjamé
AX_12,Feux Autoroute Nord entree Adjame,Adjame,Plateau,5.299899,-3.998254,20.2,100,0.202,Bloque,4252,566,2026-05-10,21,dimanche,2026-05-10T21:26:48Z,principal,NA,Adjamé
AX_13,Carrefour Universite (Cocody),Cocody,Cocody,5.334383,-3.938384,22.3,60,0.372,Congestionne,8812,1103,2026-05-10,21,dimanche,2026-05-10T21:26:49Z,principal,NA,Cocody
AX_14,2 Plateaux Vallon (Bvd Mitterrand),Cocody,Cocody,5.362127,-3.98962,13.9,60,0.232,Bloque,1354,271,2026-05-10,21,dimanche,2026-05-10T21:26:50Z,principal,NA,Cocody
AX_15,Abobo Gare Mairie (Route Abobo),Abobo,Plateau,5.420996,-4.01901,41.3,90,0.459,Congestionne,13296,917,2026-05-10,21,dimanche,2026-05-10T21:26:52Z,principal,NA,Abobo
AX_16,Gare Yopougon Autoroute Yopougon,Yopougon,Plateau,5.369048,-3.999911,27.6,100,0.276,Bloque,8791,887,2026-05-10,21,dimanche,2026-05-10T21:26:53Z,principal,NA,Yopougon
AX_17,Clinique Fraternite (Bvd Fraternite),Yopougon,Plateau,5.349303,-4.021832,29.2,50,0.584,Modere,4855,463,2026-05-10,21,dimanche,2026-05-10T21:26:54Z,principal,NA,Yopougon
AX_18,Carrefour Jatak (Route de Dabou),Yopougon,Plateau,5.321877,-4.1035450000000004,32.1,90,0.357,Congestionne,18601,1612,2026-05-10,21,dimanche,2026-05-10T21:26:55Z,principal,NA,Yopougon
AX_19,Lycee Bingerville (Route Bingerville),Bingerville,Cocody,5.357895,-3.890668,29.6,70,0.423,Congestionne,13218,1343,2026-05-10,21,dimanche,2026-05-10T21:26:56Z,principal,NA,Bingerville
AX_20,Rond-point Marcory (Bvd de la Paix),Marcory,Plateau,5.303988,-4.003239,22.1,50,0.442,Congestionne,4123,514,2026-05-10,21,dimanche,2026-05-10T21:26:58Z,principal,NA,Marcory
AX_01,Pont HKB (Henri Konan Bedie),Cocody/Marcory,Plateau,5.329775,-3.981814,28.4,80,0.355,Congestionne,10854,1140,2026-05-10,22,dimanche,2026-05-10T22:28:21Z,principal,NA,Cocody
AX_02,Pont De Gaulle,Plateau/Treichville,Plateau,5.317516,-4.016406,20,60,0.333,Congestionne,1224,176,2026-05-10,22,dimanche,2026-05-10T22:28:22Z,principal,NA,Plateau
AX_03,Pont Felix Houphouet-Boigny,Plateau/Treichville,Plateau,5.328028,-4.017425,25.8,60,0.43,Congestionne,2414,269,2026-05-10,22,dimanche,2026-05-10T22:28:23Z,principal,NA,Plateau
AX_04,Boulevard VGE (Giscard d Estaing),Plateau/Port-Bouet,Plateau,5.284092,-3.960922,29.6,100,0.296,Bloque,9720,944,2026-05-10,22,dimanche,2026-05-10T22:28:24Z,principal,NA,Plateau
AX_05,5eme Pont acces Saint-Jean,Cocody/Plateau,Plateau,5.335149,-3.996117,30.6,80,0.382,Congestionne,7035,685,2026-05-10,22,dimanche,2026-05-10T22:28:26Z,principal,NA,Cocody
AX_06,Marche Bellville (Bvd Marseille),Treichville,Plateau,5.30587,-3.998069,25.8,50,0.516,Modere,6069,653,2026-05-10,22,dimanche,2026-05-10T22:28:27Z,principal,NA,Treichville
AX_07,Rond-point Treichville,Treichville,Plateau,5.307293,-4.011812,12.6,40,0.315,Congestionne,2586,570,2026-05-10,22,dimanche,2026-05-10T22:28:28Z,principal,NA,Treichville
AX_08,Gare Lagunaire Bvd Lagunaire,Plateau/Treichville,Plateau,5.312868,-4.010077,24.2,60,0.403,Congestionne,3992,475,2026-05-10,22,dimanche,2026-05-10T22:28:29Z,principal,NA,Plateau
AX_09,Carrefour de l Indenie (Adjame),Adjame,Plateau,5.341379,-4.020257,30.4,50,0.608,Modere,4314,408,2026-05-10,22,dimanche,2026-05-10T22:28:30Z,principal,NA,Adjamé
AX_10,Adjame Mosquee (Bvd Nangui Abrogoua),Adjame,Plateau,5.354097,-4.026506,36,55,0.655,Modere,5369,429,2026-05-10,22,dimanche,2026-05-10T22:28:32Z,principal,NA,Adjamé
AX_11,Echangeur de la Ferraille (Adjame),Adjame,Plateau,5.308686,-3.964053,21.1,50,0.422,Congestionne,9501,1294,2026-05-10,22,dimanche,2026-05-10T22:28:33Z,principal,NA,Adjamé
AX_12,Feux Autoroute Nord entree Adjame,Adjame,Plateau,5.299899,-3.998254,21.6,100,0.216,Bloque,4252,566,2026-05-10,22,dimanche,2026-05-10T22:28:34Z,principal,NA,Adjamé
AX_13,Carrefour Universite (Cocody),Cocody,Cocody,5.334383,-3.938384,23.8,60,0.397,Congestionne,8812,1103,2026-05-10,22,dimanche,2026-05-10T22:28:35Z,principal,NA,Cocody
AX_14,2 Plateaux Vallon (Bvd Mitterrand),Cocody,Cocody,5.362127,-3.98962,14.9,60,0.248,Bloque,1354,271,2026-05-10,22,dimanche,2026-05-10T22:28:37Z,principal,NA,Cocody
AX_15,Abobo Gare Mairie (Route Abobo),Abobo,Plateau,5.420996,-4.01901,44.2,90,0.491,Congestionne,13296,917,2026-05-10,22,dimanche,2026-05-10T22:28:38Z,principal,NA,Abobo
AX_16,Gare Yopougon Autoroute Yopougon,Yopougon,Plateau,5.369048,-3.999911,29.5,100,0.295,Bloque,8791,887,2026-05-10,22,dimanche,2026-05-10T22:28:39Z,principal,NA,Yopougon
AX_17,Clinique Fraternite (Bvd Fraternite),Yopougon,Plateau,5.349303,-4.021832,31.2,50,0.624,Modere,4855,463,2026-05-10,22,dimanche,2026-05-10T22:28:40Z,principal,NA,Yopougon
AX_18,Carrefour Jatak (Route de Dabou),Yopougon,Plateau,5.321877,-4.1035450000000004,34.3,90,0.381,Congestionne,18601,1612,2026-05-10,22,dimanche,2026-05-10T22:28:41Z,principal,NA,Yopougon
AX_19,Lycee Bingerville (Route Bingerville),Bingerville,Cocody,5.357895,-3.890668,31.6,70,0.451,Congestionne,13218,1343,2026-05-10,22,dimanche,2026-05-10T22:28:43Z,principal,NA,Bingerville
AX_20,Rond-point Marcory (Bvd de la Paix),Marcory,Plateau,5.303988,-4.003239,23.6,50,0.472,Congestionne,4123,514,2026-05-10,22,dimanche,2026-05-10T22:28:44Z,principal,NA,Marcory
AX_01,Pont HKB (Henri Konan Bedie),Cocody/Marcory,Plateau,5.329775,-3.981814,29.6,80,0.37,Congestionne,10854,1140,2026-05-10,23,dimanche,2026-05-10T23:30:01Z,principal,NA,Cocody
AX_02,Pont De Gaulle,Plateau/Treichville,Plateau,5.317516,-4.016406,20.8,60,0.347,Congestionne,1224,176,2026-05-10,23,dimanche,2026-05-10T23:30:02Z,principal,NA,Plateau
AX_03,Pont Felix Houphouet-Boigny,Plateau/Treichville,Plateau,5.328028,-4.017425,26.9,60,0.448,Congestionne,2414,269,2026-05-10,23,dimanche,2026-05-10T23:30:03Z,principal,NA,Plateau
AX_04,Boulevard VGE (Giscard d Estaing),Plateau/Port-Bouet,Plateau,5.284092,-3.960922,30.9,100,0.309,Congestionne,9720,944,2026-05-10,23,dimanche,2026-05-10T23:30:04Z,principal,NA,Plateau
AX_05,5eme Pont acces Saint-Jean,Cocody/Plateau,Plateau,5.335149,-3.996117,31.9,80,0.399,Congestionne,7035,685,2026-05-10,23,dimanche,2026-05-10T23:30:05Z,principal,NA,Cocody
AX_06,Marche Bellville (Bvd Marseille),Treichville,Plateau,5.30587,-3.998069,26.9,50,0.538,Modere,6069,653,2026-05-10,23,dimanche,2026-05-10T23:30:07Z,principal,NA,Treichville
AX_07,Rond-point Treichville,Treichville,Plateau,5.307293,-4.011812,13.1,40,0.328,Congestionne,2586,570,2026-05-10,23,dimanche,2026-05-10T23:30:08Z,principal,NA,Treichville
AX_08,Gare Lagunaire Bvd Lagunaire,Plateau/Treichville,Plateau,5.312868,-4.010077,25.2,60,0.42,Congestionne,3992,475,2026-05-10,23,dimanche,2026-05-10T23:30:09Z,principal,NA,Plateau
AX_09,Carrefour de l Indenie (Adjame),Adjame,Plateau,5.341379,-4.020257,31.7,50,0.634,Modere,4314,408,2026-05-10,23,dimanche,2026-05-10T23:30:10Z,principal,NA,Adjamé
AX_10,Adjame Mosquee (Bvd Nangui Abrogoua),Adjame,Plateau,5.354097,-4.026506,37.6,55,0.684,Modere,5369,429,2026-05-10,23,dimanche,2026-05-10T23:30:12Z,principal,NA,Adjamé
AX_11,Echangeur de la Ferraille (Adjame),Adjame,Plateau,5.308686,-3.964053,22,50,0.44,Congestionne,9501,1294,2026-05-10,23,dimanche,2026-05-10T23:30:13Z,principal,NA,Adjamé
AX_12,Feux Autoroute Nord entree Adjame,Adjame,Plateau,5.299899,-3.998254,22.5,100,0.225,Bloque,4252,566,2026-05-10,23,dimanche,2026-05-10T23:30:14Z,principal,NA,Adjamé
AX_13,Carrefour Universite (Cocody),Cocody,Cocody,5.334383,-3.938384,24.8,60,0.413,Congestionne,8812,1103,2026-05-10,23,dimanche,2026-05-10T23:30:15Z,principal,NA,Cocody
AX_14,2 Plateaux Vallon (Bvd Mitterrand),Cocody,Cocody,5.362127,-3.98962,15.5,60,0.258,Bloque,1354,271,2026-05-10,23,dimanche,2026-05-10T23:30:16Z,principal,NA,Cocody
AX_15,Abobo Gare Mairie (Route Abobo),Abobo,Plateau,5.420996,-4.01901,46,90,0.511,Modere,13296,917,2026-05-10,23,dimanche,2026-05-10T23:30:18Z,principal,NA,Abobo
AX_16,Gare Yopougon Autoroute Yopougon,Yopougon,Plateau,5.369048,-3.999911,30.8,100,0.308,Congestionne,8791,887,2026-05-10,23,dimanche,2026-05-10T23:30:19Z,principal,NA,Yopougon
AX_17,Clinique Fraternite (Bvd Fraternite),Yopougon,Plateau,5.349303,-4.021832,32.5,50,0.65,Modere,4855,463,2026-05-10,23,dimanche,2026-05-10T23:30:20Z,principal,NA,Yopougon
AX_18,Carrefour Jatak (Route de Dabou),Yopougon,Plateau,5.321877,-4.1035450000000004,35.8,90,0.398,Congestionne,18601,1612,2026-05-10,23,dimanche,2026-05-10T23:30:21Z,principal,NA,Yopougon
AX_19,Lycee Bingerville (Route Bingerville),Bingerville,Cocody,5.357895,-3.890668,33,70,0.471,Congestionne,13218,1343,2026-05-10,23,dimanche,2026-05-10T23:30:23Z,principal,NA,Bingerville
AX_20,Rond-point Marcory (Bvd de la Paix),Marcory,Plateau,5.303988,-4.003239,24.6,50,0.492,Congestionne,4123,514,2026-05-10,23,dimanche,2026-05-10T23:30:24Z,principal,NA,Marcory
AX_01,Pont HKB (Henri Konan Bedie),Cocody/Marcory,Plateau,5.329775,-3.981814,30.2,80,0.378,Congestionne,10854,1140,2026-05-11,0,lundi,2026-05-11T00:00:52Z,principal,NA,Cocody
AX_02,Pont De Gaulle,Plateau/Treichville,Plateau,5.317516,-4.016406,21.2,60,0.353,Congestionne,1224,176,2026-05-11,0,lundi,2026-05-11T00:00:54Z,principal,NA,Plateau
AX_03,Pont Felix Houphouet-Boigny,Plateau/Treichville,Plateau,5.328028,-4.017425,27.5,60,0.458,Congestionne,2414,269,2026-05-11,0,lundi,2026-05-11T00:00:55Z,principal,NA,Plateau
AX_04,Boulevard VGE (Giscard d Estaing),Plateau/Port-Bouet,Plateau,5.284092,-3.960922,31.5,100,0.315,Congestionne,9720,944,2026-05-11,0,lundi,2026-05-11T00:00:56Z,principal,NA,Plateau
AX_05,5eme Pont acces Saint-Jean,Cocody/Plateau,Plateau,5.335149,-3.996117,32.6,80,0.408,Congestionne,7035,685,2026-05-11,0,lundi,2026-05-11T00:00:57Z,principal,NA,Cocody
AX_06,Marche Bellville (Bvd Marseille),Treichville,Plateau,5.30587,-3.998069,27.5,50,0.55,Modere,6069,653,2026-05-11,0,lundi,2026-05-11T00:00:59Z,principal,NA,Treichville
AX_07,Rond-point Treichville,Treichville,Plateau,5.307293,-4.011812,13.4,40,0.335,Congestionne,2586,570,2026-05-11,0,lundi,2026-05-11T00:01:00Z,principal,NA,Treichville
AX_08,Gare Lagunaire Bvd Lagunaire,Plateau/Treichville,Plateau,5.312868,-4.010077,25.8,60,0.43,Congestionne,3992,475,2026-05-11,0,lundi,2026-05-11T00:01:01Z,principal,NA,Plateau
AX_09,Carrefour de l Indenie (Adjame),Adjame,Plateau,5.341379,-4.020257,32.4,50,0.648,Modere,4314,408,2026-05-11,0,lundi,2026-05-11T00:01:02Z,principal,NA,Adjamé
AX_10,Adjame Mosquee (Bvd Nangui Abrogoua),Adjame,Plateau,5.354097,-4.026506,38.3,55,0.696,Modere,5369,429,2026-05-11,0,lundi,2026-05-11T00:01:03Z,principal,NA,Adjamé
AX_11,Echangeur de la Ferraille (Adjame),Adjame,Plateau,5.308686,-3.964053,22.4,50,0.448,Congestionne,9501,1294,2026-05-11,0,lundi,2026-05-11T00:01:05Z,principal,NA,Adjamé
AX_12,Feux Autoroute Nord entree Adjame,Adjame,Plateau,5.299899,-3.998254,23,100,0.23,Bloque,4252,566,2026-05-11,0,lundi,2026-05-11T00:01:06Z,principal,NA,Adjamé
AX_13,Carrefour Universite (Cocody),Cocody,Cocody,5.334383,-3.938384,25.3,60,0.422,Congestionne,8812,1103,2026-05-11,0,lundi,2026-05-11T00:01:07Z,principal,NA,Cocody
AX_14,2 Plateaux Vallon (Bvd Mitterrand),Cocody,Cocody,5.362127,-3.98962,15.8,60,0.263,Bloque,1354,271,2026-05-11,0,lundi,2026-05-11T00:01:08Z,principal,NA,Cocody
AX_15,Abobo Gare Mairie (Route Abobo),Abobo,Plateau,5.420996,-4.01901,47,90,0.522,Modere,13296,917,2026-05-11,0,lundi,2026-05-11T00:01:10Z,principal,NA,Abobo
AX_16,Gare Yopougon Autoroute Yopougon,Yopougon,Plateau,5.369048,-3.999911,31.4,100,0.314,Congestionne,8791,887,2026-05-11,0,lundi,2026-05-11T00:01:11Z,principal,NA,Yopougon
AX_17,Clinique Fraternite (Bvd Fraternite),Yopougon,Plateau,5.349303,-4.021832,33.2,50,0.664,Modere,4855,463,2026-05-11,0,lundi,2026-05-11T00:01:12Z,principal,NA,Yopougon
AX_18,Carrefour Jatak (Route de Dabou),Yopougon,Plateau,5.321877,-4.1035450000000004,36.5,90,0.406,Congestionne,18601,1612,2026-05-11,0,lundi,2026-05-11T00:01:13Z,principal,NA,Yopougon
AX_19,Lycee Bingerville (Route Bingerville),Bingerville,Cocody,5.357895,-3.890668,33.6,70,0.48,Congestionne,13218,1343,2026-05-11,0,lundi,2026-05-11T00:01:14Z,principal,NA,Bingerville
AX_20,Rond-point Marcory (Bvd de la Paix),Marcory,Plateau,5.303988,-4.003239,25.1,50,0.502,Modere,4123,514,2026-05-11,0,lundi,2026-05-11T00:01:16Z,principal,NA,Marcory
AX_01,Pont HKB (Henri Konan Bedie),Cocody/Marcory,Plateau,5.329775,-3.981814,30.2,80,0.378,Congestionne,10854,1140,2026-05-11,1,lundi,2026-05-11T01:02:55Z,principal,NA,Cocody
AX_02,Pont De Gaulle,Plateau/Treichville,Plateau,5.317516,-4.016406,21.2,60,0.353,Congestionne,1224,176,2026-05-11,1,lundi,2026-05-11T01:02:56Z,principal,NA,Plateau
AX_03,Pont Felix Houphouet-Boigny,Plateau/Treichville,Plateau,5.328028,-4.017425,27.5,60,0.458,Congestionne,2414,269,2026-05-11,1,lundi,2026-05-11T01:02:58Z,principal,NA,Plateau
AX_04,Boulevard VGE (Giscard d Estaing),Plateau/Port-Bouet,Plateau,5.284092,-3.960922,31.5,100,0.315,Congestionne,9720,944,2026-05-11,1,lundi,2026-05-11T01:03:00Z,principal,NA,Plateau
AX_05,5eme Pont acces Saint-Jean,Cocody/Plateau,Plateau,5.335149,-3.996117,32.6,80,0.408,Congestionne,7035,685,2026-05-11,1,lundi,2026-05-11T01:03:02Z,principal,NA,Cocody
AX_06,Marche Bellville (Bvd Marseille),Treichville,Plateau,5.30587,-3.998069,27.5,50,0.55,Modere,6069,653,2026-05-11,1,lundi,2026-05-11T01:03:03Z,principal,NA,Treichville
AX_07,Rond-point Treichville,Treichville,Plateau,5.307293,-4.011812,13.4,40,0.335,Congestionne,2586,570,2026-05-11,1,lundi,2026-05-11T01:03:05Z,principal,NA,Treichville
AX_08,Gare Lagunaire Bvd Lagunaire,Plateau/Treichville,Plateau,5.312868,-4.010077,25.8,60,0.43,Congestionne,3992,475,2026-05-11,1,lundi,2026-05-11T01:03:07Z,principal,NA,Plateau
AX_09,Carrefour de l Indenie (Adjame),Adjame,Plateau,5.341379,-4.020257,32.4,50,0.648,Modere,4314,408,2026-05-11,1,lundi,2026-05-11T01:03:08Z,principal,NA,Adjamé
AX_10,Adjame Mosquee (Bvd Nangui Abrogoua),Adjame,Plateau,5.354097,-4.026506,38.3,55,0.696,Modere,5369,429,2026-05-11,1,lundi,2026-05-11T01:03:10Z,principal,NA,Adjamé
AX_11,Echangeur de la Ferraille (Adjame),Adjame,Plateau,5.308686,-3.964053,22.4,50,0.448,Congestionne,9501,1294,2026-05-11,1,lundi,2026-05-11T01:03:12Z,principal,NA,Adjamé
AX_12,Feux Autoroute Nord entree Adjame,Adjame,Plateau,5.299899,-3.998254,23,100,0.23,Bloque,4252,566,2026-05-11,1,lundi,2026-05-11T01:03:14Z,principal,NA,Adjamé
AX_13,Carrefour Universite (Cocody),Cocody,Cocody,5.334383,-3.938384,25.3,60,0.422,Congestionne,8812,1103,2026-05-11,1,lundi,2026-05-11T01:03:15Z,principal,NA,Cocody
AX_14,2 Plateaux Vallon (Bvd Mitterrand),Cocody,Cocody,5.362127,-3.98962,15.8,60,0.263,Bloque,1354,271,2026-05-11,1,lundi,2026-05-11T01:03:17Z,principal,NA,Cocody
AX_15,Abobo Gare Mairie (Route Abobo),Abobo,Plateau,5.420996,-4.01901,47,90,0.522,Modere,13296,917,2026-05-11,1,lundi,2026-05-11T01:03:19Z,principal,NA,Abobo
AX_16,Gare Yopougon Autoroute Yopougon,Yopougon,Plateau,5.369048,-3.999911,31.4,100,0.314,Congestionne,8791,887,2026-05-11,1,lundi,2026-05-11T01:03:20Z,principal,NA,Yopougon
AX_17,Clinique Fraternite (Bvd Fraternite),Yopougon,Plateau,5.349303,-4.021832,33.2,50,0.664,Modere,4855,463,2026-05-11,1,lundi,2026-05-11T01:03:22Z,principal,NA,Yopougon
AX_18,Carrefour Jatak (Route de Dabou),Yopougon,Plateau,5.321877,-4.1035450000000004,36.5,90,0.406,Congestionne,18601,1612,2026-05-11,1,lundi,2026-05-11T01:03:24Z,principal,NA,Yopougon
AX_19,Lycee Bingerville (Route Bingerville),Bingerville,Cocody,5.357895,-3.890668,33.6,70,0.48,Congestionne,13218,1343,2026-05-11,1,lundi,2026-05-11T01:03:26Z,principal,NA,Bingerville
AX_20,Rond-point Marcory (Bvd de la Paix),Marcory,Plateau,5.303988,-4.003239,25.1,50,0.502,Modere,4123,514,2026-05-11,1,lundi,2026-05-11T01:03:27Z,principal,NA,Marcory
AX_01,Pont HKB (Henri Konan Bedie),Cocody/Marcory,Plateau,5.329775,-3.981814,30.2,80,0.378,Congestionne,10854,1140,2026-05-11,2,lundi,2026-05-11T02:05:00Z,principal,NA,Cocody
AX_02,Pont De Gaulle,Plateau/Treichville,Plateau,5.317516,-4.016406,21.2,60,0.353,Congestionne,1224,176,2026-05-11,2,lundi,2026-05-11T02:05:02Z,principal,NA,Plateau
AX_03,Pont Felix Houphouet-Boigny,Plateau/Treichville,Plateau,5.328028,-4.017425,27.5,60,0.458,Congestionne,2414,269,2026-05-11,2,lundi,2026-05-11T02:05:03Z,principal,NA,Plateau
AX_04,Boulevard VGE (Giscard d Estaing),Plateau/Port-Bouet,Plateau,5.284092,-3.960922,31.5,100,0.315,Congestionne,9720,944,2026-05-11,2,lundi,2026-05-11T02:05:04Z,principal,NA,Plateau
AX_05,5eme Pont acces Saint-Jean,Cocody/Plateau,Plateau,5.335149,-3.996117,32.6,80,0.408,Congestionne,7035,685,2026-05-11,2,lundi,2026-05-11T02:05:05Z,principal,NA,Cocody
AX_06,Marche Bellville (Bvd Marseille),Treichville,Plateau,5.30587,-3.998069,27.5,50,0.55,Modere,6069,653,2026-05-11,2,lundi,2026-05-11T02:05:06Z,principal,NA,Treichville
AX_07,Rond-point Treichville,Treichville,Plateau,5.307293,-4.011812,13.4,40,0.335,Congestionne,2586,570,2026-05-11,2,lundi,2026-05-11T02:05:08Z,principal,NA,Treichville
AX_08,Gare Lagunaire Bvd Lagunaire,Plateau/Treichville,Plateau,5.312868,-4.010077,25.8,60,0.43,Congestionne,3992,475,2026-05-11,2,lundi,2026-05-11T02:05:09Z,principal,NA,Plateau
AX_09,Carrefour de l Indenie (Adjame),Adjame,Plateau,5.341379,-4.020257,32.4,50,0.648,Modere,4314,408,2026-05-11,2,lundi,2026-05-11T02:05:10Z,principal,NA,Adjamé
AX_10,Adjame Mosquee (Bvd Nangui Abrogoua),Adjame,Plateau,5.354097,-4.026506,38.3,55,0.696,Modere,5369,429,2026-05-11,2,lundi,2026-05-11T02:05:11Z,principal,NA,Adjamé
AX_11,Echangeur de la Ferraille (Adjame),Adjame,Plateau,5.308686,-3.964053,22.4,50,0.448,Congestionne,9501,1294,2026-05-11,2,lundi,2026-05-11T02:05:13Z,principal,NA,Adjamé
AX_12,Feux Autoroute Nord entree Adjame,Adjame,Plateau,5.299899,-3.998254,23,100,0.23,Bloque,4252,566,2026-05-11,2,lundi,2026-05-11T02:05:14Z,principal,NA,Adjamé
AX_13,Carrefour Universite (Cocody),Cocody,Cocody,5.334383,-3.938384,25.3,60,0.422,Congestionne,8812,1103,2026-05-11,2,lundi,2026-05-11T02:05:15Z,principal,NA,Cocody
AX_14,2 Plateaux Vallon (Bvd Mitterrand),Cocody,Cocody,5.362127,-3.98962,15.8,60,0.263,Bloque,1354,271,2026-05-11,2,lundi,2026-05-11T02:05:16Z,principal,NA,Cocody
AX_15,Abobo Gare Mairie (Route Abobo),Abobo,Plateau,5.420996,-4.01901,47,90,0.522,Modere,13296,917,2026-05-11,2,lundi,2026-05-11T02:05:17Z,principal,NA,Abobo
AX_16,Gare Yopougon Autoroute Yopougon,Yopougon,Plateau,5.369048,-3.999911,31.4,100,0.314,Congestionne,8791,887,2026-05-11,2,lundi,2026-05-11T02:05:19Z,principal,NA,Yopougon
AX_17,Clinique Fraternite (Bvd Fraternite),Yopougon,Plateau,5.349303,-4.021832,33.2,50,0.664,Modere,4855,463,2026-05-11,2,lundi,2026-05-11T02:05:20Z,principal,NA,Yopougon
AX_18,Carrefour Jatak (Route de Dabou),Yopougon,Plateau,5.321877,-4.1035450000000004,36.5,90,0.406,Congestionne,18601,1612,2026-05-11,2,lundi,2026-05-11T02:05:21Z,principal,NA,Yopougon
AX_19,Lycee Bingerville (Route Bingerville),Bingerville,Cocody,5.357895,-3.890668,33.6,70,0.48,Congestionne,13218,1343,2026-05-11,2,lundi,2026-05-11T02:05:22Z,principal,NA,Bingerville
AX_20,Rond-point Marcory (Bvd de la Paix),Marcory,Plateau,5.303988,-4.003239,25.1,50,0.502,Modere,4123,514,2026-05-11,2,lundi,2026-05-11T02:05:23Z,principal,NA,Marcory
AX_01,Pont HKB (Henri Konan Bedie),Cocody/Marcory,Plateau,5.329775,-3.981814,30.2,80,0.378,Congestionne,10854,1140,2026-05-11,3,lundi,2026-05-11T03:06:56Z,principal,NA,Cocody
AX_02,Pont De Gaulle,Plateau/Treichville,Plateau,5.317516,-4.016406,21.2,60,0.353,Congestionne,1224,176,2026-05-11,3,lundi,2026-05-11T03:06:57Z,principal,NA,Plateau
AX_03,Pont Felix Houphouet-Boigny,Plateau/Treichville,Plateau,5.328028,-4.017425,27.5,60,0.458,Congestionne,2414,269,2026-05-11,3,lundi,2026-05-11T03:06:58Z,principal,NA,Plateau
AX_04,Boulevard VGE (Giscard d Estaing),Plateau/Port-Bouet,Plateau,5.284092,-3.960922,31.5,100,0.315,Congestionne,9720,944,2026-05-11,3,lundi,2026-05-11T03:07:00Z,principal,NA,Plateau
AX_05,5eme Pont acces Saint-Jean,Cocody/Plateau,Plateau,5.335149,-3.996117,32.6,80,0.408,Congestionne,7035,685,2026-05-11,3,lundi,2026-05-11T03:07:01Z,principal,NA,Cocody
AX_06,Marche Bellville (Bvd Marseille),Treichville,Plateau,5.30587,-3.998069,27.5,50,0.55,Modere,6069,653,2026-05-11,3,lundi,2026-05-11T03:07:02Z,principal,NA,Treichville
AX_07,Rond-point Treichville,Treichville,Plateau,5.307293,-4.011812,13.4,40,0.335,Congestionne,2586,570,2026-05-11,3,lundi,2026-05-11T03:07:03Z,principal,NA,Treichville
AX_08,Gare Lagunaire Bvd Lagunaire,Plateau/Treichville,Plateau,5.312868,-4.010077,25.8,60,0.43,Congestionne,3992,475,2026-05-11,3,lundi,2026-05-11T03:07:04Z,principal,NA,Plateau
AX_09,Carrefour de l Indenie (Adjame),Adjame,Plateau,5.341379,-4.020257,32.4,50,0.648,Modere,4314,408,2026-05-11,3,lundi,2026-05-11T03:07:06Z,principal,NA,Adjamé
AX_10,Adjame Mosquee (Bvd Nangui Abrogoua),Adjame,Plateau,5.354097,-4.026506,38.3,55,0.696,Modere,5369,429,2026-05-11,3,lundi,2026-05-11T03:07:07Z,principal,NA,Adjamé
AX_11,Echangeur de la Ferraille (Adjame),Adjame,Plateau,5.308686,-3.964053,22.4,50,0.448,Congestionne,9501,1294,2026-05-11,3,lundi,2026-05-11T03:07:08Z,principal,NA,Adjamé
AX_12,Feux Autoroute Nord entree Adjame,Adjame,Plateau,5.299899,-3.998254,23,100,0.23,Bloque,4252,566,2026-05-11,3,lundi,2026-05-11T03:07:09Z,principal,NA,Adjamé
AX_13,Carrefour Universite (Cocody),Cocody,Cocody,5.334383,-3.938384,25.3,60,0.422,Congestionne,8812,1103,2026-05-11,3,lundi,2026-05-11T03:07:11Z,principal,NA,Cocody
AX_14,2 Plateaux Vallon (Bvd Mitterrand),Cocody,Cocody,5.362127,-3.98962,15.8,60,0.263,Bloque,1354,271,2026-05-11,3,lundi,2026-05-11T03:07:12Z,principal,NA,Cocody
AX_15,Abobo Gare Mairie (Route Abobo),Abobo,Plateau,5.420996,-4.01901,47,90,0.522,Modere,13296,917,2026-05-11,3,lundi,2026-05-11T03:07:13Z,principal,NA,Abobo
AX_16,Gare Yopougon Autoroute Yopougon,Yopougon,Plateau,5.369048,-3.999911,31.4,100,0.314,Congestionne,8791,887,2026-05-11,3,lundi,2026-05-11T03:07:14Z,principal,NA,Yopougon
AX_17,Clinique Fraternite (Bvd Fraternite),Yopougon,Plateau,5.349303,-4.021832,33.2,50,0.664,Modere,4855,463,2026-05-11,3,lundi,2026-05-11T03:07:16Z,principal,NA,Yopougon
AX_18,Carrefour Jatak (Route de Dabou),Yopougon,Plateau,5.321877,-4.1035450000000004,36.5,90,0.406,Congestionne,18601,1612,2026-05-11,3,lundi,2026-05-11T03:07:17Z,principal,NA,Yopougon
AX_19,Lycee Bingerville (Route Bingerville),Bingerville,Cocody,5.357895,-3.890668,33.6,70,0.48,Congestionne,13218,1343,2026-05-11,3,lundi,2026-05-11T03:07:18Z,principal,NA,Bingerville
AX_20,Rond-point Marcory (Bvd de la Paix),Marcory,Plateau,5.303988,-4.003239,25.1,50,0.502,Modere,4123,514,2026-05-11,3,lundi,2026-05-11T03:07:19Z,principal,NA,Marcory
AX_01,Pont HKB (Henri Konan Bedie),Cocody/Marcory,Plateau,5.329775,-3.981814,30.2,80,0.378,Congestionne,10854,1140,2026-05-11,4,lundi,2026-05-11T04:08:51Z,principal,NA,Cocody
AX_02,Pont De Gaulle,Plateau/Treichville,Plateau,5.317516,-4.016406,21.2,60,0.353,Congestionne,1224,176,2026-05-11,4,lundi,2026-05-11T04:08:52Z,principal,NA,Plateau
AX_03,Pont Felix Houphouet-Boigny,Plateau/Treichville,Plateau,5.328028,-4.017425,27.5,60,0.458,Congestionne,2414,269,2026-05-11,4,lundi,2026-05-11T04:08:54Z,principal,NA,Plateau
AX_04,Boulevard VGE (Giscard d Estaing),Plateau/Port-Bouet,Plateau,5.284092,-3.960922,31.5,100,0.315,Congestionne,9720,944,2026-05-11,4,lundi,2026-05-11T04:08:55Z,principal,NA,Plateau
AX_05,5eme Pont acces Saint-Jean,Cocody/Plateau,Plateau,5.335149,-3.996117,32.6,80,0.408,Congestionne,7035,685,2026-05-11,4,lundi,2026-05-11T04:08:56Z,principal,NA,Cocody
AX_06,Marche Bellville (Bvd Marseille),Treichville,Plateau,5.30587,-3.998069,27.5,50,0.55,Modere,6069,653,2026-05-11,4,lundi,2026-05-11T04:08:57Z,principal,NA,Treichville
AX_07,Rond-point Treichville,Treichville,Plateau,5.307293,-4.011812,13.4,40,0.335,Congestionne,2586,570,2026-05-11,4,lundi,2026-05-11T04:08:59Z,principal,NA,Treichville
AX_08,Gare Lagunaire Bvd Lagunaire,Plateau/Treichville,Plateau,5.312868,-4.010077,25.8,60,0.43,Congestionne,3992,475,2026-05-11,4,lundi,2026-05-11T04:09:00Z,principal,NA,Plateau
AX_09,Carrefour de l Indenie (Adjame),Adjame,Plateau,5.341379,-4.020257,32.4,50,0.648,Modere,4314,408,2026-05-11,4,lundi,2026-05-11T04:09:01Z,principal,NA,Adjamé
AX_10,Adjame Mosquee (Bvd Nangui Abrogoua),Adjame,Plateau,5.354097,-4.026506,38.3,55,0.696,Modere,5369,429,2026-05-11,4,lundi,2026-05-11T04:09:02Z,principal,NA,Adjamé
AX_11,Echangeur de la Ferraille (Adjame),Adjame,Plateau,5.308686,-3.964053,22.4,50,0.448,Congestionne,9501,1294,2026-05-11,4,lundi,2026-05-11T04:09:04Z,principal,NA,Adjamé
AX_12,Feux Autoroute Nord entree Adjame,Adjame,Plateau,5.299899,-3.998254,23,100,0.23,Bloque,4252,566,2026-05-11,4,lundi,2026-05-11T04:09:05Z,principal,NA,Adjamé
AX_13,Carrefour Universite (Cocody),Cocody,Cocody,5.334383,-3.938384,25.3,60,0.422,Congestionne,8812,1103,2026-05-11,4,lundi,2026-05-11T04:09:06Z,principal,NA,Cocody
AX_14,2 Plateaux Vallon (Bvd Mitterrand),Cocody,Cocody,5.362127,-3.98962,15.8,60,0.263,Bloque,1354,271,2026-05-11,4,lundi,2026-05-11T04:09:07Z,principal,NA,Cocody
AX_15,Abobo Gare Mairie (Route Abobo),Abobo,Plateau,5.420996,-4.01901,47,90,0.522,Modere,13296,917,2026-05-11,4,lundi,2026-05-11T04:09:08Z,principal,NA,Abobo
AX_16,Gare Yopougon Autoroute Yopougon,Yopougon,Plateau,5.369048,-3.999911,31.4,100,0.314,Congestionne,8791,887,2026-05-11,4,lundi,2026-05-11T04:09:10Z,principal,NA,Yopougon
AX_17,Clinique Fraternite (Bvd Fraternite),Yopougon,Plateau,5.349303,-4.021832,33.2,50,0.664,Modere,4855,463,2026-05-11,4,lundi,2026-05-11T04:09:11Z,principal,NA,Yopougon
AX_18,Carrefour Jatak (Route de Dabou),Yopougon,Plateau,5.321877,-4.1035450000000004,36.5,90,0.406,Congestionne,18601,1612,2026-05-11,4,lundi,2026-05-11T04:09:12Z,principal,NA,Yopougon
AX_19,Lycee Bingerville (Route Bingerville),Bingerville,Cocody,5.357895,-3.890668,33.6,70,0.48,Congestionne,13218,1343,2026-05-11,4,lundi,2026-05-11T04:09:13Z,principal,NA,Bingerville
AX_20,Rond-point Marcory (Bvd de la Paix),Marcory,Plateau,5.303988,-4.003239,25.1,50,0.502,Modere,4123,514,2026-05-11,4,lundi,2026-05-11T04:09:15Z,principal,NA,Marcory
AX_01,Pont HKB (Henri Konan Bedie),Cocody/Marcory,Plateau,5.329775,-3.981814,27.8,80,0.348,Congestionne,10854,1140,2026-05-11,5,lundi,2026-05-11T05:10:52Z,principal,NA,Cocody
AX_02,Pont De Gaulle,Plateau/Treichville,Plateau,5.317516,-4.016406,19.6,60,0.327,Congestionne,1224,176,2026-05-11,5,lundi,2026-05-11T05:10:53Z,principal,NA,Plateau
AX_03,Pont Felix Houphouet-Boigny,Plateau/Treichville,Plateau,5.328028,-4.017425,25.3,60,0.422,Congestionne,2414,269,2026-05-11,5,lundi,2026-05-11T05:10:54Z,principal,NA,Plateau
AX_04,Boulevard VGE (Giscard d Estaing),Plateau/Port-Bouet,Plateau,5.284092,-3.960922,29,100,0.29,Bloque,9720,944,2026-05-11,5,lundi,2026-05-11T05:10:56Z,principal,NA,Plateau
AX_05,5eme Pont acces Saint-Jean,Cocody/Plateau,Plateau,5.335149,-3.996117,30,80,0.375,Congestionne,7035,685,2026-05-11,5,lundi,2026-05-11T05:10:57Z,principal,NA,Cocody
AX_06,Marche Bellville (Bvd Marseille),Treichville,Plateau,5.30587,-3.998069,25.3,50,0.506,Modere,6069,653,2026-05-11,5,lundi,2026-05-11T05:10:59Z,principal,NA,Treichville
AX_07,Rond-point Treichville,Treichville,Plateau,5.307293,-4.011812,12.3,40,0.308,Congestionne,2586,570,2026-05-11,5,lundi,2026-05-11T05:11:00Z,principal,NA,Treichville
AX_08,Gare Lagunaire Bvd Lagunaire,Plateau/Treichville,Plateau,5.312868,-4.010077,23.7,60,0.395,Congestionne,3992,475,2026-05-11,5,lundi,2026-05-11T05:11:02Z,principal,NA,Plateau
AX_09,Carrefour de l Indenie (Adjame),Adjame,Plateau,5.341379,-4.020257,29.8,50,0.596,Modere,4314,408,2026-05-11,5,lundi,2026-05-11T05:11:04Z,principal,NA,Adjamé
AX_10,Adjame Mosquee (Bvd Nangui Abrogoua),Adjame,Plateau,5.354097,-4.026506,35.3,55,0.642,Modere,5369,429,2026-05-11,5,lundi,2026-05-11T05:11:05Z,principal,NA,Adjamé
AX_11,Echangeur de la Ferraille (Adjame),Adjame,Plateau,5.308686,-3.964053,20.6,50,0.412,Congestionne,9501,1294,2026-05-11,5,lundi,2026-05-11T05:11:07Z,principal,NA,Adjamé
AX_12,Feux Autoroute Nord entree Adjame,Adjame,Plateau,5.299899,-3.998254,21.1,100,0.211,Bloque,4252,566,2026-05-11,5,lundi,2026-05-11T05:11:09Z,principal,NA,Adjamé
AX_13,Carrefour Universite (Cocody),Cocody,Cocody,5.334383,-3.938384,23.3,60,0.388,Congestionne,8812,1103,2026-05-11,5,lundi,2026-05-11T05:11:11Z,principal,NA,Cocody
AX_14,2 Plateaux Vallon (Bvd Mitterrand),Cocody,Cocody,5.362127,-3.98962,14.6,60,0.243,Bloque,1354,271,2026-05-11,5,lundi,2026-05-11T05:11:12Z,principal,NA,Cocody
AX_15,Abobo Gare Mairie (Route Abobo),Abobo,Plateau,5.420996,-4.01901,43.2,90,0.48,Congestionne,13296,917,2026-05-11,5,lundi,2026-05-11T05:11:14Z,principal,NA,Abobo
AX_16,Gare Yopougon Autoroute Yopougon,Yopougon,Plateau,5.369048,-3.999911,28.9,100,0.289,Bloque,8791,887,2026-05-11,5,lundi,2026-05-11T05:11:16Z,principal,NA,Yopougon
AX_17,Clinique Fraternite (Bvd Fraternite),Yopougon,Plateau,5.349303,-4.021832,30.5,50,0.61,Modere,4855,463,2026-05-11,5,lundi,2026-05-11T05:11:17Z,principal,NA,Yopougon
AX_18,Carrefour Jatak (Route de Dabou),Yopougon,Plateau,5.321877,-4.1035450000000004,33.6,90,0.373,Congestionne,18601,1612,2026-05-11,5,lundi,2026-05-11T05:11:19Z,principal,NA,Yopougon
AX_19,Lycee Bingerville (Route Bingerville),Bingerville,Cocody,5.357895,-3.890668,30.9,70,0.441,Congestionne,13218,1343,2026-05-11,5,lundi,2026-05-11T05:11:21Z,principal,NA,Bingerville
AX_20,Rond-point Marcory (Bvd de la Paix),Marcory,Plateau,5.303988,-4.003239,23.1,50,0.462,Congestionne,4123,514,2026-05-11,5,lundi,2026-05-11T05:11:23Z,principal,NA,Marcory
AX_01,Pont HKB (Henri Konan Bedie),Cocody/Marcory,Plateau,5.329775,-3.981814,22.6,80,0.283,Bloque,10854,1140,2026-05-11,6,lundi,2026-05-11T06:12:56Z,principal,NA,Cocody
AX_02,Pont De Gaulle,Plateau/Treichville,Plateau,5.317516,-4.016406,15.9,60,0.265,Bloque,1224,176,2026-05-11,6,lundi,2026-05-11T06:12:57Z,principal,NA,Plateau
AX_03,Pont Felix Houphouet-Boigny,Plateau/Treichville,Plateau,5.328028,-4.017425,20.6,60,0.343,Congestionne,2414,269,2026-05-11,6,lundi,2026-05-11T06:12:58Z,principal,NA,Plateau
AX_04,Boulevard VGE (Giscard d Estaing),Plateau/Port-Bouet,Plateau,5.284092,-3.960922,23.7,100,0.237,Bloque,9720,944,2026-05-11,6,lundi,2026-05-11T06:13:00Z,principal,NA,Plateau
AX_05,5eme Pont acces Saint-Jean,Cocody/Plateau,Plateau,5.335149,-3.996117,24.4,80,0.305,Congestionne,7035,685,2026-05-11,6,lundi,2026-05-11T06:13:01Z,principal,NA,Cocody
AX_06,Marche Bellville (Bvd Marseille),Treichville,Plateau,5.30587,-3.998069,20.6,50,0.412,Congestionne,6069,653,2026-05-11,6,lundi,2026-05-11T06:13:02Z,principal,NA,Treichville
AX_07,Rond-point Treichville,Treichville,Plateau,5.307293,-4.011812,10,40,0.25,Bloque,2586,570,2026-05-11,6,lundi,2026-05-11T06:13:03Z,principal,NA,Treichville
AX_08,Gare Lagunaire Bvd Lagunaire,Plateau/Treichville,Plateau,5.312868,-4.010077,19.3,60,0.322,Congestionne,3992,475,2026-05-11,6,lundi,2026-05-11T06:13:04Z,principal,NA,Plateau
AX_09,Carrefour de l Indenie (Adjame),Adjame,Plateau,5.341379,-4.020257,24.3,50,0.486,Congestionne,4314,408,2026-05-11,6,lundi,2026-05-11T06:13:06Z,principal,NA,Adjamé
AX_10,Adjame Mosquee (Bvd Nangui Abrogoua),Adjame,Plateau,5.354097,-4.026506,28.8,55,0.524,Modere,5369,429,2026-05-11,6,lundi,2026-05-11T06:13:07Z,principal,NA,Adjamé
AX_11,Echangeur de la Ferraille (Adjame),Adjame,Plateau,5.308686,-3.964053,16.8,50,0.336,Congestionne,9501,1294,2026-05-11,6,lundi,2026-05-11T06:13:08Z,principal,NA,Adjamé
AX_12,Feux Autoroute Nord entree Adjame,Adjame,Plateau,5.299899,-3.998254,17.2,100,0.172,Bloque,4252,566,2026-05-11,6,lundi,2026-05-11T06:13:09Z,principal,NA,Adjamé
AX_13,Carrefour Universite (Cocody),Cocody,Cocody,5.334383,-3.938384,19,60,0.317,Congestionne,8812,1103,2026-05-11,6,lundi,2026-05-11T06:13:11Z,principal,NA,Cocody
AX_14,2 Plateaux Vallon (Bvd Mitterrand),Cocody,Cocody,5.362127,-3.98962,11.9,60,0.198,Bloque,1354,271,2026-05-11,6,lundi,2026-05-11T06:13:12Z,principal,NA,Cocody
AX_15,Abobo Gare Mairie (Route Abobo),Abobo,Plateau,5.420996,-4.01901,35.2,90,0.391,Congestionne,13296,917,2026-05-11,6,lundi,2026-05-11T06:13:13Z,principal,NA,Abobo
AX_16,Gare Yopougon Autoroute Yopougon,Yopougon,Plateau,5.369048,-3.999911,23.6,100,0.236,Bloque,8791,887,2026-05-11,6,lundi,2026-05-11T06:13:14Z,principal,NA,Yopougon
AX_17,Clinique Fraternite (Bvd Fraternite),Yopougon,Plateau,5.349303,-4.021832,24.9,50,0.498,Congestionne,4855,463,2026-05-11,6,lundi,2026-05-11T06:13:16Z,principal,NA,Yopougon
AX_18,Carrefour Jatak (Route de Dabou),Yopougon,Plateau,5.321877,-4.1035450000000004,27.4,90,0.304,Congestionne,18601,1612,2026-05-11,6,lundi,2026-05-11T06:13:17Z,principal,NA,Yopougon
AX_19,Lycee Bingerville (Route Bingerville),Bingerville,Cocody,5.357895,-3.890668,25.2,70,0.36,Congestionne,13218,1343,2026-05-11,6,lundi,2026-05-11T06:13:18Z,principal,NA,Bingerville
AX_20,Rond-point Marcory (Bvd de la Paix),Marcory,Plateau,5.303988,-4.003239,18.9,50,0.378,Congestionne,4123,514,2026-05-11,6,lundi,2026-05-11T06:13:19Z,principal,NA,Marcory
AX_01,Pont HKB (Henri Konan Bedie),Cocody/Marcory,Plateau,5.329775,-3.981814,15.7,80,0.196,Bloque,10854,1140,2026-05-11,7,lundi,2026-05-11T07:14:52Z,principal,NA,Cocody
AX_02,Pont De Gaulle,Plateau/Treichville,Plateau,5.317516,-4.016406,11,60,0.183,Bloque,1224,176,2026-05-11,7,lundi,2026-05-11T07:14:53Z,principal,NA,Plateau
AX_03,Pont Felix Houphouet-Boigny,Plateau/Treichville,Plateau,5.328028,-4.017425,14.3,60,0.238,Bloque,2414,269,2026-05-11,7,lundi,2026-05-11T07:14:54Z,principal,NA,Plateau
AX_04,Boulevard VGE (Giscard d Estaing),Plateau/Port-Bouet,Plateau,5.284092,-3.960922,16.4,100,0.164,Bloque,9720,944,2026-05-11,7,lundi,2026-05-11T07:14:56Z,principal,NA,Plateau
AX_05,5eme Pont acces Saint-Jean,Cocody/Plateau,Plateau,5.335149,-3.996117,16.9,80,0.211,Bloque,7035,685,2026-05-11,7,lundi,2026-05-11T07:14:57Z,principal,NA,Cocody
AX_06,Marche Bellville (Bvd Marseille),Treichville,Plateau,5.30587,-3.998069,14.3,50,0.286,Bloque,6069,653,2026-05-11,7,lundi,2026-05-11T07:14:58Z,principal,NA,Treichville
AX_07,Rond-point Treichville,Treichville,Plateau,5.307293,-4.011812,7,40,0.175,Bloque,2586,570,2026-05-11,7,lundi,2026-05-11T07:15:00Z,principal,NA,Treichville
AX_08,Gare Lagunaire Bvd Lagunaire,Plateau/Treichville,Plateau,5.312868,-4.010077,13.4,60,0.223,Bloque,3992,475,2026-05-11,7,lundi,2026-05-11T07:15:01Z,principal,NA,Plateau
AX_09,Carrefour de l Indenie (Adjame),Adjame,Plateau,5.341379,-4.020257,16.8,50,0.336,Congestionne,4314,408,2026-05-11,7,lundi,2026-05-11T07:15:02Z,principal,NA,Adjamé
AX_10,Adjame Mosquee (Bvd Nangui Abrogoua),Adjame,Plateau,5.354097,-4.026506,19.9,55,0.362,Congestionne,5369,429,2026-05-11,7,lundi,2026-05-11T07:15:03Z,principal,NA,Adjamé
AX_11,Echangeur de la Ferraille (Adjame),Adjame,Plateau,5.308686,-3.964053,11.7,50,0.234,Bloque,9501,1294,2026-05-11,7,lundi,2026-05-11T07:15:04Z,principal,NA,Adjamé
AX_12,Feux Autoroute Nord entree Adjame,Adjame,Plateau,5.299899,-3.998254,11.9,100,0.119,Bloque,4252,566,2026-05-11,7,lundi,2026-05-11T07:15:06Z,principal,NA,Adjamé
AX_13,Carrefour Universite (Cocody),Cocody,Cocody,5.334383,-3.938384,13.2,60,0.22,Bloque,8812,1103,2026-05-11,7,lundi,2026-05-11T07:15:07Z,principal,NA,Cocody
AX_14,2 Plateaux Vallon (Bvd Mitterrand),Cocody,Cocody,5.362127,-3.98962,8.2,60,0.137,Bloque,1354,271,2026-05-11,7,lundi,2026-05-11T07:15:08Z,principal,NA,Cocody
AX_15,Abobo Gare Mairie (Route Abobo),Abobo,Plateau,5.420996,-4.01901,24.4,90,0.271,Bloque,13296,917,2026-05-11,7,lundi,2026-05-11T07:15:09Z,principal,NA,Abobo
AX_16,Gare Yopougon Autoroute Yopougon,Yopougon,Plateau,5.369048,-3.999911,16.3,100,0.163,Bloque,8791,887,2026-05-11,7,lundi,2026-05-11T07:15:11Z,principal,NA,Yopougon
AX_17,Clinique Fraternite (Bvd Fraternite),Yopougon,Plateau,5.349303,-4.021832,17.3,50,0.346,Congestionne,4855,463,2026-05-11,7,lundi,2026-05-11T07:15:12Z,principal,NA,Yopougon
AX_18,Carrefour Jatak (Route de Dabou),Yopougon,Plateau,5.321877,-4.1035450000000004,19,90,0.211,Bloque,18601,1612,2026-05-11,7,lundi,2026-05-11T07:15:13Z,principal,NA,Yopougon
AX_19,Lycee Bingerville (Route Bingerville),Bingerville,Cocody,5.357895,-3.890668,17.5,70,0.25,Bloque,13218,1343,2026-05-11,7,lundi,2026-05-11T07:15:14Z,principal,NA,Bingerville
AX_20,Rond-point Marcory (Bvd de la Paix),Marcory,Plateau,5.303988,-4.003239,13.1,50,0.262,Bloque,4123,514,2026-05-11,7,lundi,2026-05-11T07:15:15Z,principal,NA,Marcory
AX_01,Pont HKB (Henri Konan Bedie),Cocody/Marcory,Plateau,5.329775,-3.981814,11.5,80,0.144,Bloque,10854,1140,2026-05-11,8,lundi,2026-05-11T08:16:52Z,principal,NA,Cocody
AX_02,Pont De Gaulle,Plateau/Treichville,Plateau,5.317516,-4.016406,8.1,60,0.135,Bloque,1224,176,2026-05-11,8,lundi,2026-05-11T08:16:53Z,principal,NA,Plateau
AX_03,Pont Felix Houphouet-Boigny,Plateau/Treichville,Plateau,5.328028,-4.017425,10.4,60,0.173,Bloque,2414,269,2026-05-11,8,lundi,2026-05-11T08:16:54Z,principal,NA,Plateau
AX_04,Boulevard VGE (Giscard d Estaing),Plateau/Port-Bouet,Plateau,5.284092,-3.960922,12,100,0.12,Bloque,9720,944,2026-05-11,8,lundi,2026-05-11T08:16:55Z,principal,NA,Plateau
AX_05,5eme Pont acces Saint-Jean,Cocody/Plateau,Plateau,5.335149,-3.996117,12.4,80,0.155,Bloque,7035,685,2026-05-11,8,lundi,2026-05-11T08:16:57Z,principal,NA,Cocody
AX_06,Marche Bellville (Bvd Marseille),Treichville,Plateau,5.30587,-3.998069,10.4,50,0.208,Bloque,6069,653,2026-05-11,8,lundi,2026-05-11T08:16:58Z,principal,NA,Treichville
AX_07,Rond-point Treichville,Treichville,Plateau,5.307293,-4.011812,5.1,40,0.128,Bloque,2586,570,2026-05-11,8,lundi,2026-05-11T08:16:59Z,principal,NA,Treichville
AX_08,Gare Lagunaire Bvd Lagunaire,Plateau/Treichville,Plateau,5.312868,-4.010077,9.8,60,0.163,Bloque,3992,475,2026-05-11,8,lundi,2026-05-11T08:17:00Z,principal,NA,Plateau
AX_09,Carrefour de l Indenie (Adjame),Adjame,Plateau,5.341379,-4.020257,12.3,50,0.246,Bloque,4314,408,2026-05-11,8,lundi,2026-05-11T08:17:01Z,principal,NA,Adjamé
AX_10,Adjame Mosquee (Bvd Nangui Abrogoua),Adjame,Plateau,5.354097,-4.026506,14.6,55,0.265,Bloque,5369,429,2026-05-11,8,lundi,2026-05-11T08:17:03Z,principal,NA,Adjamé
AX_11,Echangeur de la Ferraille (Adjame),Adjame,Plateau,5.308686,-3.964053,8.5,50,0.17,Bloque,9501,1294,2026-05-11,8,lundi,2026-05-11T08:17:04Z,principal,NA,Adjamé
AX_12,Feux Autoroute Nord entree Adjame,Adjame,Plateau,5.299899,-3.998254,8.7,100,0.087,Bloque,4252,566,2026-05-11,8,lundi,2026-05-11T08:17:05Z,principal,NA,Adjamé
AX_13,Carrefour Universite (Cocody),Cocody,Cocody,5.334383,-3.938384,9.6,60,0.16,Bloque,8812,1103,2026-05-11,8,lundi,2026-05-11T08:17:06Z,principal,NA,Cocody
AX_14,2 Plateaux Vallon (Bvd Mitterrand),Cocody,Cocody,5.362127,-3.98962,6,60,0.1,Bloque,1354,271,2026-05-11,8,lundi,2026-05-11T08:17:07Z,principal,NA,Cocody
AX_15,Abobo Gare Mairie (Route Abobo),Abobo,Plateau,5.420996,-4.01901,17.9,90,0.199,Bloque,13296,917,2026-05-11,8,lundi,2026-05-11T08:17:09Z,principal,NA,Abobo
AX_16,Gare Yopougon Autoroute Yopougon,Yopougon,Plateau,5.369048,-3.999911,11.9,100,0.119,Bloque,8791,887,2026-05-11,8,lundi,2026-05-11T08:17:10Z,principal,NA,Yopougon
AX_17,Clinique Fraternite (Bvd Fraternite),Yopougon,Plateau,5.349303,-4.021832,12.6,50,0.252,Bloque,4855,463,2026-05-11,8,lundi,2026-05-11T08:17:11Z,principal,NA,Yopougon
AX_18,Carrefour Jatak (Route de Dabou),Yopougon,Plateau,5.321877,-4.1035450000000004,13.9,90,0.154,Bloque,18601,1612,2026-05-11,8,lundi,2026-05-11T08:17:12Z,principal,NA,Yopougon
AX_19,Lycee Bingerville (Route Bingerville),Bingerville,Cocody,5.357895,-3.890668,12.8,70,0.183,Bloque,13218,1343,2026-05-11,8,lundi,2026-05-11T08:17:14Z,principal,NA,Bingerville
AX_20,Rond-point Marcory (Bvd de la Paix),Marcory,Plateau,5.303988,-4.003239,9.6,50,0.192,Bloque,4123,514,2026-05-11,8,lundi,2026-05-11T08:17:15Z,principal,NA,Marcory
AX_01,Pont HKB (Henri Konan Bedie),Cocody/Marcory,Plateau,5.329775,-3.981814,16.6,80,0.208,Bloque,10854,1140,2026-05-11,9,lundi,2026-05-11T09:21:29Z,principal,NA,Cocody
AX_02,Pont De Gaulle,Plateau/Treichville,Plateau,5.317516,-4.016406,11.7,60,0.195,Bloque,1224,176,2026-05-11,9,lundi,2026-05-11T09:21:30Z,principal,NA,Plateau
AX_03,Pont Felix Houphouet-Boigny,Plateau/Treichville,Plateau,5.328028,-4.017425,15.1,60,0.252,Bloque,2414,269,2026-05-11,9,lundi,2026-05-11T09:21:31Z,principal,NA,Plateau
AX_04,Boulevard VGE (Giscard d Estaing),Plateau/Port-Bouet,Plateau,5.284092,-3.960922,17.3,100,0.173,Bloque,9720,944,2026-05-11,9,lundi,2026-05-11T09:21:32Z,principal,NA,Plateau
AX_05,5eme Pont acces Saint-Jean,Cocody/Plateau,Plateau,5.335149,-3.996117,17.9,80,0.224,Bloque,7035,685,2026-05-11,9,lundi,2026-05-11T09:21:34Z,principal,NA,Cocody
AX_06,Marche Bellville (Bvd Marseille),Treichville,Plateau,5.30587,-3.998069,15.1,50,0.302,Congestionne,6069,653,2026-05-11,9,lundi,2026-05-11T09:21:35Z,principal,NA,Treichville
AX_07,Rond-point Treichville,Treichville,Plateau,5.307293,-4.011812,7.4,40,0.185,Bloque,2586,570,2026-05-11,9,lundi,2026-05-11T09:21:36Z,principal,NA,Treichville
AX_08,Gare Lagunaire Bvd Lagunaire,Plateau/Treichville,Plateau,5.312868,-4.010077,14.2,60,0.237,Bloque,3992,475,2026-05-11,9,lundi,2026-05-11T09:21:37Z,principal,NA,Plateau
AX_09,Carrefour de l Indenie (Adjame),Adjame,Plateau,5.341379,-4.020257,17.8,50,0.356,Congestionne,4314,408,2026-05-11,9,lundi,2026-05-11T09:21:38Z,principal,NA,Adjamé
AX_10,Adjame Mosquee (Bvd Nangui Abrogoua),Adjame,Plateau,5.354097,-4.026506,21.1,55,0.384,Congestionne,5369,429,2026-05-11,9,lundi,2026-05-11T09:21:40Z,principal,NA,Adjamé
AX_11,Echangeur de la Ferraille (Adjame),Adjame,Plateau,5.308686,-3.964053,12.3,50,0.246,Bloque,9501,1294,2026-05-11,9,lundi,2026-05-11T09:21:41Z,principal,NA,Adjamé
AX_12,Feux Autoroute Nord entree Adjame,Adjame,Plateau,5.299899,-3.998254,12.6,100,0.126,Bloque,4252,566,2026-05-11,9,lundi,2026-05-11T09:21:42Z,principal,NA,Adjamé
AX_13,Carrefour Universite (Cocody),Cocody,Cocody,5.334383,-3.938384,13.9,60,0.232,Bloque,8812,1103,2026-05-11,9,lundi,2026-05-11T09:21:43Z,principal,NA,Cocody
AX_14,2 Plateaux Vallon (Bvd Mitterrand),Cocody,Cocody,5.362127,-3.98962,8.7,60,0.145,Bloque,1354,271,2026-05-11,9,lundi,2026-05-11T09:21:44Z,principal,NA,Cocody
AX_15,Abobo Gare Mairie (Route Abobo),Abobo,Plateau,5.420996,-4.01901,25.8,90,0.287,Bloque,13296,917,2026-05-11,9,lundi,2026-05-11T09:21:46Z,principal,NA,Abobo
AX_16,Gare Yopougon Autoroute Yopougon,Yopougon,Plateau,5.369048,-3.999911,17.3,100,0.173,Bloque,8791,887,2026-05-11,9,lundi,2026-05-11T09:21:47Z,principal,NA,Yopougon
AX_17,Clinique Fraternite (Bvd Fraternite),Yopougon,Plateau,5.349303,-4.021832,18.2,50,0.364,Congestionne,4855,463,2026-05-11,9,lundi,2026-05-11T09:21:48Z,principal,NA,Yopougon
AX_18,Carrefour Jatak (Route de Dabou),Yopougon,Plateau,5.321877,-4.1035450000000004,20.1,90,0.223,Bloque,18601,1612,2026-05-11,9,lundi,2026-05-11T09:21:49Z,principal,NA,Yopougon
AX_19,Lycee Bingerville (Route Bingerville),Bingerville,Cocody,5.357895,-3.890668,18.5,70,0.264,Bloque,13218,1343,2026-05-11,9,lundi,2026-05-11T09:21:50Z,principal,NA,Bingerville
AX_20,Rond-point Marcory (Bvd de la Paix),Marcory,Plateau,5.303988,-4.003239,13.8,50,0.276,Bloque,4123,514,2026-05-11,9,lundi,2026-05-11T09:21:52Z,principal,NA,Marcory
AX_01,Pont HKB (Henri Konan Bedie),Cocody/Marcory,Plateau,5.329775,-3.981814,21.7,80,0.271,Bloque,10854,1140,2026-05-11,10,lundi,2026-05-11T10:23:13Z,principal,NA,Cocody
AX_02,Pont De Gaulle,Plateau/Treichville,Plateau,5.317516,-4.016406,15.3,60,0.255,Bloque,1224,176,2026-05-11,10,lundi,2026-05-11T10:23:14Z,principal,NA,Plateau
AX_03,Pont Felix Houphouet-Boigny,Plateau/Treichville,Plateau,5.328028,-4.017425,19.8,60,0.33,Congestionne,2414,269,2026-05-11,10,lundi,2026-05-11T10:23:15Z,principal,NA,Plateau
AX_04,Boulevard VGE (Giscard d Estaing),Plateau/Port-Bouet,Plateau,5.284092,-3.960922,22.7,100,0.227,Bloque,9720,944,2026-05-11,10,lundi,2026-05-11T10:23:16Z,principal,NA,Plateau
AX_05,5eme Pont acces Saint-Jean,Cocody/Plateau,Plateau,5.335149,-3.996117,23.4,80,0.292,Bloque,7035,685,2026-05-11,10,lundi,2026-05-11T10:23:18Z,principal,NA,Cocody
AX_06,Marche Bellville (Bvd Marseille),Treichville,Plateau,5.30587,-3.998069,19.8,50,0.396,Congestionne,6069,653,2026-05-11,10,lundi,2026-05-11T10:23:19Z,principal,NA,Treichville
AX_07,Rond-point Treichville,Treichville,Plateau,5.307293,-4.011812,9.6,40,0.24,Bloque,2586,570,2026-05-11,10,lundi,2026-05-11T10:23:20Z,principal,NA,Treichville
AX_08,Gare Lagunaire Bvd Lagunaire,Plateau/Treichville,Plateau,5.312868,-4.010077,18.5,60,0.308,Congestionne,3992,475,2026-05-11,10,lundi,2026-05-11T10:23:21Z,principal,NA,Plateau
AX_09,Carrefour de l Indenie (Adjame),Adjame,Plateau,5.341379,-4.020257,23.3,50,0.466,Congestionne,4314,408,2026-05-11,10,lundi,2026-05-11T10:23:22Z,principal,NA,Adjamé
AX_10,Adjame Mosquee (Bvd Nangui Abrogoua),Adjame,Plateau,5.354097,-4.026506,27.6,55,0.502,Modere,5369,429,2026-05-11,10,lundi,2026-05-11T10:23:24Z,principal,NA,Adjamé
AX_11,Echangeur de la Ferraille (Adjame),Adjame,Plateau,5.308686,-3.964053,16.2,50,0.324,Congestionne,9501,1294,2026-05-11,10,lundi,2026-05-11T10:23:25Z,principal,NA,Adjamé
AX_12,Feux Autoroute Nord entree Adjame,Adjame,Plateau,5.299899,-3.998254,16.5,100,0.165,Bloque,4252,566,2026-05-11,10,lundi,2026-05-11T10:23:26Z,principal,NA,Adjamé
AX_13,Carrefour Universite (Cocody),Cocody,Cocody,5.334383,-3.938384,18.2,60,0.303,Congestionne,8812,1103,2026-05-11,10,lundi,2026-05-11T10:23:27Z,principal,NA,Cocody
AX_14,2 Plateaux Vallon (Bvd Mitterrand),Cocody,Cocody,5.362127,-3.98962,11.4,60,0.19,Bloque,1354,271,2026-05-11,10,lundi,2026-05-11T10:23:28Z,principal,NA,Cocody
AX_15,Abobo Gare Mairie (Route Abobo),Abobo,Plateau,5.420996,-4.01901,33.8,90,0.376,Congestionne,13296,917,2026-05-11,10,lundi,2026-05-11T10:23:30Z,principal,NA,Abobo
AX_16,Gare Yopougon Autoroute Yopougon,Yopougon,Plateau,5.369048,-3.999911,22.6,100,0.226,Bloque,8791,887,2026-05-11,10,lundi,2026-05-11T10:23:31Z,principal,NA,Yopougon
AX_17,Clinique Fraternite (Bvd Fraternite),Yopougon,Plateau,5.349303,-4.021832,23.9,50,0.478,Congestionne,4855,463,2026-05-11,10,lundi,2026-05-11T10:23:32Z,principal,NA,Yopougon
AX_18,Carrefour Jatak (Route de Dabou),Yopougon,Plateau,5.321877,-4.1035450000000004,26.3,90,0.292,Bloque,18601,1612,2026-05-11,10,lundi,2026-05-11T10:23:33Z,principal,NA,Yopougon
AX_19,Lycee Bingerville (Route Bingerville),Bingerville,Cocody,5.357895,-3.890668,24.2,70,0.346,Congestionne,13218,1343,2026-05-11,10,lundi,2026-05-11T10:23:35Z,principal,NA,Bingerville
AX_20,Rond-point Marcory (Bvd de la Paix),Marcory,Plateau,5.303988,-4.003239,18.1,50,0.362,Congestionne,4123,514,2026-05-11,10,lundi,2026-05-11T10:23:36Z,principal,NA,Marcory
AX_01,Pont HKB (Henri Konan Bedie),Cocody/Marcory,Plateau,5.329775,-3.981814,24.1,80,0.301,Congestionne,10854,1140,2026-05-11,11,lundi,2026-05-11T11:25:02Z,principal,NA,Cocody
AX_02,Pont De Gaulle,Plateau/Treichville,Plateau,5.317516,-4.016406,17,60,0.283,Bloque,1224,176,2026-05-11,11,lundi,2026-05-11T11:25:04Z,principal,NA,Plateau
AX_03,Pont Felix Houphouet-Boigny,Plateau/Treichville,Plateau,5.328028,-4.017425,22,60,0.367,Congestionne,2414,269,2026-05-11,11,lundi,2026-05-11T11:25:05Z,principal,NA,Plateau
AX_04,Boulevard VGE (Giscard d Estaing),Plateau/Port-Bouet,Plateau,5.284092,-3.960922,25.2,100,0.252,Bloque,9720,944,2026-05-11,11,lundi,2026-05-11T11:25:06Z,principal,NA,Plateau
AX_05,5eme Pont acces Saint-Jean,Cocody/Plateau,Plateau,5.335149,-3.996117,26,80,0.325,Congestionne,7035,685,2026-05-11,11,lundi,2026-05-11T11:25:07Z,principal,NA,Cocody
AX_06,Marche Bellville (Bvd Marseille),Treichville,Plateau,5.30587,-3.998069,22,50,0.44,Congestionne,6069,653,2026-05-11,11,lundi,2026-05-11T11:25:09Z,principal,NA,Treichville
AX_07,Rond-point Treichville,Treichville,Plateau,5.307293,-4.011812,10.7,40,0.267,Bloque,2586,570,2026-05-11,11,lundi,2026-05-11T11:25:10Z,principal,NA,Treichville
AX_08,Gare Lagunaire Bvd Lagunaire,Plateau/Treichville,Plateau,5.312868,-4.010077,20.6,60,0.343,Congestionne,3992,475,2026-05-11,11,lundi,2026-05-11T11:25:11Z,principal,NA,Plateau
AX_09,Carrefour de l Indenie (Adjame),Adjame,Plateau,5.341379,-4.020257,25.9,50,0.518,Modere,4314,408,2026-05-11,11,lundi,2026-05-11T11:25:12Z,principal,NA,Adjamé
AX_10,Adjame Mosquee (Bvd Nangui Abrogoua),Adjame,Plateau,5.354097,-4.026506,30.7,55,0.558,Modere,5369,429,2026-05-11,11,lundi,2026-05-11T11:25:13Z,principal,NA,Adjamé
AX_11,Echangeur de la Ferraille (Adjame),Adjame,Plateau,5.308686,-3.964053,18,50,0.36,Congestionne,9501,1294,2026-05-11,11,lundi,2026-05-11T11:25:15Z,principal,NA,Adjamé
AX_12,Feux Autoroute Nord entree Adjame,Adjame,Plateau,5.299899,-3.998254,18.4,100,0.184,Bloque,4252,566,2026-05-11,11,lundi,2026-05-11T11:25:16Z,principal,NA,Adjamé
AX_13,Carrefour Universite (Cocody),Cocody,Cocody,5.334383,-3.938384,20.3,60,0.338,Congestionne,8812,1103,2026-05-11,11,lundi,2026-05-11T11:25:17Z,principal,NA,Cocody
AX_14,2 Plateaux Vallon (Bvd Mitterrand),Cocody,Cocody,5.362127,-3.98962,12.7,60,0.212,Bloque,1354,271,2026-05-11,11,lundi,2026-05-11T11:25:18Z,principal,NA,Cocody
AX_15,Abobo Gare Mairie (Route Abobo),Abobo,Plateau,5.420996,-4.01901,37.6,90,0.418,Congestionne,13296,917,2026-05-11,11,lundi,2026-05-11T11:25:20Z,principal,NA,Abobo
AX_16,Gare Yopougon Autoroute Yopougon,Yopougon,Plateau,5.369048,-3.999911,25.1,100,0.251,Bloque,8791,887,2026-05-11,11,lundi,2026-05-11T11:25:21Z,principal,NA,Yopougon
AX_17,Clinique Fraternite (Bvd Fraternite),Yopougon,Plateau,5.349303,-4.021832,26.5,50,0.53,Modere,4855,463,2026-05-11,11,lundi,2026-05-11T11:25:22Z,principal,NA,Yopougon
AX_18,Carrefour Jatak (Route de Dabou),Yopougon,Plateau,5.321877,-4.1035450000000004,29.2,90,0.324,Congestionne,18601,1612,2026-05-11,11,lundi,2026-05-11T11:25:23Z,principal,NA,Yopougon
AX_19,Lycee Bingerville (Route Bingerville),Bingerville,Cocody,5.357895,-3.890668,26.9,70,0.384,Congestionne,13218,1343,2026-05-11,11,lundi,2026-05-11T11:25:25Z,principal,NA,Bingerville
AX_20,Rond-point Marcory (Bvd de la Paix),Marcory,Plateau,5.303988,-4.003239,20.1,50,0.402,Congestionne,4123,514,2026-05-11,11,lundi,2026-05-11T11:25:26Z,principal,NA,Marcory
AX_01,Pont HKB (Henri Konan Bedie),Cocody/Marcory,Plateau,5.329775,-3.981814,20.5,80,0.256,Bloque,10854,1140,2026-05-11,12,lundi,2026-05-11T12:26:47Z,principal,NA,Cocody
AX_02,Pont De Gaulle,Plateau/Treichville,Plateau,5.317516,-4.016406,14.4,60,0.24,Bloque,1224,176,2026-05-11,12,lundi,2026-05-11T12:26:49Z,principal,NA,Plateau
AX_03,Pont Felix Houphouet-Boigny,Plateau/Treichville,Plateau,5.328028,-4.017425,18.7,60,0.312,Congestionne,2414,269,2026-05-11,12,lundi,2026-05-11T12:26:50Z,principal,NA,Plateau
AX_04,Boulevard VGE (Giscard d Estaing),Plateau/Port-Bouet,Plateau,5.284092,-3.960922,21.4,100,0.214,Bloque,9720,944,2026-05-11,12,lundi,2026-05-11T12:26:51Z,principal,NA,Plateau
AX_05,5eme Pont acces Saint-Jean,Cocody/Plateau,Plateau,5.335149,-3.996117,22.1,80,0.276,Bloque,7035,685,2026-05-11,12,lundi,2026-05-11T12:26:52Z,principal,NA,Cocody
AX_06,Marche Bellville (Bvd Marseille),Treichville,Plateau,5.30587,-3.998069,18.7,50,0.374,Congestionne,6069,653,2026-05-11,12,lundi,2026-05-11T12:26:53Z,principal,NA,Treichville
AX_07,Rond-point Treichville,Treichville,Plateau,5.307293,-4.011812,9.1,40,0.227,Bloque,2586,570,2026-05-11,12,lundi,2026-05-11T12:26:55Z,principal,NA,Treichville
AX_08,Gare Lagunaire Bvd Lagunaire,Plateau/Treichville,Plateau,5.312868,-4.010077,17.5,60,0.292,Bloque,3992,475,2026-05-11,12,lundi,2026-05-11T12:26:56Z,principal,NA,Plateau
AX_09,Carrefour de l Indenie (Adjame),Adjame,Plateau,5.341379,-4.020257,22,50,0.44,Congestionne,4314,408,2026-05-11,12,lundi,2026-05-11T12:26:57Z,principal,NA,Adjamé
AX_10,Adjame Mosquee (Bvd Nangui Abrogoua),Adjame,Plateau,5.354097,-4.026506,26.1,55,0.475,Congestionne,5369,429,2026-05-11,12,lundi,2026-05-11T12:26:58Z,principal,NA,Adjamé
AX_11,Echangeur de la Ferraille (Adjame),Adjame,Plateau,5.308686,-3.964053,15.3,50,0.306,Congestionne,9501,1294,2026-05-11,12,lundi,2026-05-11T12:26:59Z,principal,NA,Adjamé
AX_12,Feux Autoroute Nord entree Adjame,Adjame,Plateau,5.299899,-3.998254,15.6,100,0.156,Bloque,4252,566,2026-05-11,12,lundi,2026-05-11T12:27:01Z,principal,NA,Adjamé
AX_13,Carrefour Universite (Cocody),Cocody,Cocody,5.334383,-3.938384,17.2,60,0.287,Bloque,8812,1103,2026-05-11,12,lundi,2026-05-11T12:27:02Z,principal,NA,Cocody
AX_14,2 Plateaux Vallon (Bvd Mitterrand),Cocody,Cocody,5.362127,-3.98962,10.8,60,0.18,Bloque,1354,271,2026-05-11,12,lundi,2026-05-11T12:27:03Z,principal,NA,Cocody
AX_15,Abobo Gare Mairie (Route Abobo),Abobo,Plateau,5.420996,-4.01901,31.9,90,0.354,Congestionne,13296,917,2026-05-11,12,lundi,2026-05-11T12:27:04Z,principal,NA,Abobo
AX_16,Gare Yopougon Autoroute Yopougon,Yopougon,Plateau,5.369048,-3.999911,21.4,100,0.214,Bloque,8791,887,2026-05-11,12,lundi,2026-05-11T12:27:05Z,principal,NA,Yopougon
AX_17,Clinique Fraternite (Bvd Fraternite),Yopougon,Plateau,5.349303,-4.021832,22.6,50,0.452,Congestionne,4855,463,2026-05-11,12,lundi,2026-05-11T12:27:07Z,principal,NA,Yopougon
AX_18,Carrefour Jatak (Route de Dabou),Yopougon,Plateau,5.321877,-4.1035450000000004,24.8,90,0.276,Bloque,18601,1612,2026-05-11,12,lundi,2026-05-11T12:27:08Z,principal,NA,Yopougon
AX_19,Lycee Bingerville (Route Bingerville),Bingerville,Cocody,5.357895,-3.890668,22.9,70,0.327,Congestionne,13218,1343,2026-05-11,12,lundi,2026-05-11T12:27:09Z,principal,NA,Bingerville
AX_20,Rond-point Marcory (Bvd de la Paix),Marcory,Plateau,5.303988,-4.003239,17.1,50,0.342,Congestionne,4123,514,2026-05-11,12,lundi,2026-05-11T12:27:10Z,principal,NA,Marcory
AX_01,Pont HKB (Henri Konan Bedie),Cocody/Marcory,Plateau,5.329775,-3.981814,23.5,80,0.294,Bloque,10854,1140,2026-05-11,20,lundi,2026-05-11T20:20:46Z,principal,NA,Cocody
AX_02,Pont De Gaulle,Plateau/Treichville,Plateau,5.317516,-4.016406,16.6,60,0.277,Bloque,1224,176,2026-05-11,20,lundi,2026-05-11T20:20:47Z,principal,NA,Plateau
AX_03,Pont Felix Houphouet-Boigny,Plateau/Treichville,Plateau,5.328028,-4.017425,21.4,60,0.357,Congestionne,2414,269,2026-05-11,20,lundi,2026-05-11T20:20:48Z,principal,NA,Plateau
AX_04,Boulevard VGE (Giscard d Estaing),Plateau/Port-Bouet,Plateau,5.284092,-3.960922,24.6,100,0.246,Bloque,9720,944,2026-05-11,20,lundi,2026-05-11T20:20:50Z,principal,NA,Plateau
AX_05,5eme Pont acces Saint-Jean,Cocody/Plateau,Plateau,5.335149,-3.996117,25.4,80,0.318,Congestionne,7035,685,2026-05-11,20,lundi,2026-05-11T20:20:51Z,principal,NA,Cocody
AX_06,Marche Bellville (Bvd Marseille),Treichville,Plateau,5.30587,-3.998069,21.4,50,0.428,Congestionne,6069,653,2026-05-11,20,lundi,2026-05-11T20:20:52Z,principal,NA,Treichville
AX_07,Rond-point Treichville,Treichville,Plateau,5.307293,-4.011812,10.4,40,0.26,Bloque,2586,570,2026-05-11,20,lundi,2026-05-11T20:20:53Z,principal,NA,Treichville
AX_08,Gare Lagunaire Bvd Lagunaire,Plateau/Treichville,Plateau,5.312868,-4.010077,20.1,60,0.335,Congestionne,3992,475,2026-05-11,20,lundi,2026-05-11T20:20:54Z,principal,NA,Plateau
AX_09,Carrefour de l Indenie (Adjame),Adjame,Plateau,5.341379,-4.020257,25.3,50,0.506,Modere,4314,408,2026-05-11,20,lundi,2026-05-11T20:20:56Z,principal,NA,Adjamé
AX_10,Adjame Mosquee (Bvd Nangui Abrogoua),Adjame,Plateau,5.354097,-4.026506,29.9,55,0.544,Modere,5369,429,2026-05-11,20,lundi,2026-05-11T20:20:57Z,principal,NA,Adjamé
AX_11,Echangeur de la Ferraille (Adjame),Adjame,Plateau,5.308686,-3.964053,17.5,50,0.35,Congestionne,9501,1294,2026-05-11,20,lundi,2026-05-11T20:20:58Z,principal,NA,Adjamé
AX_12,Feux Autoroute Nord entree Adjame,Adjame,Plateau,5.299899,-3.998254,17.9,100,0.179,Bloque,4252,566,2026-05-11,20,lundi,2026-05-11T20:20:59Z,principal,NA,Adjamé
AX_13,Carrefour Universite (Cocody),Cocody,Cocody,5.334383,-3.938384,19.8,60,0.33,Congestionne,8812,1103,2026-05-11,20,lundi,2026-05-11T20:21:00Z,principal,NA,Cocody
AX_14,2 Plateaux Vallon (Bvd Mitterrand),Cocody,Cocody,5.362127,-3.98962,12.4,60,0.207,Bloque,1354,271,2026-05-11,20,lundi,2026-05-11T20:21:02Z,principal,NA,Cocody
AX_15,Abobo Gare Mairie (Route Abobo),Abobo,Plateau,5.420996,-4.01901,36.6,90,0.407,Congestionne,13296,917,2026-05-11,20,lundi,2026-05-11T20:21:03Z,principal,NA,Abobo
AX_16,Gare Yopougon Autoroute Yopougon,Yopougon,Plateau,5.369048,-3.999911,24.5,100,0.245,Bloque,8791,887,2026-05-11,20,lundi,2026-05-11T20:21:04Z,principal,NA,Yopougon
AX_17,Clinique Fraternite (Bvd Fraternite),Yopougon,Plateau,5.349303,-4.021832,25.9,50,0.518,Modere,4855,463,2026-05-11,20,lundi,2026-05-11T20:21:05Z,principal,NA,Yopougon
AX_18,Carrefour Jatak (Route de Dabou),Yopougon,Plateau,5.321877,-4.1035450000000004,28.5,90,0.317,Congestionne,18601,1612,2026-05-11,20,lundi,2026-05-11T20:21:06Z,principal,NA,Yopougon
AX_19,Lycee Bingerville (Route Bingerville),Bingerville,Cocody,5.357895,-3.890668,26.2,70,0.374,Congestionne,13218,1343,2026-05-11,20,lundi,2026-05-11T20:21:08Z,principal,NA,Bingerville
AX_20,Rond-point Marcory (Bvd de la Paix),Marcory,Plateau,5.303988,-4.003239,19.6,50,0.392,Congestionne,4123,514,2026-05-11,20,lundi,2026-05-11T20:21:09Z,principal,NA,Marcory
AX_01,Pont HKB (Henri Konan Bedie),Cocody/Marcory,Plateau,5.329775,-3.981814,26.6,80,0.332,Congestionne,10854,1140,2026-05-11,21,lundi,2026-05-11T21:22:31Z,principal,NA,Cocody
AX_02,Pont De Gaulle,Plateau/Treichville,Plateau,5.317516,-4.016406,18.7,60,0.312,Congestionne,1224,176,2026-05-11,21,lundi,2026-05-11T21:22:32Z,principal,NA,Plateau
AX_03,Pont Felix Houphouet-Boigny,Plateau/Treichville,Plateau,5.328028,-4.017425,24.2,60,0.403,Congestionne,2414,269,2026-05-11,21,lundi,2026-05-11T21:22:34Z,principal,NA,Plateau
AX_04,Boulevard VGE (Giscard d Estaing),Plateau/Port-Bouet,Plateau,5.284092,-3.960922,27.8,100,0.278,Bloque,9720,944,2026-05-11,21,lundi,2026-05-11T21:22:35Z,principal,NA,Plateau
AX_05,5eme Pont acces Saint-Jean,Cocody/Plateau,Plateau,5.335149,-3.996117,28.7,80,0.359,Congestionne,7035,685,2026-05-11,21,lundi,2026-05-11T21:22:36Z,principal,NA,Cocody
AX_06,Marche Bellville (Bvd Marseille),Treichville,Plateau,5.30587,-3.998069,24.2,50,0.484,Congestionne,6069,653,2026-05-11,21,lundi,2026-05-11T21:22:37Z,principal,NA,Treichville
AX_07,Rond-point Treichville,Treichville,Plateau,5.307293,-4.011812,11.8,40,0.295,Bloque,2586,570,2026-05-11,21,lundi,2026-05-11T21:22:39Z,principal,NA,Treichville
AX_08,Gare Lagunaire Bvd Lagunaire,Plateau/Treichville,Plateau,5.312868,-4.010077,22.7,60,0.378,Congestionne,3992,475,2026-05-11,21,lundi,2026-05-11T21:22:40Z,principal,NA,Plateau
AX_09,Carrefour de l Indenie (Adjame),Adjame,Plateau,5.341379,-4.020257,28.5,50,0.57,Modere,4314,408,2026-05-11,21,lundi,2026-05-11T21:22:41Z,principal,NA,Adjamé
AX_10,Adjame Mosquee (Bvd Nangui Abrogoua),Adjame,Plateau,5.354097,-4.026506,33.7,55,0.613,Modere,5369,429,2026-05-11,21,lundi,2026-05-11T21:22:42Z,principal,NA,Adjamé
AX_11,Echangeur de la Ferraille (Adjame),Adjame,Plateau,5.308686,-3.964053,19.7,50,0.394,Congestionne,9501,1294,2026-05-11,21,lundi,2026-05-11T21:22:43Z,principal,NA,Adjamé
AX_12,Feux Autoroute Nord entree Adjame,Adjame,Plateau,5.299899,-3.998254,20.2,100,0.202,Bloque,4252,566,2026-05-11,21,lundi,2026-05-11T21:22:45Z,principal,NA,Adjamé
AX_13,Carrefour Universite (Cocody),Cocody,Cocody,5.334383,-3.938384,22.3,60,0.372,Congestionne,8812,1103,2026-05-11,21,lundi,2026-05-11T21:22:46Z,principal,NA,Cocody
AX_14,2 Plateaux Vallon (Bvd Mitterrand),Cocody,Cocody,5.362127,-3.98962,13.9,60,0.232,Bloque,1354,271,2026-05-11,21,lundi,2026-05-11T21:22:47Z,principal,NA,Cocody
AX_15,Abobo Gare Mairie (Route Abobo),Abobo,Plateau,5.420996,-4.01901,41.3,90,0.459,Congestionne,13296,917,2026-05-11,21,lundi,2026-05-11T21:22:48Z,principal,NA,Abobo
AX_16,Gare Yopougon Autoroute Yopougon,Yopougon,Plateau,5.369048,-3.999911,27.6,100,0.276,Bloque,8791,887,2026-05-11,21,lundi,2026-05-11T21:22:49Z,principal,NA,Yopougon
AX_17,Clinique Fraternite (Bvd Fraternite),Yopougon,Plateau,5.349303,-4.021832,29.2,50,0.584,Modere,4855,463,2026-05-11,21,lundi,2026-05-11T21:22:51Z,principal,NA,Yopougon
AX_18,Carrefour Jatak (Route de Dabou),Yopougon,Plateau,5.321877,-4.1035450000000004,32.1,90,0.357,Congestionne,18601,1612,2026-05-11,21,lundi,2026-05-11T21:22:52Z,principal,NA,Yopougon
AX_19,Lycee Bingerville (Route Bingerville),Bingerville,Cocody,5.357895,-3.890668,29.6,70,0.423,Congestionne,13218,1343,2026-05-11,21,lundi,2026-05-11T21:22:53Z,principal,NA,Bingerville
AX_20,Rond-point Marcory (Bvd de la Paix),Marcory,Plateau,5.303988,-4.003239,22.1,50,0.442,Congestionne,4123,514,2026-05-11,21,lundi,2026-05-11T21:22:54Z,principal,NA,Marcory
AX_01,Pont HKB (Henri Konan Bedie),Cocody/Marcory,Plateau,5.329775,-3.981814,16.6,80,0.208,Bloque,10854,1140,2026-05-12,9,mardi,2026-05-12T09:27:34Z,principal,NA,Cocody
AX_02,Pont De Gaulle,Plateau/Treichville,Plateau,5.317516,-4.016406,11.7,60,0.195,Bloque,1224,176,2026-05-12,9,mardi,2026-05-12T09:27:36Z,principal,NA,Plateau
AX_03,Pont Felix Houphouet-Boigny,Plateau/Treichville,Plateau,5.328028,-4.017425,15.1,60,0.252,Bloque,2414,269,2026-05-12,9,mardi,2026-05-12T09:27:37Z,principal,NA,Plateau
AX_04,Boulevard VGE (Giscard d Estaing),Plateau/Port-Bouet,Plateau,5.284092,-3.960922,17.3,100,0.173,Bloque,9720,944,2026-05-12,9,mardi,2026-05-12T09:27:38Z,principal,NA,Plateau
AX_05,5eme Pont acces Saint-Jean,Cocody/Plateau,Plateau,5.335149,-3.996117,17.9,80,0.224,Bloque,7035,685,2026-05-12,9,mardi,2026-05-12T09:27:39Z,principal,NA,Cocody
AX_06,Marche Bellville (Bvd Marseille),Treichville,Plateau,5.30587,-3.998069,15.1,50,0.302,Congestionne,6069,653,2026-05-12,9,mardi,2026-05-12T09:27:41Z,principal,NA,Treichville
AX_07,Rond-point Treichville,Treichville,Plateau,5.307293,-4.011812,7.4,40,0.185,Bloque,2586,570,2026-05-12,9,mardi,2026-05-12T09:27:42Z,principal,NA,Treichville
AX_08,Gare Lagunaire Bvd Lagunaire,Plateau/Treichville,Plateau,5.312868,-4.010077,14.2,60,0.237,Bloque,3992,475,2026-05-12,9,mardi,2026-05-12T09:27:43Z,principal,NA,Plateau
AX_09,Carrefour de l Indenie (Adjame),Adjame,Plateau,5.341379,-4.020257,17.8,50,0.356,Congestionne,4314,408,2026-05-12,9,mardi,2026-05-12T09:27:44Z,principal,NA,Adjamé
AX_10,Adjame Mosquee (Bvd Nangui Abrogoua),Adjame,Plateau,5.354097,-4.026506,21.1,55,0.384,Congestionne,5369,429,2026-05-12,9,mardi,2026-05-12T09:27:46Z,principal,NA,Adjamé
AX_11,Echangeur de la Ferraille (Adjame),Adjame,Plateau,5.308686,-3.964053,12.3,50,0.246,Bloque,9501,1294,2026-05-12,9,mardi,2026-05-12T09:27:47Z,principal,NA,Adjamé
AX_12,Feux Autoroute Nord entree Adjame,Adjame,Plateau,5.299899,-3.998254,12.6,100,0.126,Bloque,4252,566,2026-05-12,9,mardi,2026-05-12T09:27:48Z,principal,NA,Adjamé
AX_13,Carrefour Universite (Cocody),Cocody,Cocody,5.334383,-3.938384,13.9,60,0.232,Bloque,8812,1103,2026-05-12,9,mardi,2026-05-12T09:27:49Z,principal,NA,Cocody
AX_14,2 Plateaux Vallon (Bvd Mitterrand),Cocody,Cocody,5.362127,-3.98962,8.7,60,0.145,Bloque,1354,271,2026-05-12,9,mardi,2026-05-12T09:27:51Z,principal,NA,Cocody
AX_15,Abobo Gare Mairie (Route Abobo),Abobo,Plateau,5.420996,-4.01901,25.8,90,0.287,Bloque,13296,917,2026-05-12,9,mardi,2026-05-12T09:27:52Z,principal,NA,Abobo
AX_16,Gare Yopougon Autoroute Yopougon,Yopougon,Plateau,5.369048,-3.999911,17.3,100,0.173,Bloque,8791,887,2026-05-12,9,mardi,2026-05-12T09:27:53Z,principal,NA,Yopougon
AX_17,Clinique Fraternite (Bvd Fraternite),Yopougon,Plateau,5.349303,-4.021832,18.2,50,0.364,Congestionne,4855,463,2026-05-12,9,mardi,2026-05-12T09:27:54Z,principal,NA,Yopougon
AX_18,Carrefour Jatak (Route de Dabou),Yopougon,Plateau,5.321877,-4.1035450000000004,20.1,90,0.223,Bloque,18601,1612,2026-05-12,9,mardi,2026-05-12T09:27:55Z,principal,NA,Yopougon
AX_19,Lycee Bingerville (Route Bingerville),Bingerville,Cocody,5.357895,-3.890668,18.5,70,0.264,Bloque,13218,1343,2026-05-12,9,mardi,2026-05-12T09:27:57Z,principal,NA,Bingerville
AX_20,Rond-point Marcory (Bvd de la Paix),Marcory,Plateau,5.303988,-4.003239,13.8,50,0.276,Bloque,4123,514,2026-05-12,9,mardi,2026-05-12T09:27:58Z,principal,NA,Marcory
AX_01,Pont HKB (Henri Konan Bedie),Cocody/Marcory,Plateau,5.329775,-3.981814,21.7,80,0.271,Bloque,10854,1140,2026-05-12,10,mardi,2026-05-12T10:29:24Z,principal,NA,Cocody
AX_02,Pont De Gaulle,Plateau/Treichville,Plateau,5.317516,-4.016406,15.3,60,0.255,Bloque,1224,176,2026-05-12,10,mardi,2026-05-12T10:29:25Z,principal,NA,Plateau
AX_03,Pont Felix Houphouet-Boigny,Plateau/Treichville,Plateau,5.328028,-4.017425,19.8,60,0.33,Congestionne,2414,269,2026-05-12,10,mardi,2026-05-12T10:29:26Z,principal,NA,Plateau
AX_04,Boulevard VGE (Giscard d Estaing),Plateau/Port-Bouet,Plateau,5.284092,-3.960922,22.7,100,0.227,Bloque,9720,944,2026-05-12,10,mardi,2026-05-12T10:29:27Z,principal,NA,Plateau
AX_05,5eme Pont acces Saint-Jean,Cocody/Plateau,Plateau,5.335149,-3.996117,23.4,80,0.292,Bloque,7035,685,2026-05-12,10,mardi,2026-05-12T10:29:29Z,principal,NA,Cocody
AX_06,Marche Bellville (Bvd Marseille),Treichville,Plateau,5.30587,-3.998069,19.8,50,0.396,Congestionne,6069,653,2026-05-12,10,mardi,2026-05-12T10:29:30Z,principal,NA,Treichville
AX_07,Rond-point Treichville,Treichville,Plateau,5.307293,-4.011812,9.6,40,0.24,Bloque,2586,570,2026-05-12,10,mardi,2026-05-12T10:29:31Z,principal,NA,Treichville
AX_08,Gare Lagunaire Bvd Lagunaire,Plateau/Treichville,Plateau,5.312868,-4.010077,18.5,60,0.308,Congestionne,3992,475,2026-05-12,10,mardi,2026-05-12T10:29:32Z,principal,NA,Plateau
AX_09,Carrefour de l Indenie (Adjame),Adjame,Plateau,5.341379,-4.020257,23.3,50,0.466,Congestionne,4314,408,2026-05-12,10,mardi,2026-05-12T10:29:33Z,principal,NA,Adjamé
AX_10,Adjame Mosquee (Bvd Nangui Abrogoua),Adjame,Plateau,5.354097,-4.026506,27.6,55,0.502,Modere,5369,429,2026-05-12,10,mardi,2026-05-12T10:29:35Z,principal,NA,Adjamé
AX_11,Echangeur de la Ferraille (Adjame),Adjame,Plateau,5.308686,-3.964053,16.2,50,0.324,Congestionne,9501,1294,2026-05-12,10,mardi,2026-05-12T10:29:36Z,principal,NA,Adjamé
AX_12,Feux Autoroute Nord entree Adjame,Adjame,Plateau,5.299899,-3.998254,16.5,100,0.165,Bloque,4252,566,2026-05-12,10,mardi,2026-05-12T10:29:37Z,principal,NA,Adjamé
AX_13,Carrefour Universite (Cocody),Cocody,Cocody,5.334383,-3.938384,18.2,60,0.303,Congestionne,8812,1103,2026-05-12,10,mardi,2026-05-12T10:29:38Z,principal,NA,Cocody
AX_14,2 Plateaux Vallon (Bvd Mitterrand),Cocody,Cocody,5.362127,-3.98962,11.4,60,0.19,Bloque,1354,271,2026-05-12,10,mardi,2026-05-12T10:29:40Z,principal,NA,Cocody
AX_15,Abobo Gare Mairie (Route Abobo),Abobo,Plateau,5.420996,-4.01901,33.8,90,0.376,Congestionne,13296,917,2026-05-12,10,mardi,2026-05-12T10:29:41Z,principal,NA,Abobo
AX_16,Gare Yopougon Autoroute Yopougon,Yopougon,Plateau,5.369048,-3.999911,22.6,100,0.226,Bloque,8791,887,2026-05-12,10,mardi,2026-05-12T10:29:42Z,principal,NA,Yopougon
AX_17,Clinique Fraternite (Bvd Fraternite),Yopougon,Plateau,5.349303,-4.021832,23.9,50,0.478,Congestionne,4855,463,2026-05-12,10,mardi,2026-05-12T10:29:43Z,principal,NA,Yopougon
AX_18,Carrefour Jatak (Route de Dabou),Yopougon,Plateau,5.321877,-4.1035450000000004,26.3,90,0.292,Bloque,18601,1612,2026-05-12,10,mardi,2026-05-12T10:29:45Z,principal,NA,Yopougon
AX_19,Lycee Bingerville (Route Bingerville),Bingerville,Cocody,5.357895,-3.890668,24.2,70,0.346,Congestionne,13218,1343,2026-05-12,10,mardi,2026-05-12T10:29:46Z,principal,NA,Bingerville
AX_20,Rond-point Marcory (Bvd de la Paix),Marcory,Plateau,5.303988,-4.003239,18.1,50,0.362,Congestionne,4123,514,2026-05-12,10,mardi,2026-05-12T10:29:47Z,principal,NA,Marcory
AX_01,Pont HKB (Henri Konan Bedie),Cocody/Marcory,Plateau,5.329775,-3.981814,24.1,80,0.301,Congestionne,10854,1140,2026-05-12,11,mardi,2026-05-12T11:00:14Z,principal,NA,Cocody
AX_02,Pont De Gaulle,Plateau/Treichville,Plateau,5.317516,-4.016406,17,60,0.283,Bloque,1224,176,2026-05-12,11,mardi,2026-05-12T11:00:16Z,principal,NA,Plateau
AX_03,Pont Felix Houphouet-Boigny,Plateau/Treichville,Plateau,5.328028,-4.017425,22,60,0.367,Congestionne,2414,269,2026-05-12,11,mardi,2026-05-12T11:00:17Z,principal,NA,Plateau
AX_04,Boulevard VGE (Giscard d Estaing),Plateau/Port-Bouet,Plateau,5.284092,-3.960922,25.2,100,0.252,Bloque,9720,944,2026-05-12,11,mardi,2026-05-12T11:00:18Z,principal,NA,Plateau
AX_05,5eme Pont acces Saint-Jean,Cocody/Plateau,Plateau,5.335149,-3.996117,26,80,0.325,Congestionne,7035,685,2026-05-12,11,mardi,2026-05-12T11:00:19Z,principal,NA,Cocody
AX_06,Marche Bellville (Bvd Marseille),Treichville,Plateau,5.30587,-3.998069,22,50,0.44,Congestionne,6069,653,2026-05-12,11,mardi,2026-05-12T11:00:20Z,principal,NA,Treichville
AX_07,Rond-point Treichville,Treichville,Plateau,5.307293,-4.011812,10.7,40,0.267,Bloque,2586,570,2026-05-12,11,mardi,2026-05-12T11:00:22Z,principal,NA,Treichville
AX_08,Gare Lagunaire Bvd Lagunaire,Plateau/Treichville,Plateau,5.312868,-4.010077,20.6,60,0.343,Congestionne,3992,475,2026-05-12,11,mardi,2026-05-12T11:00:23Z,principal,NA,Plateau
AX_09,Carrefour de l Indenie (Adjame),Adjame,Plateau,5.341379,-4.020257,25.9,50,0.518,Modere,4314,408,2026-05-12,11,mardi,2026-05-12T11:00:24Z,principal,NA,Adjamé
AX_10,Adjame Mosquee (Bvd Nangui Abrogoua),Adjame,Plateau,5.354097,-4.026506,30.7,55,0.558,Modere,5369,429,2026-05-12,11,mardi,2026-05-12T11:00:25Z,principal,NA,Adjamé
AX_11,Echangeur de la Ferraille (Adjame),Adjame,Plateau,5.308686,-3.964053,18,50,0.36,Congestionne,9501,1294,2026-05-12,11,mardi,2026-05-12T11:00:27Z,principal,NA,Adjamé
AX_12,Feux Autoroute Nord entree Adjame,Adjame,Plateau,5.299899,-3.998254,18.4,100,0.184,Bloque,4252,566,2026-05-12,11,mardi,2026-05-12T11:00:28Z,principal,NA,Adjamé
AX_13,Carrefour Universite (Cocody),Cocody,Cocody,5.334383,-3.938384,20.3,60,0.338,Congestionne,8812,1103,2026-05-12,11,mardi,2026-05-12T11:00:29Z,principal,NA,Cocody
AX_14,2 Plateaux Vallon (Bvd Mitterrand),Cocody,Cocody,5.362127,-3.98962,12.7,60,0.212,Bloque,1354,271,2026-05-12,11,mardi,2026-05-12T11:00:30Z,principal,NA,Cocody
AX_15,Abobo Gare Mairie (Route Abobo),Abobo,Plateau,5.420996,-4.01901,37.6,90,0.418,Congestionne,13296,917,2026-05-12,11,mardi,2026-05-12T11:00:32Z,principal,NA,Abobo
AX_16,Gare Yopougon Autoroute Yopougon,Yopougon,Plateau,5.369048,-3.999911,25.1,100,0.251,Bloque,8791,887,2026-05-12,11,mardi,2026-05-12T11:00:33Z,principal,NA,Yopougon
AX_17,Clinique Fraternite (Bvd Fraternite),Yopougon,Plateau,5.349303,-4.021832,26.5,50,0.53,Modere,4855,463,2026-05-12,11,mardi,2026-05-12T11:00:34Z,principal,NA,Yopougon
AX_18,Carrefour Jatak (Route de Dabou),Yopougon,Plateau,5.321877,-4.1035450000000004,29.2,90,0.324,Congestionne,18601,1612,2026-05-12,11,mardi,2026-05-12T11:00:35Z,principal,NA,Yopougon
AX_19,Lycee Bingerville (Route Bingerville),Bingerville,Cocody,5.357895,-3.890668,26.9,70,0.384,Congestionne,13218,1343,2026-05-12,11,mardi,2026-05-12T11:00:37Z,principal,NA,Bingerville
AX_20,Rond-point Marcory (Bvd de la Paix),Marcory,Plateau,5.303988,-4.003239,20.1,50,0.402,Congestionne,4123,514,2026-05-12,11,mardi,2026-05-12T11:00:38Z,principal,NA,Marcory
AX_01,Pont HKB (Henri Konan Bedie),Cocody/Marcory,Plateau,5.329775,-3.981814,20.5,80,0.256,Bloque,10854,1140,2026-05-12,12,mardi,2026-05-12T12:02:06Z,principal,NA,Cocody
AX_02,Pont De Gaulle,Plateau/Treichville,Plateau,5.317516,-4.016406,14.4,60,0.24,Bloque,1224,176,2026-05-12,12,mardi,2026-05-12T12:02:07Z,principal,NA,Plateau
AX_03,Pont Felix Houphouet-Boigny,Plateau/Treichville,Plateau,5.328028,-4.017425,18.7,60,0.312,Congestionne,2414,269,2026-05-12,12,mardi,2026-05-12T12:02:08Z,principal,NA,Plateau
AX_04,Boulevard VGE (Giscard d Estaing),Plateau/Port-Bouet,Plateau,5.284092,-3.960922,21.4,100,0.214,Bloque,9720,944,2026-05-12,12,mardi,2026-05-12T12:02:09Z,principal,NA,Plateau
AX_05,5eme Pont acces Saint-Jean,Cocody/Plateau,Plateau,5.335149,-3.996117,22.1,80,0.276,Bloque,7035,685,2026-05-12,12,mardi,2026-05-12T12:02:10Z,principal,NA,Cocody
AX_06,Marche Bellville (Bvd Marseille),Treichville,Plateau,5.30587,-3.998069,18.7,50,0.374,Congestionne,6069,653,2026-05-12,12,mardi,2026-05-12T12:02:12Z,principal,NA,Treichville
AX_07,Rond-point Treichville,Treichville,Plateau,5.307293,-4.011812,9.1,40,0.227,Bloque,2586,570,2026-05-12,12,mardi,2026-05-12T12:02:13Z,principal,NA,Treichville
AX_08,Gare Lagunaire Bvd Lagunaire,Plateau/Treichville,Plateau,5.312868,-4.010077,17.5,60,0.292,Bloque,3992,475,2026-05-12,12,mardi,2026-05-12T12:02:14Z,principal,NA,Plateau
AX_09,Carrefour de l Indenie (Adjame),Adjame,Plateau,5.341379,-4.020257,22,50,0.44,Congestionne,4314,408,2026-05-12,12,mardi,2026-05-12T12:02:15Z,principal,NA,Adjamé
AX_10,Adjame Mosquee (Bvd Nangui Abrogoua),Adjame,Plateau,5.354097,-4.026506,26.1,55,0.475,Congestionne,5369,429,2026-05-12,12,mardi,2026-05-12T12:02:16Z,principal,NA,Adjamé
AX_11,Echangeur de la Ferraille (Adjame),Adjame,Plateau,5.308686,-3.964053,15.3,50,0.306,Congestionne,9501,1294,2026-05-12,12,mardi,2026-05-12T12:02:18Z,principal,NA,Adjamé
AX_12,Feux Autoroute Nord entree Adjame,Adjame,Plateau,5.299899,-3.998254,15.6,100,0.156,Bloque,4252,566,2026-05-12,12,mardi,2026-05-12T12:02:19Z,principal,NA,Adjamé
AX_13,Carrefour Universite (Cocody),Cocody,Cocody,5.334383,-3.938384,17.2,60,0.287,Bloque,8812,1103,2026-05-12,12,mardi,2026-05-12T12:02:20Z,principal,NA,Cocody
AX_14,2 Plateaux Vallon (Bvd Mitterrand),Cocody,Cocody,5.362127,-3.98962,10.8,60,0.18,Bloque,1354,271,2026-05-12,12,mardi,2026-05-12T12:02:21Z,principal,NA,Cocody
AX_15,Abobo Gare Mairie (Route Abobo),Abobo,Plateau,5.420996,-4.01901,31.9,90,0.354,Congestionne,13296,917,2026-05-12,12,mardi,2026-05-12T12:02:23Z,principal,NA,Abobo
AX_16,Gare Yopougon Autoroute Yopougon,Yopougon,Plateau,5.369048,-3.999911,21.4,100,0.214,Bloque,8791,887,2026-05-12,12,mardi,2026-05-12T12:02:24Z,principal,NA,Yopougon
AX_17,Clinique Fraternite (Bvd Fraternite),Yopougon,Plateau,5.349303,-4.021832,22.6,50,0.452,Congestionne,4855,463,2026-05-12,12,mardi,2026-05-12T12:02:25Z,principal,NA,Yopougon
AX_18,Carrefour Jatak (Route de Dabou),Yopougon,Plateau,5.321877,-4.1035450000000004,24.8,90,0.276,Bloque,18601,1612,2026-05-12,12,mardi,2026-05-12T12:02:26Z,principal,NA,Yopougon
AX_19,Lycee Bingerville (Route Bingerville),Bingerville,Cocody,5.357895,-3.890668,22.9,70,0.327,Congestionne,13218,1343,2026-05-12,12,mardi,2026-05-12T12:02:28Z,principal,NA,Bingerville
AX_20,Rond-point Marcory (Bvd de la Paix),Marcory,Plateau,5.303988,-4.003239,17.1,50,0.342,Congestionne,4123,514,2026-05-12,12,mardi,2026-05-12T12:02:29Z,principal,NA,Marcory
AX_01,Pont HKB (Henri Konan Bedie),Cocody/Marcory,Plateau,5.329775,-3.981814,23.5,80,0.294,Bloque,10854,1140,2026-05-12,13,mardi,2026-05-12T13:04:16Z,principal,NA,Cocody
AX_02,Pont De Gaulle,Plateau/Treichville,Plateau,5.317516,-4.016406,16.6,60,0.277,Bloque,1224,176,2026-05-12,13,mardi,2026-05-12T13:04:17Z,principal,NA,Plateau
AX_03,Pont Felix Houphouet-Boigny,Plateau/Treichville,Plateau,5.328028,-4.017425,21.4,60,0.357,Congestionne,2414,269,2026-05-12,13,mardi,2026-05-12T13:04:18Z,principal,NA,Plateau
AX_04,Boulevard VGE (Giscard d Estaing),Plateau/Port-Bouet,Plateau,5.284092,-3.960922,24.6,100,0.246,Bloque,9720,944,2026-05-12,13,mardi,2026-05-12T13:04:20Z,principal,NA,Plateau
AX_05,5eme Pont acces Saint-Jean,Cocody/Plateau,Plateau,5.335149,-3.996117,25.4,80,0.318,Congestionne,7035,685,2026-05-12,13,mardi,2026-05-12T13:04:21Z,principal,NA,Cocody
AX_06,Marche Bellville (Bvd Marseille),Treichville,Plateau,5.30587,-3.998069,21.4,50,0.428,Congestionne,6069,653,2026-05-12,13,mardi,2026-05-12T13:04:22Z,principal,NA,Treichville
AX_07,Rond-point Treichville,Treichville,Plateau,5.307293,-4.011812,10.4,40,0.26,Bloque,2586,570,2026-05-12,13,mardi,2026-05-12T13:04:23Z,principal,NA,Treichville
AX_08,Gare Lagunaire Bvd Lagunaire,Plateau/Treichville,Plateau,5.312868,-4.010077,20.1,60,0.335,Congestionne,3992,475,2026-05-12,13,mardi,2026-05-12T13:04:25Z,principal,NA,Plateau
AX_09,Carrefour de l Indenie (Adjame),Adjame,Plateau,5.341379,-4.020257,25.3,50,0.506,Modere,4314,408,2026-05-12,13,mardi,2026-05-12T13:04:26Z,principal,NA,Adjamé
AX_10,Adjame Mosquee (Bvd Nangui Abrogoua),Adjame,Plateau,5.354097,-4.026506,29.9,55,0.544,Modere,5369,429,2026-05-12,13,mardi,2026-05-12T13:04:27Z,principal,NA,Adjamé
AX_11,Echangeur de la Ferraille (Adjame),Adjame,Plateau,5.308686,-3.964053,17.5,50,0.35,Congestionne,9501,1294,2026-05-12,13,mardi,2026-05-12T13:04:28Z,principal,NA,Adjamé
AX_12,Feux Autoroute Nord entree Adjame,Adjame,Plateau,5.299899,-3.998254,17.9,100,0.179,Bloque,4252,566,2026-05-12,13,mardi,2026-05-12T13:04:29Z,principal,NA,Adjamé
AX_13,Carrefour Universite (Cocody),Cocody,Cocody,5.334383,-3.938384,19.8,60,0.33,Congestionne,8812,1103,2026-05-12,13,mardi,2026-05-12T13:04:31Z,principal,NA,Cocody
AX_14,2 Plateaux Vallon (Bvd Mitterrand),Cocody,Cocody,5.362127,-3.98962,12.4,60,0.207,Bloque,1354,271,2026-05-12,13,mardi,2026-05-12T13:04:32Z,principal,NA,Cocody
AX_15,Abobo Gare Mairie (Route Abobo),Abobo,Plateau,5.420996,-4.01901,36.6,90,0.407,Congestionne,13296,917,2026-05-12,13,mardi,2026-05-12T13:04:33Z,principal,NA,Abobo
AX_16,Gare Yopougon Autoroute Yopougon,Yopougon,Plateau,5.369048,-3.999911,24.5,100,0.245,Bloque,8791,887,2026-05-12,13,mardi,2026-05-12T13:04:34Z,principal,NA,Yopougon
AX_17,Clinique Fraternite (Bvd Fraternite),Yopougon,Plateau,5.349303,-4.021832,25.9,50,0.518,Modere,4855,463,2026-05-12,13,mardi,2026-05-12T13:04:36Z,principal,NA,Yopougon
AX_18,Carrefour Jatak (Route de Dabou),Yopougon,Plateau,5.321877,-4.1035450000000004,28.5,90,0.317,Congestionne,18601,1612,2026-05-12,13,mardi,2026-05-12T13:04:37Z,principal,NA,Yopougon
AX_19,Lycee Bingerville (Route Bingerville),Bingerville,Cocody,5.357895,-3.890668,26.2,70,0.374,Congestionne,13218,1343,2026-05-12,13,mardi,2026-05-12T13:04:38Z,principal,NA,Bingerville
AX_20,Rond-point Marcory (Bvd de la Paix),Marcory,Plateau,5.303988,-4.003239,19.6,50,0.392,Congestionne,4123,514,2026-05-12,13,mardi,2026-05-12T13:04:39Z,principal,NA,Marcory
AX_01,Pont HKB (Henri Konan Bedie),Cocody/Marcory,Plateau,5.329775,-3.981814,24.8,80,0.31,Congestionne,10854,1140,2026-05-12,14,mardi,2026-05-12T14:06:05Z,principal,NA,Cocody
AX_02,Pont De Gaulle,Plateau/Treichville,Plateau,5.317516,-4.016406,17.4,60,0.29,Bloque,1224,176,2026-05-12,14,mardi,2026-05-12T14:06:06Z,principal,NA,Plateau
AX_03,Pont Felix Houphouet-Boigny,Plateau/Treichville,Plateau,5.328028,-4.017425,22.5,60,0.375,Congestionne,2414,269,2026-05-12,14,mardi,2026-05-12T14:06:07Z,principal,NA,Plateau
AX_04,Boulevard VGE (Giscard d Estaing),Plateau/Port-Bouet,Plateau,5.284092,-3.960922,25.9,100,0.259,Bloque,9720,944,2026-05-12,14,mardi,2026-05-12T14:06:09Z,principal,NA,Plateau
AX_05,5eme Pont acces Saint-Jean,Cocody/Plateau,Plateau,5.335149,-3.996117,26.7,80,0.334,Congestionne,7035,685,2026-05-12,14,mardi,2026-05-12T14:06:10Z,principal,NA,Cocody
AX_06,Marche Bellville (Bvd Marseille),Treichville,Plateau,5.30587,-3.998069,22.5,50,0.45,Congestionne,6069,653,2026-05-12,14,mardi,2026-05-12T14:06:11Z,principal,NA,Treichville
AX_07,Rond-point Treichville,Treichville,Plateau,5.307293,-4.011812,11,40,0.275,Bloque,2586,570,2026-05-12,14,mardi,2026-05-12T14:06:12Z,principal,NA,Treichville
AX_08,Gare Lagunaire Bvd Lagunaire,Plateau/Treichville,Plateau,5.312868,-4.010077,21.1,60,0.352,Congestionne,3992,475,2026-05-12,14,mardi,2026-05-12T14:06:13Z,principal,NA,Plateau
AX_09,Carrefour de l Indenie (Adjame),Adjame,Plateau,5.341379,-4.020257,26.6,50,0.532,Modere,4314,408,2026-05-12,14,mardi,2026-05-12T14:06:15Z,principal,NA,Adjamé
AX_10,Adjame Mosquee (Bvd Nangui Abrogoua),Adjame,Plateau,5.354097,-4.026506,31.4,55,0.571,Modere,5369,429,2026-05-12,14,mardi,2026-05-12T14:06:16Z,principal,NA,Adjamé
AX_11,Echangeur de la Ferraille (Adjame),Adjame,Plateau,5.308686,-3.964053,18.4,50,0.368,Congestionne,9501,1294,2026-05-12,14,mardi,2026-05-12T14:06:17Z,principal,NA,Adjamé
AX_12,Feux Autoroute Nord entree Adjame,Adjame,Plateau,5.299899,-3.998254,18.8,100,0.188,Bloque,4252,566,2026-05-12,14,mardi,2026-05-12T14:06:18Z,principal,NA,Adjamé
AX_13,Carrefour Universite (Cocody),Cocody,Cocody,5.334383,-3.938384,20.8,60,0.347,Congestionne,8812,1103,2026-05-12,14,mardi,2026-05-12T14:06:20Z,principal,NA,Cocody
AX_14,2 Plateaux Vallon (Bvd Mitterrand),Cocody,Cocody,5.362127,-3.98962,13,60,0.217,Bloque,1354,271,2026-05-12,14,mardi,2026-05-12T14:06:21Z,principal,NA,Cocody
AX_15,Abobo Gare Mairie (Route Abobo),Abobo,Plateau,5.420996,-4.01901,38.5,90,0.428,Congestionne,13296,917,2026-05-12,14,mardi,2026-05-12T14:06:22Z,principal,NA,Abobo
AX_16,Gare Yopougon Autoroute Yopougon,Yopougon,Plateau,5.369048,-3.999911,25.8,100,0.258,Bloque,8791,887,2026-05-12,14,mardi,2026-05-12T14:06:23Z,principal,NA,Yopougon
AX_17,Clinique Fraternite (Bvd Fraternite),Yopougon,Plateau,5.349303,-4.021832,27.2,50,0.544,Modere,4855,463,2026-05-12,14,mardi,2026-05-12T14:06:24Z,principal,NA,Yopougon
AX_18,Carrefour Jatak (Route de Dabou),Yopougon,Plateau,5.321877,-4.1035450000000004,29.9,90,0.332,Congestionne,18601,1612,2026-05-12,14,mardi,2026-05-12T14:06:26Z,principal,NA,Yopougon
AX_19,Lycee Bingerville (Route Bingerville),Bingerville,Cocody,5.357895,-3.890668,27.6,70,0.394,Congestionne,13218,1343,2026-05-12,14,mardi,2026-05-12T14:06:27Z,principal,NA,Bingerville
AX_20,Rond-point Marcory (Bvd de la Paix),Marcory,Plateau,5.303988,-4.003239,20.6,50,0.412,Congestionne,4123,514,2026-05-12,14,mardi,2026-05-12T14:06:28Z,principal,NA,Marcory
AX_01,Pont HKB (Henri Konan Bedie),Cocody/Marcory,Plateau,5.329775,-3.981814,21.7,80,0.271,Bloque,10854,1140,2026-05-12,15,mardi,2026-05-12T15:07:50Z,principal,NA,Cocody
AX_02,Pont De Gaulle,Plateau/Treichville,Plateau,5.317516,-4.016406,15.3,60,0.255,Bloque,1224,176,2026-05-12,15,mardi,2026-05-12T15:07:51Z,principal,NA,Plateau
AX_03,Pont Felix Houphouet-Boigny,Plateau/Treichville,Plateau,5.328028,-4.017425,19.8,60,0.33,Congestionne,2414,269,2026-05-12,15,mardi,2026-05-12T15:07:52Z,principal,NA,Plateau
AX_04,Boulevard VGE (Giscard d Estaing),Plateau/Port-Bouet,Plateau,5.284092,-3.960922,22.7,100,0.227,Bloque,9720,944,2026-05-12,15,mardi,2026-05-12T15:07:53Z,principal,NA,Plateau
AX_05,5eme Pont acces Saint-Jean,Cocody/Plateau,Plateau,5.335149,-3.996117,23.4,80,0.292,Bloque,7035,685,2026-05-12,15,mardi,2026-05-12T15:07:54Z,principal,NA,Cocody
AX_06,Marche Bellville (Bvd Marseille),Treichville,Plateau,5.30587,-3.998069,19.8,50,0.396,Congestionne,6069,653,2026-05-12,15,mardi,2026-05-12T15:07:56Z,principal,NA,Treichville
AX_07,Rond-point Treichville,Treichville,Plateau,5.307293,-4.011812,9.6,40,0.24,Bloque,2586,570,2026-05-12,15,mardi,2026-05-12T15:07:57Z,principal,NA,Treichville
AX_08,Gare Lagunaire Bvd Lagunaire,Plateau/Treichville,Plateau,5.312868,-4.010077,18.5,60,0.308,Congestionne,3992,475,2026-05-12,15,mardi,2026-05-12T15:07:58Z,principal,NA,Plateau
AX_09,Carrefour de l Indenie (Adjame),Adjame,Plateau,5.341379,-4.020257,23.3,50,0.466,Congestionne,4314,408,2026-05-12,15,mardi,2026-05-12T15:07:59Z,principal,NA,Adjamé
AX_10,Adjame Mosquee (Bvd Nangui Abrogoua),Adjame,Plateau,5.354097,-4.026506,27.6,55,0.502,Modere,5369,429,2026-05-12,15,mardi,2026-05-12T15:08:01Z,principal,NA,Adjamé
AX_11,Echangeur de la Ferraille (Adjame),Adjame,Plateau,5.308686,-3.964053,16.2,50,0.324,Congestionne,9501,1294,2026-05-12,15,mardi,2026-05-12T15:08:02Z,principal,NA,Adjamé
AX_12,Feux Autoroute Nord entree Adjame,Adjame,Plateau,5.299899,-3.998254,16.5,100,0.165,Bloque,4252,566,2026-05-12,15,mardi,2026-05-12T15:08:03Z,principal,NA,Adjamé
AX_13,Carrefour Universite (Cocody),Cocody,Cocody,5.334383,-3.938384,18.2,60,0.303,Congestionne,8812,1103,2026-05-12,15,mardi,2026-05-12T15:08:04Z,principal,NA,Cocody
AX_14,2 Plateaux Vallon (Bvd Mitterrand),Cocody,Cocody,5.362127,-3.98962,11.4,60,0.19,Bloque,1354,271,2026-05-12,15,mardi,2026-05-12T15:08:05Z,principal,NA,Cocody
AX_15,Abobo Gare Mairie (Route Abobo),Abobo,Plateau,5.420996,-4.01901,33.8,90,0.376,Congestionne,13296,917,2026-05-12,15,mardi,2026-05-12T15:08:07Z,principal,NA,Abobo
AX_16,Gare Yopougon Autoroute Yopougon,Yopougon,Plateau,5.369048,-3.999911,22.6,100,0.226,Bloque,8791,887,2026-05-12,15,mardi,2026-05-12T15:08:08Z,principal,NA,Yopougon
AX_17,Clinique Fraternite (Bvd Fraternite),Yopougon,Plateau,5.349303,-4.021832,23.9,50,0.478,Congestionne,4855,463,2026-05-12,15,mardi,2026-05-12T15:08:09Z,principal,NA,Yopougon
AX_18,Carrefour Jatak (Route de Dabou),Yopougon,Plateau,5.321877,-4.1035450000000004,26.3,90,0.292,Bloque,18601,1612,2026-05-12,15,mardi,2026-05-12T15:08:10Z,principal,NA,Yopougon
AX_19,Lycee Bingerville (Route Bingerville),Bingerville,Cocody,5.357895,-3.890668,24.2,70,0.346,Congestionne,13218,1343,2026-05-12,15,mardi,2026-05-12T15:08:12Z,principal,NA,Bingerville
AX_20,Rond-point Marcory (Bvd de la Paix),Marcory,Plateau,5.303988,-4.003239,18.1,50,0.362,Congestionne,4123,514,2026-05-12,15,mardi,2026-05-12T15:08:13Z,principal,NA,Marcory
AX_01,Pont HKB (Henri Konan Bedie),Cocody/Marcory,Plateau,5.329775,-3.981814,15.7,80,0.196,Bloque,10854,1140,2026-05-12,16,mardi,2026-05-12T16:09:36Z,principal,NA,Cocody
AX_02,Pont De Gaulle,Plateau/Treichville,Plateau,5.317516,-4.016406,11,60,0.183,Bloque,1224,176,2026-05-12,16,mardi,2026-05-12T16:09:37Z,principal,NA,Plateau
AX_03,Pont Felix Houphouet-Boigny,Plateau/Treichville,Plateau,5.328028,-4.017425,14.3,60,0.238,Bloque,2414,269,2026-05-12,16,mardi,2026-05-12T16:09:38Z,principal,NA,Plateau
AX_04,Boulevard VGE (Giscard d Estaing),Plateau/Port-Bouet,Plateau,5.284092,-3.960922,16.4,100,0.164,Bloque,9720,944,2026-05-12,16,mardi,2026-05-12T16:09:39Z,principal,NA,Plateau
AX_05,5eme Pont acces Saint-Jean,Cocody/Plateau,Plateau,5.335149,-3.996117,16.9,80,0.211,Bloque,7035,685,2026-05-12,16,mardi,2026-05-12T16:09:41Z,principal,NA,Cocody
AX_06,Marche Bellville (Bvd Marseille),Treichville,Plateau,5.30587,-3.998069,14.3,50,0.286,Bloque,6069,653,2026-05-12,16,mardi,2026-05-12T16:09:42Z,principal,NA,Treichville
AX_07,Rond-point Treichville,Treichville,Plateau,5.307293,-4.011812,7,40,0.175,Bloque,2586,570,2026-05-12,16,mardi,2026-05-12T16:09:43Z,principal,NA,Treichville
AX_08,Gare Lagunaire Bvd Lagunaire,Plateau/Treichville,Plateau,5.312868,-4.010077,13.4,60,0.223,Bloque,3992,475,2026-05-12,16,mardi,2026-05-12T16:09:44Z,principal,NA,Plateau
AX_09,Carrefour de l Indenie (Adjame),Adjame,Plateau,5.341379,-4.020257,16.8,50,0.336,Congestionne,4314,408,2026-05-12,16,mardi,2026-05-12T16:09:45Z,principal,NA,Adjamé
AX_10,Adjame Mosquee (Bvd Nangui Abrogoua),Adjame,Plateau,5.354097,-4.026506,19.9,55,0.362,Congestionne,5369,429,2026-05-12,16,mardi,2026-05-12T16:09:47Z,principal,NA,Adjamé
AX_11,Echangeur de la Ferraille (Adjame),Adjame,Plateau,5.308686,-3.964053,11.7,50,0.234,Bloque,9501,1294,2026-05-12,16,mardi,2026-05-12T16:09:48Z,principal,NA,Adjamé
AX_12,Feux Autoroute Nord entree Adjame,Adjame,Plateau,5.299899,-3.998254,11.9,100,0.119,Bloque,4252,566,2026-05-12,16,mardi,2026-05-12T16:09:50Z,principal,NA,Adjamé
AX_13,Carrefour Universite (Cocody),Cocody,Cocody,5.334383,-3.938384,13.2,60,0.22,Bloque,8812,1103,2026-05-12,16,mardi,2026-05-12T16:09:51Z,principal,NA,Cocody
AX_14,2 Plateaux Vallon (Bvd Mitterrand),Cocody,Cocody,5.362127,-3.98962,8.2,60,0.137,Bloque,1354,271,2026-05-12,16,mardi,2026-05-12T16:09:52Z,principal,NA,Cocody
AX_15,Abobo Gare Mairie (Route Abobo),Abobo,Plateau,5.420996,-4.01901,24.4,90,0.271,Bloque,13296,917,2026-05-12,16,mardi,2026-05-12T16:09:53Z,principal,NA,Abobo
AX_16,Gare Yopougon Autoroute Yopougon,Yopougon,Plateau,5.369048,-3.999911,16.3,100,0.163,Bloque,8791,887,2026-05-12,16,mardi,2026-05-12T16:09:54Z,principal,NA,Yopougon
AX_17,Clinique Fraternite (Bvd Fraternite),Yopougon,Plateau,5.349303,-4.021832,17.3,50,0.346,Congestionne,4855,463,2026-05-12,16,mardi,2026-05-12T16:09:56Z,principal,NA,Yopougon
AX_18,Carrefour Jatak (Route de Dabou),Yopougon,Plateau,5.321877,-4.1035450000000004,19,90,0.211,Bloque,18601,1612,2026-05-12,16,mardi,2026-05-12T16:09:57Z,principal,NA,Yopougon
AX_19,Lycee Bingerville (Route Bingerville),Bingerville,Cocody,5.357895,-3.890668,17.5,70,0.25,Bloque,13218,1343,2026-05-12,16,mardi,2026-05-12T16:09:58Z,principal,NA,Bingerville
AX_20,Rond-point Marcory (Bvd de la Paix),Marcory,Plateau,5.303988,-4.003239,13.1,50,0.262,Bloque,4123,514,2026-05-12,16,mardi,2026-05-12T16:09:59Z,principal,NA,Marcory
AX_01,Pont HKB (Henri Konan Bedie),Cocody/Marcory,Plateau,5.329775,-3.981814,11.5,80,0.144,Bloque,10854,1140,2026-05-12,17,mardi,2026-05-12T17:11:20Z,principal,NA,Cocody
AX_02,Pont De Gaulle,Plateau/Treichville,Plateau,5.317516,-4.016406,8.1,60,0.135,Bloque,1224,176,2026-05-12,17,mardi,2026-05-12T17:11:21Z,principal,NA,Plateau
AX_03,Pont Felix Houphouet-Boigny,Plateau/Treichville,Plateau,5.328028,-4.017425,10.4,60,0.173,Bloque,2414,269,2026-05-12,17,mardi,2026-05-12T17:11:22Z,principal,NA,Plateau
AX_04,Boulevard VGE (Giscard d Estaing),Plateau/Port-Bouet,Plateau,5.284092,-3.960922,12,100,0.12,Bloque,9720,944,2026-05-12,17,mardi,2026-05-12T17:11:23Z,principal,NA,Plateau
AX_05,5eme Pont acces Saint-Jean,Cocody/Plateau,Plateau,5.335149,-3.996117,12.4,80,0.155,Bloque,7035,685,2026-05-12,17,mardi,2026-05-12T17:11:24Z,principal,NA,Cocody
AX_06,Marche Bellville (Bvd Marseille),Treichville,Plateau,5.30587,-3.998069,10.4,50,0.208,Bloque,6069,653,2026-05-12,17,mardi,2026-05-12T17:11:26Z,principal,NA,Treichville
AX_07,Rond-point Treichville,Treichville,Plateau,5.307293,-4.011812,5.1,40,0.128,Bloque,2586,570,2026-05-12,17,mardi,2026-05-12T17:11:27Z,principal,NA,Treichville
AX_08,Gare Lagunaire Bvd Lagunaire,Plateau/Treichville,Plateau,5.312868,-4.010077,9.8,60,0.163,Bloque,3992,475,2026-05-12,17,mardi,2026-05-12T17:11:28Z,principal,NA,Plateau
AX_09,Carrefour de l Indenie (Adjame),Adjame,Plateau,5.341379,-4.020257,12.3,50,0.246,Bloque,4314,408,2026-05-12,17,mardi,2026-05-12T17:11:29Z,principal,NA,Adjamé
AX_10,Adjame Mosquee (Bvd Nangui Abrogoua),Adjame,Plateau,5.354097,-4.026506,14.6,55,0.265,Bloque,5369,429,2026-05-12,17,mardi,2026-05-12T17:11:31Z,principal,NA,Adjamé
AX_11,Echangeur de la Ferraille (Adjame),Adjame,Plateau,5.308686,-3.964053,8.5,50,0.17,Bloque,9501,1294,2026-05-12,17,mardi,2026-05-12T17:11:32Z,principal,NA,Adjamé
AX_12,Feux Autoroute Nord entree Adjame,Adjame,Plateau,5.299899,-3.998254,8.7,100,0.087,Bloque,4252,566,2026-05-12,17,mardi,2026-05-12T17:11:33Z,principal,NA,Adjamé
AX_13,Carrefour Universite (Cocody),Cocody,Cocody,5.334383,-3.938384,9.6,60,0.16,Bloque,8812,1103,2026-05-12,17,mardi,2026-05-12T17:11:34Z,principal,NA,Cocody
AX_14,2 Plateaux Vallon (Bvd Mitterrand),Cocody,Cocody,5.362127,-3.98962,6,60,0.1,Bloque,1354,271,2026-05-12,17,mardi,2026-05-12T17:11:35Z,principal,NA,Cocody
AX_15,Abobo Gare Mairie (Route Abobo),Abobo,Plateau,5.420996,-4.01901,17.9,90,0.199,Bloque,13296,917,2026-05-12,17,mardi,2026-05-12T17:11:37Z,principal,NA,Abobo
AX_16,Gare Yopougon Autoroute Yopougon,Yopougon,Plateau,5.369048,-3.999911,11.9,100,0.119,Bloque,8791,887,2026-05-12,17,mardi,2026-05-12T17:11:38Z,principal,NA,Yopougon
AX_17,Clinique Fraternite (Bvd Fraternite),Yopougon,Plateau,5.349303,-4.021832,12.6,50,0.252,Bloque,4855,463,2026-05-12,17,mardi,2026-05-12T17:11:39Z,principal,NA,Yopougon
AX_18,Carrefour Jatak (Route de Dabou),Yopougon,Plateau,5.321877,-4.1035450000000004,13.9,90,0.154,Bloque,18601,1612,2026-05-12,17,mardi,2026-05-12T17:11:40Z,principal,NA,Yopougon
AX_19,Lycee Bingerville (Route Bingerville),Bingerville,Cocody,5.357895,-3.890668,12.8,70,0.183,Bloque,13218,1343,2026-05-12,17,mardi,2026-05-12T17:11:41Z,principal,NA,Bingerville
AX_20,Rond-point Marcory (Bvd de la Paix),Marcory,Plateau,5.303988,-4.003239,9.6,50,0.192,Bloque,4123,514,2026-05-12,17,mardi,2026-05-12T17:11:43Z,principal,NA,Marcory
AX_01,Pont HKB (Henri Konan Bedie),Cocody/Marcory,Plateau,5.329775,-3.981814,14.5,80,0.181,Bloque,10854,1140,2026-05-12,18,mardi,2026-05-12T18:13:03Z,principal,NA,Cocody
AX_02,Pont De Gaulle,Plateau/Treichville,Plateau,5.317516,-4.016406,10.2,60,0.17,Bloque,1224,176,2026-05-12,18,mardi,2026-05-12T18:13:04Z,principal,NA,Plateau
AX_03,Pont Felix Houphouet-Boigny,Plateau/Treichville,Plateau,5.328028,-4.017425,13.2,60,0.22,Bloque,2414,269,2026-05-12,18,mardi,2026-05-12T18:13:05Z,principal,NA,Plateau
AX_04,Boulevard VGE (Giscard d Estaing),Plateau/Port-Bouet,Plateau,5.284092,-3.960922,15.1,100,0.151,Bloque,9720,944,2026-05-12,18,mardi,2026-05-12T18:13:07Z,principal,NA,Plateau
AX_05,5eme Pont acces Saint-Jean,Cocody/Plateau,Plateau,5.335149,-3.996117,15.6,80,0.195,Bloque,7035,685,2026-05-12,18,mardi,2026-05-12T18:13:08Z,principal,NA,Cocody
AX_06,Marche Bellville (Bvd Marseille),Treichville,Plateau,5.30587,-3.998069,13.2,50,0.264,Bloque,6069,653,2026-05-12,18,mardi,2026-05-12T18:13:09Z,principal,NA,Treichville
AX_07,Rond-point Treichville,Treichville,Plateau,5.307293,-4.011812,6.4,40,0.16,Bloque,2586,570,2026-05-12,18,mardi,2026-05-12T18:13:10Z,principal,NA,Treichville
AX_08,Gare Lagunaire Bvd Lagunaire,Plateau/Treichville,Plateau,5.312868,-4.010077,12.4,60,0.207,Bloque,3992,475,2026-05-12,18,mardi,2026-05-12T18:13:12Z,principal,NA,Plateau
AX_09,Carrefour de l Indenie (Adjame),Adjame,Plateau,5.341379,-4.020257,15.5,50,0.31,Congestionne,4314,408,2026-05-12,18,mardi,2026-05-12T18:13:13Z,principal,NA,Adjamé
AX_10,Adjame Mosquee (Bvd Nangui Abrogoua),Adjame,Plateau,5.354097,-4.026506,18.4,55,0.335,Congestionne,5369,429,2026-05-12,18,mardi,2026-05-12T18:13:14Z,principal,NA,Adjamé
AX_11,Echangeur de la Ferraille (Adjame),Adjame,Plateau,5.308686,-3.964053,10.8,50,0.216,Bloque,9501,1294,2026-05-12,18,mardi,2026-05-12T18:13:15Z,principal,NA,Adjamé
AX_12,Feux Autoroute Nord entree Adjame,Adjame,Plateau,5.299899,-3.998254,11,100,0.11,Bloque,4252,566,2026-05-12,18,mardi,2026-05-12T18:13:16Z,principal,NA,Adjamé
AX_13,Carrefour Universite (Cocody),Cocody,Cocody,5.334383,-3.938384,12.2,60,0.203,Bloque,8812,1103,2026-05-12,18,mardi,2026-05-12T18:13:18Z,principal,NA,Cocody
AX_14,2 Plateaux Vallon (Bvd Mitterrand),Cocody,Cocody,5.362127,-3.98962,7.6,60,0.127,Bloque,1354,271,2026-05-12,18,mardi,2026-05-12T18:13:19Z,principal,NA,Cocody
AX_15,Abobo Gare Mairie (Route Abobo),Abobo,Plateau,5.420996,-4.01901,22.6,90,0.251,Bloque,13296,917,2026-05-12,18,mardi,2026-05-12T18:13:20Z,principal,NA,Abobo
AX_16,Gare Yopougon Autoroute Yopougon,Yopougon,Plateau,5.369048,-3.999911,15.1,100,0.151,Bloque,8791,887,2026-05-12,18,mardi,2026-05-12T18:13:21Z,principal,NA,Yopougon
AX_17,Clinique Fraternite (Bvd Fraternite),Yopougon,Plateau,5.349303,-4.021832,15.9,50,0.318,Congestionne,4855,463,2026-05-12,18,mardi,2026-05-12T18:13:22Z,principal,NA,Yopougon
AX_18,Carrefour Jatak (Route de Dabou),Yopougon,Plateau,5.321877,-4.1035450000000004,17.5,90,0.194,Bloque,18601,1612,2026-05-12,18,mardi,2026-05-12T18:13:24Z,principal,NA,Yopougon
AX_19,Lycee Bingerville (Route Bingerville),Bingerville,Cocody,5.357895,-3.890668,16.1,70,0.23,Bloque,13218,1343,2026-05-12,18,mardi,2026-05-12T18:13:25Z,principal,NA,Bingerville
AX_20,Rond-point Marcory (Bvd de la Paix),Marcory,Plateau,5.303988,-4.003239,12.1,50,0.242,Bloque,4123,514,2026-05-12,18,mardi,2026-05-12T18:13:26Z,principal,NA,Marcory
AX_01,Pont HKB (Henri Konan Bedie),Cocody/Marcory,Plateau,5.329775,-3.981814,18.7,80,0.234,Bloque,10854,1140,2026-05-12,19,mardi,2026-05-12T19:14:59Z,principal,NA,Cocody
AX_02,Pont De Gaulle,Plateau/Treichville,Plateau,5.317516,-4.016406,13.2,60,0.22,Bloque,1224,176,2026-05-12,19,mardi,2026-05-12T19:15:00Z,principal,NA,Plateau
AX_03,Pont Felix Houphouet-Boigny,Plateau/Treichville,Plateau,5.328028,-4.017425,17,60,0.283,Bloque,2414,269,2026-05-12,19,mardi,2026-05-12T19:15:01Z,principal,NA,Plateau
AX_04,Boulevard VGE (Giscard d Estaing),Plateau/Port-Bouet,Plateau,5.284092,-3.960922,19.6,100,0.196,Bloque,9720,944,2026-05-12,19,mardi,2026-05-12T19:15:02Z,principal,NA,Plateau
AX_05,5eme Pont acces Saint-Jean,Cocody/Plateau,Plateau,5.335149,-3.996117,20.2,80,0.252,Bloque,7035,685,2026-05-12,19,mardi,2026-05-12T19:15:03Z,principal,NA,Cocody
AX_06,Marche Bellville (Bvd Marseille),Treichville,Plateau,5.30587,-3.998069,17,50,0.34,Congestionne,6069,653,2026-05-12,19,mardi,2026-05-12T19:15:05Z,principal,NA,Treichville
AX_07,Rond-point Treichville,Treichville,Plateau,5.307293,-4.011812,8.3,40,0.208,Bloque,2586,570,2026-05-12,19,mardi,2026-05-12T19:15:06Z,principal,NA,Treichville
AX_08,Gare Lagunaire Bvd Lagunaire,Plateau/Treichville,Plateau,5.312868,-4.010077,16,60,0.267,Bloque,3992,475,2026-05-12,19,mardi,2026-05-12T19:15:07Z,principal,NA,Plateau
AX_09,Carrefour de l Indenie (Adjame),Adjame,Plateau,5.341379,-4.020257,20.1,50,0.402,Congestionne,4314,408,2026-05-12,19,mardi,2026-05-12T19:15:08Z,principal,NA,Adjamé
AX_10,Adjame Mosquee (Bvd Nangui Abrogoua),Adjame,Plateau,5.354097,-4.026506,23.8,55,0.433,Congestionne,5369,429,2026-05-12,19,mardi,2026-05-12T19:15:10Z,principal,NA,Adjamé
AX_11,Echangeur de la Ferraille (Adjame),Adjame,Plateau,5.308686,-3.964053,13.9,50,0.278,Bloque,9501,1294,2026-05-12,19,mardi,2026-05-12T19:15:11Z,principal,NA,Adjamé
AX_12,Feux Autoroute Nord entree Adjame,Adjame,Plateau,5.299899,-3.998254,14.2,100,0.142,Bloque,4252,566,2026-05-12,19,mardi,2026-05-12T19:15:12Z,principal,NA,Adjamé
AX_13,Carrefour Universite (Cocody),Cocody,Cocody,5.334383,-3.938384,15.7,60,0.262,Bloque,8812,1103,2026-05-12,19,mardi,2026-05-12T19:15:13Z,principal,NA,Cocody
AX_14,2 Plateaux Vallon (Bvd Mitterrand),Cocody,Cocody,5.362127,-3.98962,9.8,60,0.163,Bloque,1354,271,2026-05-12,19,mardi,2026-05-12T19:15:14Z,principal,NA,Cocody
AX_15,Abobo Gare Mairie (Route Abobo),Abobo,Plateau,5.420996,-4.01901,29.1,90,0.323,Congestionne,13296,917,2026-05-12,19,mardi,2026-05-12T19:15:16Z,principal,NA,Abobo
AX_16,Gare Yopougon Autoroute Yopougon,Yopougon,Plateau,5.369048,-3.999911,19.5,100,0.195,Bloque,8791,887,2026-05-12,19,mardi,2026-05-12T19:15:17Z,principal,NA,Yopougon
AX_17,Clinique Fraternite (Bvd Fraternite),Yopougon,Plateau,5.349303,-4.021832,20.6,50,0.412,Congestionne,4855,463,2026-05-12,19,mardi,2026-05-12T19:15:18Z,principal,NA,Yopougon
AX_18,Carrefour Jatak (Route de Dabou),Yopougon,Plateau,5.321877,-4.1035450000000004,22.6,90,0.251,Bloque,18601,1612,2026-05-12,19,mardi,2026-05-12T19:15:19Z,principal,NA,Yopougon
AX_19,Lycee Bingerville (Route Bingerville),Bingerville,Cocody,5.357895,-3.890668,20.9,70,0.299,Bloque,13218,1343,2026-05-12,19,mardi,2026-05-12T19:15:21Z,principal,NA,Bingerville
AX_20,Rond-point Marcory (Bvd de la Paix),Marcory,Plateau,5.303988,-4.003239,15.6,50,0.312,Congestionne,4123,514,2026-05-12,19,mardi,2026-05-12T19:15:22Z,principal,NA,Marcory
AX_01,Pont HKB (Henri Konan Bedie),Cocody/Marcory,Plateau,5.329775,-3.981814,23.5,80,0.294,Bloque,10854,1140,2026-05-12,20,mardi,2026-05-12T20:16:42Z,principal,NA,Cocody
AX_02,Pont De Gaulle,Plateau/Treichville,Plateau,5.317516,-4.016406,16.6,60,0.277,Bloque,1224,176,2026-05-12,20,mardi,2026-05-12T20:16:43Z,principal,NA,Plateau
AX_03,Pont Felix Houphouet-Boigny,Plateau/Treichville,Plateau,5.328028,-4.017425,21.4,60,0.357,Congestionne,2414,269,2026-05-12,20,mardi,2026-05-12T20:16:44Z,principal,NA,Plateau
AX_04,Boulevard VGE (Giscard d Estaing),Plateau/Port-Bouet,Plateau,5.284092,-3.960922,24.6,100,0.246,Bloque,9720,944,2026-05-12,20,mardi,2026-05-12T20:16:46Z,principal,NA,Plateau
AX_05,5eme Pont acces Saint-Jean,Cocody/Plateau,Plateau,5.335149,-3.996117,25.4,80,0.318,Congestionne,7035,685,2026-05-12,20,mardi,2026-05-12T20:16:47Z,principal,NA,Cocody
AX_06,Marche Bellville (Bvd Marseille),Treichville,Plateau,5.30587,-3.998069,21.4,50,0.428,Congestionne,6069,653,2026-05-12,20,mardi,2026-05-12T20:16:48Z,principal,NA,Treichville
AX_07,Rond-point Treichville,Treichville,Plateau,5.307293,-4.011812,10.4,40,0.26,Bloque,2586,570,2026-05-12,20,mardi,2026-05-12T20:16:49Z,principal,NA,Treichville
AX_08,Gare Lagunaire Bvd Lagunaire,Plateau/Treichville,Plateau,5.312868,-4.010077,20.1,60,0.335,Congestionne,3992,475,2026-05-12,20,mardi,2026-05-12T20:16:50Z,principal,NA,Plateau
AX_09,Carrefour de l Indenie (Adjame),Adjame,Plateau,5.341379,-4.020257,25.3,50,0.506,Modere,4314,408,2026-05-12,20,mardi,2026-05-12T20:16:52Z,principal,NA,Adjamé
AX_10,Adjame Mosquee (Bvd Nangui Abrogoua),Adjame,Plateau,5.354097,-4.026506,29.9,55,0.544,Modere,5369,429,2026-05-12,20,mardi,2026-05-12T20:16:53Z,principal,NA,Adjamé
AX_11,Echangeur de la Ferraille (Adjame),Adjame,Plateau,5.308686,-3.964053,17.5,50,0.35,Congestionne,9501,1294,2026-05-12,20,mardi,2026-05-12T20:16:54Z,principal,NA,Adjamé
AX_12,Feux Autoroute Nord entree Adjame,Adjame,Plateau,5.299899,-3.998254,17.9,100,0.179,Bloque,4252,566,2026-05-12,20,mardi,2026-05-12T20:16:55Z,principal,NA,Adjamé
AX_13,Carrefour Universite (Cocody),Cocody,Cocody,5.334383,-3.938384,19.8,60,0.33,Congestionne,8812,1103,2026-05-12,20,mardi,2026-05-12T20:16:56Z,principal,NA,Cocody
AX_14,2 Plateaux Vallon (Bvd Mitterrand),Cocody,Cocody,5.362127,-3.98962,12.4,60,0.207,Bloque,1354,271,2026-05-12,20,mardi,2026-05-12T20:16:58Z,principal,NA,Cocody
AX_15,Abobo Gare Mairie (Route Abobo),Abobo,Plateau,5.420996,-4.01901,36.6,90,0.407,Congestionne,13296,917,2026-05-12,20,mardi,2026-05-12T20:16:59Z,principal,NA,Abobo
AX_16,Gare Yopougon Autoroute Yopougon,Yopougon,Plateau,5.369048,-3.999911,24.5,100,0.245,Bloque,8791,887,2026-05-12,20,mardi,2026-05-12T20:17:00Z,principal,NA,Yopougon
AX_17,Clinique Fraternite (Bvd Fraternite),Yopougon,Plateau,5.349303,-4.021832,25.9,50,0.518,Modere,4855,463,2026-05-12,20,mardi,2026-05-12T20:17:01Z,principal,NA,Yopougon
AX_18,Carrefour Jatak (Route de Dabou),Yopougon,Plateau,5.321877,-4.1035450000000004,28.5,90,0.317,Congestionne,18601,1612,2026-05-12,20,mardi,2026-05-12T20:17:03Z,principal,NA,Yopougon
AX_19,Lycee Bingerville (Route Bingerville),Bingerville,Cocody,5.357895,-3.890668,26.2,70,0.374,Congestionne,13218,1343,2026-05-12,20,mardi,2026-05-12T20:17:04Z,principal,NA,Bingerville
AX_20,Rond-point Marcory (Bvd de la Paix),Marcory,Plateau,5.303988,-4.003239,19.6,50,0.392,Congestionne,4123,514,2026-05-12,20,mardi,2026-05-12T20:17:05Z,principal,NA,Marcory
AX_01,Pont HKB (Henri Konan Bedie),Cocody/Marcory,Plateau,5.329775,-3.981814,26.6,80,0.332,Congestionne,10854,1140,2026-05-12,21,mardi,2026-05-12T21:18:48Z,principal,NA,Cocody
AX_02,Pont De Gaulle,Plateau/Treichville,Plateau,5.317516,-4.016406,18.7,60,0.312,Congestionne,1224,176,2026-05-12,21,mardi,2026-05-12T21:18:49Z,principal,NA,Plateau
AX_03,Pont Felix Houphouet-Boigny,Plateau/Treichville,Plateau,5.328028,-4.017425,24.2,60,0.403,Congestionne,2414,269,2026-05-12,21,mardi,2026-05-12T21:18:51Z,principal,NA,Plateau
AX_04,Boulevard VGE (Giscard d Estaing),Plateau/Port-Bouet,Plateau,5.284092,-3.960922,27.8,100,0.278,Bloque,9720,944,2026-05-12,21,mardi,2026-05-12T21:18:52Z,principal,NA,Plateau
AX_05,5eme Pont acces Saint-Jean,Cocody/Plateau,Plateau,5.335149,-3.996117,28.7,80,0.359,Congestionne,7035,685,2026-05-12,21,mardi,2026-05-12T21:18:53Z,principal,NA,Cocody
AX_06,Marche Bellville (Bvd Marseille),Treichville,Plateau,5.30587,-3.998069,24.2,50,0.484,Congestionne,6069,653,2026-05-12,21,mardi,2026-05-12T21:18:54Z,principal,NA,Treichville
AX_07,Rond-point Treichville,Treichville,Plateau,5.307293,-4.011812,11.8,40,0.295,Bloque,2586,570,2026-05-12,21,mardi,2026-05-12T21:18:55Z,principal,NA,Treichville
AX_08,Gare Lagunaire Bvd Lagunaire,Plateau/Treichville,Plateau,5.312868,-4.010077,22.7,60,0.378,Congestionne,3992,475,2026-05-12,21,mardi,2026-05-12T21:18:57Z,principal,NA,Plateau
AX_09,Carrefour de l Indenie (Adjame),Adjame,Plateau,5.341379,-4.020257,28.5,50,0.57,Modere,4314,408,2026-05-12,21,mardi,2026-05-12T21:18:58Z,principal,NA,Adjamé
AX_10,Adjame Mosquee (Bvd Nangui Abrogoua),Adjame,Plateau,5.354097,-4.026506,33.7,55,0.613,Modere,5369,429,2026-05-12,21,mardi,2026-05-12T21:18:59Z,principal,NA,Adjamé
AX_11,Echangeur de la Ferraille (Adjame),Adjame,Plateau,5.308686,-3.964053,19.7,50,0.394,Congestionne,9501,1294,2026-05-12,21,mardi,2026-05-12T21:19:00Z,principal,NA,Adjamé
AX_12,Feux Autoroute Nord entree Adjame,Adjame,Plateau,5.299899,-3.998254,20.2,100,0.202,Bloque,4252,566,2026-05-12,21,mardi,2026-05-12T21:19:02Z,principal,NA,Adjamé
AX_13,Carrefour Universite (Cocody),Cocody,Cocody,5.334383,-3.938384,22.3,60,0.372,Congestionne,8812,1103,2026-05-12,21,mardi,2026-05-12T21:19:03Z,principal,NA,Cocody
AX_14,2 Plateaux Vallon (Bvd Mitterrand),Cocody,Cocody,5.362127,-3.98962,13.9,60,0.232,Bloque,1354,271,2026-05-12,21,mardi,2026-05-12T21:19:04Z,principal,NA,Cocody
AX_15,Abobo Gare Mairie (Route Abobo),Abobo,Plateau,5.420996,-4.01901,41.3,90,0.459,Congestionne,13296,917,2026-05-12,21,mardi,2026-05-12T21:19:05Z,principal,NA,Abobo
AX_16,Gare Yopougon Autoroute Yopougon,Yopougon,Plateau,5.369048,-3.999911,27.6,100,0.276,Bloque,8791,887,2026-05-12,21,mardi,2026-05-12T21:19:06Z,principal,NA,Yopougon
AX_17,Clinique Fraternite (Bvd Fraternite),Yopougon,Plateau,5.349303,-4.021832,29.2,50,0.584,Modere,4855,463,2026-05-12,21,mardi,2026-05-12T21:19:08Z,principal,NA,Yopougon
AX_18,Carrefour Jatak (Route de Dabou),Yopougon,Plateau,5.321877,-4.1035450000000004,32.1,90,0.357,Congestionne,18601,1612,2026-05-12,21,mardi,2026-05-12T21:19:09Z,principal,NA,Yopougon
AX_19,Lycee Bingerville (Route Bingerville),Bingerville,Cocody,5.357895,-3.890668,29.6,70,0.423,Congestionne,13218,1343,2026-05-12,21,mardi,2026-05-12T21:19:10Z,principal,NA,Bingerville
AX_20,Rond-point Marcory (Bvd de la Paix),Marcory,Plateau,5.303988,-4.003239,22.1,50,0.442,Congestionne,4123,514,2026-05-12,21,mardi,2026-05-12T21:19:11Z,principal,NA,Marcory
AX_01,Pont HKB (Henri Konan Bedie),Cocody/Marcory,Plateau,5.329775,-3.981814,28.4,80,0.355,Congestionne,10854,1140,2026-05-12,22,mardi,2026-05-12T22:20:36Z,principal,NA,Cocody
AX_02,Pont De Gaulle,Plateau/Treichville,Plateau,5.317516,-4.016406,20,60,0.333,Congestionne,1224,176,2026-05-12,22,mardi,2026-05-12T22:20:37Z,principal,NA,Plateau
AX_03,Pont Felix Houphouet-Boigny,Plateau/Treichville,Plateau,5.328028,-4.017425,25.8,60,0.43,Congestionne,2414,269,2026-05-12,22,mardi,2026-05-12T22:20:38Z,principal,NA,Plateau
AX_04,Boulevard VGE (Giscard d Estaing),Plateau/Port-Bouet,Plateau,5.284092,-3.960922,29.6,100,0.296,Bloque,9720,944,2026-05-12,22,mardi,2026-05-12T22:20:39Z,principal,NA,Plateau
AX_05,5eme Pont acces Saint-Jean,Cocody/Plateau,Plateau,5.335149,-3.996117,30.6,80,0.382,Congestionne,7035,685,2026-05-12,22,mardi,2026-05-12T22:20:41Z,principal,NA,Cocody
AX_06,Marche Bellville (Bvd Marseille),Treichville,Plateau,5.30587,-3.998069,25.8,50,0.516,Modere,6069,653,2026-05-12,22,mardi,2026-05-12T22:20:42Z,principal,NA,Treichville
AX_07,Rond-point Treichville,Treichville,Plateau,5.307293,-4.011812,12.6,40,0.315,Congestionne,2586,570,2026-05-12,22,mardi,2026-05-12T22:20:43Z,principal,NA,Treichville
AX_08,Gare Lagunaire Bvd Lagunaire,Plateau/Treichville,Plateau,5.312868,-4.010077,24.2,60,0.403,Congestionne,3992,475,2026-05-12,22,mardi,2026-05-12T22:20:44Z,principal,NA,Plateau
AX_09,Carrefour de l Indenie (Adjame),Adjame,Plateau,5.341379,-4.020257,30.4,50,0.608,Modere,4314,408,2026-05-12,22,mardi,2026-05-12T22:20:45Z,principal,NA,Adjamé
AX_10,Adjame Mosquee (Bvd Nangui Abrogoua),Adjame,Plateau,5.354097,-4.026506,36,55,0.655,Modere,5369,429,2026-05-12,22,mardi,2026-05-12T22:20:47Z,principal,NA,Adjamé
AX_11,Echangeur de la Ferraille (Adjame),Adjame,Plateau,5.308686,-3.964053,21.1,50,0.422,Congestionne,9501,1294,2026-05-12,22,mardi,2026-05-12T22:20:48Z,principal,NA,Adjamé
AX_12,Feux Autoroute Nord entree Adjame,Adjame,Plateau,5.299899,-3.998254,21.6,100,0.216,Bloque,4252,566,2026-05-12,22,mardi,2026-05-12T22:20:49Z,principal,NA,Adjamé
AX_13,Carrefour Universite (Cocody),Cocody,Cocody,5.334383,-3.938384,23.8,60,0.397,Congestionne,8812,1103,2026-05-12,22,mardi,2026-05-12T22:20:50Z,principal,NA,Cocody
AX_14,2 Plateaux Vallon (Bvd Mitterrand),Cocody,Cocody,5.362127,-3.98962,14.9,60,0.248,Bloque,1354,271,2026-05-12,22,mardi,2026-05-12T22:20:52Z,principal,NA,Cocody
AX_15,Abobo Gare Mairie (Route Abobo),Abobo,Plateau,5.420996,-4.01901,44.2,90,0.491,Congestionne,13296,917,2026-05-12,22,mardi,2026-05-12T22:20:53Z,principal,NA,Abobo
AX_16,Gare Yopougon Autoroute Yopougon,Yopougon,Plateau,5.369048,-3.999911,29.5,100,0.295,Bloque,8791,887,2026-05-12,22,mardi,2026-05-12T22:20:54Z,principal,NA,Yopougon
AX_17,Clinique Fraternite (Bvd Fraternite),Yopougon,Plateau,5.349303,-4.021832,31.2,50,0.624,Modere,4855,463,2026-05-12,22,mardi,2026-05-12T22:20:55Z,principal,NA,Yopougon
AX_18,Carrefour Jatak (Route de Dabou),Yopougon,Plateau,5.321877,-4.1035450000000004,34.3,90,0.381,Congestionne,18601,1612,2026-05-12,22,mardi,2026-05-12T22:20:56Z,principal,NA,Yopougon
AX_19,Lycee Bingerville (Route Bingerville),Bingerville,Cocody,5.357895,-3.890668,31.6,70,0.451,Congestionne,13218,1343,2026-05-12,22,mardi,2026-05-12T22:20:58Z,principal,NA,Bingerville
AX_20,Rond-point Marcory (Bvd de la Paix),Marcory,Plateau,5.303988,-4.003239,23.6,50,0.472,Congestionne,4123,514,2026-05-12,22,mardi,2026-05-12T22:20:59Z,principal,NA,Marcory
AX_01,Pont HKB (Henri Konan Bedie),Cocody/Marcory,Plateau,5.329775,-3.981814,29.6,80,0.37,Congestionne,10854,1140,2026-05-12,23,mardi,2026-05-12T23:22:19Z,principal,NA,Cocody
AX_02,Pont De Gaulle,Plateau/Treichville,Plateau,5.317516,-4.016406,20.8,60,0.347,Congestionne,1224,176,2026-05-12,23,mardi,2026-05-12T23:22:20Z,principal,NA,Plateau
AX_03,Pont Felix Houphouet-Boigny,Plateau/Treichville,Plateau,5.328028,-4.017425,26.9,60,0.448,Congestionne,2414,269,2026-05-12,23,mardi,2026-05-12T23:22:21Z,principal,NA,Plateau
AX_04,Boulevard VGE (Giscard d Estaing),Plateau/Port-Bouet,Plateau,5.284092,-3.960922,30.9,100,0.309,Congestionne,9720,944,2026-05-12,23,mardi,2026-05-12T23:22:22Z,principal,NA,Plateau
AX_05,5eme Pont acces Saint-Jean,Cocody/Plateau,Plateau,5.335149,-3.996117,31.9,80,0.399,Congestionne,7035,685,2026-05-12,23,mardi,2026-05-12T23:22:24Z,principal,NA,Cocody
AX_06,Marche Bellville (Bvd Marseille),Treichville,Plateau,5.30587,-3.998069,26.9,50,0.538,Modere,6069,653,2026-05-12,23,mardi,2026-05-12T23:22:25Z,principal,NA,Treichville
AX_07,Rond-point Treichville,Treichville,Plateau,5.307293,-4.011812,13.1,40,0.328,Congestionne,2586,570,2026-05-12,23,mardi,2026-05-12T23:22:26Z,principal,NA,Treichville
AX_08,Gare Lagunaire Bvd Lagunaire,Plateau/Treichville,Plateau,5.312868,-4.010077,25.2,60,0.42,Congestionne,3992,475,2026-05-12,23,mardi,2026-05-12T23:22:27Z,principal,NA,Plateau
AX_09,Carrefour de l Indenie (Adjame),Adjame,Plateau,5.341379,-4.020257,31.7,50,0.634,Modere,4314,408,2026-05-12,23,mardi,2026-05-12T23:22:29Z,principal,NA,Adjamé
AX_10,Adjame Mosquee (Bvd Nangui Abrogoua),Adjame,Plateau,5.354097,-4.026506,37.6,55,0.684,Modere,5369,429,2026-05-12,23,mardi,2026-05-12T23:22:30Z,principal,NA,Adjamé
AX_11,Echangeur de la Ferraille (Adjame),Adjame,Plateau,5.308686,-3.964053,22,50,0.44,Congestionne,9501,1294,2026-05-12,23,mardi,2026-05-12T23:22:31Z,principal,NA,Adjamé
AX_12,Feux Autoroute Nord entree Adjame,Adjame,Plateau,5.299899,-3.998254,22.5,100,0.225,Bloque,4252,566,2026-05-12,23,mardi,2026-05-12T23:22:32Z,principal,NA,Adjamé
AX_13,Carrefour Universite (Cocody),Cocody,Cocody,5.334383,-3.938384,24.8,60,0.413,Congestionne,8812,1103,2026-05-12,23,mardi,2026-05-12T23:22:33Z,principal,NA,Cocody
AX_14,2 Plateaux Vallon (Bvd Mitterrand),Cocody,Cocody,5.362127,-3.98962,15.5,60,0.258,Bloque,1354,271,2026-05-12,23,mardi,2026-05-12T23:22:35Z,principal,NA,Cocody
AX_15,Abobo Gare Mairie (Route Abobo),Abobo,Plateau,5.420996,-4.01901,46,90,0.511,Modere,13296,917,2026-05-12,23,mardi,2026-05-12T23:22:36Z,principal,NA,Abobo
AX_16,Gare Yopougon Autoroute Yopougon,Yopougon,Plateau,5.369048,-3.999911,30.8,100,0.308,Congestionne,8791,887,2026-05-12,23,mardi,2026-05-12T23:22:37Z,principal,NA,Yopougon
AX_17,Clinique Fraternite (Bvd Fraternite),Yopougon,Plateau,5.349303,-4.021832,32.5,50,0.65,Modere,4855,463,2026-05-12,23,mardi,2026-05-12T23:22:38Z,principal,NA,Yopougon
AX_18,Carrefour Jatak (Route de Dabou),Yopougon,Plateau,5.321877,-4.1035450000000004,35.8,90,0.398,Congestionne,18601,1612,2026-05-12,23,mardi,2026-05-12T23:22:39Z,principal,NA,Yopougon
AX_19,Lycee Bingerville (Route Bingerville),Bingerville,Cocody,5.357895,-3.890668,33,70,0.471,Congestionne,13218,1343,2026-05-12,23,mardi,2026-05-12T23:22:41Z,principal,NA,Bingerville
AX_20,Rond-point Marcory (Bvd de la Paix),Marcory,Plateau,5.303988,-4.003239,24.6,50,0.492,Congestionne,4123,514,2026-05-12,23,mardi,2026-05-12T23:22:42Z,principal,NA,Marcory
AX_01,Pont HKB (Henri Konan Bedie),Cocody/Marcory,Plateau,5.329775,-3.981814,30.2,80,0.378,Congestionne,10854,1140,2026-05-13,0,mercredi,2026-05-13T00:24:04Z,principal,NA,Cocody
AX_02,Pont De Gaulle,Plateau/Treichville,Plateau,5.317516,-4.016406,21.2,60,0.353,Congestionne,1224,176,2026-05-13,0,mercredi,2026-05-13T00:24:05Z,principal,NA,Plateau
AX_03,Pont Felix Houphouet-Boigny,Plateau/Treichville,Plateau,5.328028,-4.017425,27.5,60,0.458,Congestionne,2414,269,2026-05-13,0,mercredi,2026-05-13T00:24:07Z,principal,NA,Plateau
AX_04,Boulevard VGE (Giscard d Estaing),Plateau/Port-Bouet,Plateau,5.284092,-3.960922,31.5,100,0.315,Congestionne,9720,944,2026-05-13,0,mercredi,2026-05-13T00:24:08Z,principal,NA,Plateau
AX_05,5eme Pont acces Saint-Jean,Cocody/Plateau,Plateau,5.335149,-3.996117,32.6,80,0.408,Congestionne,7035,685,2026-05-13,0,mercredi,2026-05-13T00:24:09Z,principal,NA,Cocody
AX_06,Marche Bellville (Bvd Marseille),Treichville,Plateau,5.30587,-3.998069,27.5,50,0.55,Modere,6069,653,2026-05-13,0,mercredi,2026-05-13T00:24:10Z,principal,NA,Treichville
AX_07,Rond-point Treichville,Treichville,Plateau,5.307293,-4.011812,13.4,40,0.335,Congestionne,2586,570,2026-05-13,0,mercredi,2026-05-13T00:24:11Z,principal,NA,Treichville
AX_08,Gare Lagunaire Bvd Lagunaire,Plateau/Treichville,Plateau,5.312868,-4.010077,25.8,60,0.43,Congestionne,3992,475,2026-05-13,0,mercredi,2026-05-13T00:24:13Z,principal,NA,Plateau
AX_09,Carrefour de l Indenie (Adjame),Adjame,Plateau,5.341379,-4.020257,32.4,50,0.648,Modere,4314,408,2026-05-13,0,mercredi,2026-05-13T00:24:14Z,principal,NA,Adjamé
AX_10,Adjame Mosquee (Bvd Nangui Abrogoua),Adjame,Plateau,5.354097,-4.026506,38.3,55,0.696,Modere,5369,429,2026-05-13,0,mercredi,2026-05-13T00:24:15Z,principal,NA,Adjamé
AX_11,Echangeur de la Ferraille (Adjame),Adjame,Plateau,5.308686,-3.964053,22.4,50,0.448,Congestionne,9501,1294,2026-05-13,0,mercredi,2026-05-13T00:24:16Z,principal,NA,Adjamé
AX_12,Feux Autoroute Nord entree Adjame,Adjame,Plateau,5.299899,-3.998254,23,100,0.23,Bloque,4252,566,2026-05-13,0,mercredi,2026-05-13T00:24:18Z,principal,NA,Adjamé
AX_13,Carrefour Universite (Cocody),Cocody,Cocody,5.334383,-3.938384,25.3,60,0.422,Congestionne,8812,1103,2026-05-13,0,mercredi,2026-05-13T00:24:19Z,principal,NA,Cocody
AX_14,2 Plateaux Vallon (Bvd Mitterrand),Cocody,Cocody,5.362127,-3.98962,15.8,60,0.263,Bloque,1354,271,2026-05-13,0,mercredi,2026-05-13T00:24:20Z,principal,NA,Cocody
AX_15,Abobo Gare Mairie (Route Abobo),Abobo,Plateau,5.420996,-4.01901,47,90,0.522,Modere,13296,917,2026-05-13,0,mercredi,2026-05-13T00:24:21Z,principal,NA,Abobo
AX_16,Gare Yopougon Autoroute Yopougon,Yopougon,Plateau,5.369048,-3.999911,31.4,100,0.314,Congestionne,8791,887,2026-05-13,0,mercredi,2026-05-13T00:24:22Z,principal,NA,Yopougon
AX_17,Clinique Fraternite (Bvd Fraternite),Yopougon,Plateau,5.349303,-4.021832,33.2,50,0.664,Modere,4855,463,2026-05-13,0,mercredi,2026-05-13T00:24:24Z,principal,NA,Yopougon
AX_18,Carrefour Jatak (Route de Dabou),Yopougon,Plateau,5.321877,-4.1035450000000004,36.5,90,0.406,Congestionne,18601,1612,2026-05-13,0,mercredi,2026-05-13T00:24:25Z,principal,NA,Yopougon
AX_19,Lycee Bingerville (Route Bingerville),Bingerville,Cocody,5.357895,-3.890668,33.6,70,0.48,Congestionne,13218,1343,2026-05-13,0,mercredi,2026-05-13T00:24:26Z,principal,NA,Bingerville
AX_20,Rond-point Marcory (Bvd de la Paix),Marcory,Plateau,5.303988,-4.003239,25.1,50,0.502,Modere,4123,514,2026-05-13,0,mercredi,2026-05-13T00:24:27Z,principal,NA,Marcory
AX_01,Pont HKB (Henri Konan Bedie),Cocody/Marcory,Plateau,5.329775,-3.981814,14.5,80,0.181,Bloque,10854,1140,2026-05-17,18,dimanche,2026-05-17T18:24:02Z,principal,NA,Cocody
AX_02,Pont De Gaulle,Plateau/Treichville,Plateau,5.317516,-4.016406,10.2,60,0.17,Bloque,1224,176,2026-05-17,18,dimanche,2026-05-17T18:24:03Z,principal,NA,Plateau
AX_03,Pont Felix Houphouet-Boigny,Plateau/Treichville,Plateau,5.328028,-4.017425,13.2,60,0.22,Bloque,2414,269,2026-05-17,18,dimanche,2026-05-17T18:24:04Z,principal,NA,Plateau
AX_04,Boulevard VGE (Giscard d Estaing),Plateau/Port-Bouet,Plateau,5.284092,-3.960922,15.1,100,0.151,Bloque,9720,944,2026-05-17,18,dimanche,2026-05-17T18:24:06Z,principal,NA,Plateau
AX_05,5eme Pont acces Saint-Jean,Cocody/Plateau,Plateau,5.335149,-3.996117,15.6,80,0.195,Bloque,7035,685,2026-05-17,18,dimanche,2026-05-17T18:24:07Z,principal,NA,Cocody
AX_06,Marche Bellville (Bvd Marseille),Treichville,Plateau,5.30587,-3.998069,13.2,50,0.264,Bloque,6069,653,2026-05-17,18,dimanche,2026-05-17T18:24:08Z,principal,NA,Treichville
AX_07,Rond-point Treichville,Treichville,Plateau,5.307293,-4.011812,6.4,40,0.16,Bloque,2586,570,2026-05-17,18,dimanche,2026-05-17T18:24:09Z,principal,NA,Treichville
AX_08,Gare Lagunaire Bvd Lagunaire,Plateau/Treichville,Plateau,5.312868,-4.010077,12.4,60,0.207,Bloque,3992,475,2026-05-17,18,dimanche,2026-05-17T18:24:10Z,principal,NA,Plateau
AX_09,Carrefour de l Indenie (Adjame),Adjame,Plateau,5.341379,-4.020257,15.5,50,0.31,Congestionne,4314,408,2026-05-17,18,dimanche,2026-05-17T18:24:12Z,principal,NA,Adjamé
AX_10,Adjame Mosquee (Bvd Nangui Abrogoua),Adjame,Plateau,5.354097,-4.026506,18.4,55,0.335,Congestionne,5369,429,2026-05-17,18,dimanche,2026-05-17T18:24:13Z,principal,NA,Adjamé
AX_11,Echangeur de la Ferraille (Adjame),Adjame,Plateau,5.308686,-3.964053,10.8,50,0.216,Bloque,9501,1294,2026-05-17,18,dimanche,2026-05-17T18:24:14Z,principal,NA,Adjamé
AX_12,Feux Autoroute Nord entree Adjame,Adjame,Plateau,5.299899,-3.998254,11,100,0.11,Bloque,4252,566,2026-05-17,18,dimanche,2026-05-17T18:24:15Z,principal,NA,Adjamé
AX_13,Carrefour Universite (Cocody),Cocody,Cocody,5.334383,-3.938384,12.2,60,0.203,Bloque,8812,1103,2026-05-17,18,dimanche,2026-05-17T18:24:16Z,principal,NA,Cocody
AX_14,2 Plateaux Vallon (Bvd Mitterrand),Cocody,Cocody,5.362127,-3.98962,7.6,60,0.127,Bloque,1354,271,2026-05-17,18,dimanche,2026-05-17T18:24:18Z,principal,NA,Cocody
AX_15,Abobo Gare Mairie (Route Abobo),Abobo,Plateau,5.420996,-4.01901,22.6,90,0.251,Bloque,13296,917,2026-05-17,18,dimanche,2026-05-17T18:24:19Z,principal,NA,Abobo
AX_16,Gare Yopougon Autoroute Yopougon,Yopougon,Plateau,5.369048,-3.999911,15.1,100,0.151,Bloque,8791,887,2026-05-17,18,dimanche,2026-05-17T18:24:20Z,principal,NA,Yopougon
AX_17,Clinique Fraternite (Bvd Fraternite),Yopougon,Plateau,5.349303,-4.021832,15.9,50,0.318,Congestionne,4855,463,2026-05-17,18,dimanche,2026-05-17T18:24:21Z,principal,NA,Yopougon
AX_18,Carrefour Jatak (Route de Dabou),Yopougon,Plateau,5.321877,-4.1035450000000004,17.5,90,0.194,Bloque,18601,1612,2026-05-17,18,dimanche,2026-05-17T18:24:23Z,principal,NA,Yopougon
AX_19,Lycee Bingerville (Route Bingerville),Bingerville,Cocody,5.357895,-3.890668,16.1,70,0.23,Bloque,13218,1343,2026-05-17,18,dimanche,2026-05-17T18:24:24Z,principal,NA,Bingerville
AX_20,Rond-point Marcory (Bvd de la Paix),Marcory,Plateau,5.303988,-4.003239,12.1,50,0.242,Bloque,4123,514,2026-05-17,18,dimanche,2026-05-17T18:24:25Z,principal,NA,Marcory
AX_01,Pont HKB (Henri Konan Bedie),Cocody/Marcory,Plateau,5.329775,-3.981814,18.7,80,0.234,Bloque,10854,1140,2026-05-17,19,dimanche,2026-05-17T19:26:55Z,principal,NA,Cocody
AX_02,Pont De Gaulle,Plateau/Treichville,Plateau,5.317516,-4.016406,13.2,60,0.22,Bloque,1224,176,2026-05-17,19,dimanche,2026-05-17T19:26:56Z,principal,NA,Plateau
AX_03,Pont Felix Houphouet-Boigny,Plateau/Treichville,Plateau,5.328028,-4.017425,17,60,0.283,Bloque,2414,269,2026-05-17,19,dimanche,2026-05-17T19:26:57Z,principal,NA,Plateau
AX_04,Boulevard VGE (Giscard d Estaing),Plateau/Port-Bouet,Plateau,5.284092,-3.960922,19.6,100,0.196,Bloque,9720,944,2026-05-17,19,dimanche,2026-05-17T19:26:59Z,principal,NA,Plateau
AX_05,5eme Pont acces Saint-Jean,Cocody/Plateau,Plateau,5.335149,-3.996117,20.2,80,0.252,Bloque,7035,685,2026-05-17,19,dimanche,2026-05-17T19:27:00Z,principal,NA,Cocody
AX_06,Marche Bellville (Bvd Marseille),Treichville,Plateau,5.30587,-3.998069,17,50,0.34,Congestionne,6069,653,2026-05-17,19,dimanche,2026-05-17T19:27:01Z,principal,NA,Treichville
AX_07,Rond-point Treichville,Treichville,Plateau,5.307293,-4.011812,8.3,40,0.208,Bloque,2586,570,2026-05-17,19,dimanche,2026-05-17T19:27:02Z,principal,NA,Treichville
AX_08,Gare Lagunaire Bvd Lagunaire,Plateau/Treichville,Plateau,5.312868,-4.010077,16,60,0.267,Bloque,3992,475,2026-05-17,19,dimanche,2026-05-17T19:27:03Z,principal,NA,Plateau
AX_09,Carrefour de l Indenie (Adjame),Adjame,Plateau,5.341379,-4.020257,20.1,50,0.402,Congestionne,4314,408,2026-05-17,19,dimanche,2026-05-17T19:27:05Z,principal,NA,Adjamé
AX_10,Adjame Mosquee (Bvd Nangui Abrogoua),Adjame,Plateau,5.354097,-4.026506,23.8,55,0.433,Congestionne,5369,429,2026-05-17,19,dimanche,2026-05-17T19:27:06Z,principal,NA,Adjamé
AX_11,Echangeur de la Ferraille (Adjame),Adjame,Plateau,5.308686,-3.964053,13.9,50,0.278,Bloque,9501,1294,2026-05-17,19,dimanche,2026-05-17T19:27:07Z,principal,NA,Adjamé
AX_12,Feux Autoroute Nord entree Adjame,Adjame,Plateau,5.299899,-3.998254,14.2,100,0.142,Bloque,4252,566,2026-05-17,19,dimanche,2026-05-17T19:27:08Z,principal,NA,Adjamé
AX_13,Carrefour Universite (Cocody),Cocody,Cocody,5.334383,-3.938384,15.7,60,0.262,Bloque,8812,1103,2026-05-17,19,dimanche,2026-05-17T19:27:10Z,principal,NA,Cocody
AX_14,2 Plateaux Vallon (Bvd Mitterrand),Cocody,Cocody,5.362127,-3.98962,9.8,60,0.163,Bloque,1354,271,2026-05-17,19,dimanche,2026-05-17T19:27:11Z,principal,NA,Cocody
AX_15,Abobo Gare Mairie (Route Abobo),Abobo,Plateau,5.420996,-4.01901,29.1,90,0.323,Congestionne,13296,917,2026-05-17,19,dimanche,2026-05-17T19:27:12Z,principal,NA,Abobo
AX_16,Gare Yopougon Autoroute Yopougon,Yopougon,Plateau,5.369048,-3.999911,19.5,100,0.195,Bloque,8791,887,2026-05-17,19,dimanche,2026-05-17T19:27:13Z,principal,NA,Yopougon
AX_17,Clinique Fraternite (Bvd Fraternite),Yopougon,Plateau,5.349303,-4.021832,20.6,50,0.412,Congestionne,4855,463,2026-05-17,19,dimanche,2026-05-17T19:27:14Z,principal,NA,Yopougon
AX_18,Carrefour Jatak (Route de Dabou),Yopougon,Plateau,5.321877,-4.1035450000000004,22.6,90,0.251,Bloque,18601,1612,2026-05-17,19,dimanche,2026-05-17T19:27:16Z,principal,NA,Yopougon
AX_19,Lycee Bingerville (Route Bingerville),Bingerville,Cocody,5.357895,-3.890668,20.9,70,0.299,Bloque,13218,1343,2026-05-17,19,dimanche,2026-05-17T19:27:17Z,principal,NA,Bingerville
AX_20,Rond-point Marcory (Bvd de la Paix),Marcory,Plateau,5.303988,-4.003239,15.6,50,0.312,Congestionne,4123,514,2026-05-17,19,dimanche,2026-05-17T19:27:18Z,principal,NA,Marcory
AX_01,Pont HKB (Henri Konan Bedie),Cocody/Marcory,Plateau,5.329775,-3.981814,23.5,80,0.294,Bloque,10854,1140,2026-05-17,20,dimanche,2026-05-17T20:29:44Z,principal,NA,Cocody
AX_02,Pont De Gaulle,Plateau/Treichville,Plateau,5.317516,-4.016406,16.6,60,0.277,Bloque,1224,176,2026-05-17,20,dimanche,2026-05-17T20:29:46Z,principal,NA,Plateau
AX_03,Pont Felix Houphouet-Boigny,Plateau/Treichville,Plateau,5.328028,-4.017425,21.4,60,0.357,Congestionne,2414,269,2026-05-17,20,dimanche,2026-05-17T20:29:47Z,principal,NA,Plateau
AX_04,Boulevard VGE (Giscard d Estaing),Plateau/Port-Bouet,Plateau,5.284092,-3.960922,24.6,100,0.246,Bloque,9720,944,2026-05-17,20,dimanche,2026-05-17T20:29:48Z,principal,NA,Plateau
AX_05,5eme Pont acces Saint-Jean,Cocody/Plateau,Plateau,5.335149,-3.996117,25.4,80,0.318,Congestionne,7035,685,2026-05-17,20,dimanche,2026-05-17T20:29:49Z,principal,NA,Cocody
AX_06,Marche Bellville (Bvd Marseille),Treichville,Plateau,5.30587,-3.998069,21.4,50,0.428,Congestionne,6069,653,2026-05-17,20,dimanche,2026-05-17T20:29:50Z,principal,NA,Treichville
AX_07,Rond-point Treichville,Treichville,Plateau,5.307293,-4.011812,10.4,40,0.26,Bloque,2586,570,2026-05-17,20,dimanche,2026-05-17T20:29:52Z,principal,NA,Treichville
AX_08,Gare Lagunaire Bvd Lagunaire,Plateau/Treichville,Plateau,5.312868,-4.010077,20.1,60,0.335,Congestionne,3992,475,2026-05-17,20,dimanche,2026-05-17T20:29:53Z,principal,NA,Plateau
AX_09,Carrefour de l Indenie (Adjame),Adjame,Plateau,5.341379,-4.020257,25.3,50,0.506,Modere,4314,408,2026-05-17,20,dimanche,2026-05-17T20:29:54Z,principal,NA,Adjamé
AX_10,Adjame Mosquee (Bvd Nangui Abrogoua),Adjame,Plateau,5.354097,-4.026506,29.9,55,0.544,Modere,5369,429,2026-05-17,20,dimanche,2026-05-17T20:29:55Z,principal,NA,Adjamé
AX_11,Echangeur de la Ferraille (Adjame),Adjame,Plateau,5.308686,-3.964053,17.5,50,0.35,Congestionne,9501,1294,2026-05-17,20,dimanche,2026-05-17T20:29:57Z,principal,NA,Adjamé
AX_12,Feux Autoroute Nord entree Adjame,Adjame,Plateau,5.299899,-3.998254,17.9,100,0.179,Bloque,4252,566,2026-05-17,20,dimanche,2026-05-17T20:29:58Z,principal,NA,Adjamé
AX_13,Carrefour Universite (Cocody),Cocody,Cocody,5.334383,-3.938384,19.8,60,0.33,Congestionne,8812,1103,2026-05-17,20,dimanche,2026-05-17T20:29:59Z,principal,NA,Cocody
AX_14,2 Plateaux Vallon (Bvd Mitterrand),Cocody,Cocody,5.362127,-3.98962,12.4,60,0.207,Bloque,1354,271,2026-05-17,20,dimanche,2026-05-17T20:30:00Z,principal,NA,Cocody
AX_15,Abobo Gare Mairie (Route Abobo),Abobo,Plateau,5.420996,-4.01901,36.6,90,0.407,Congestionne,13296,917,2026-05-17,20,dimanche,2026-05-17T20:30:01Z,principal,NA,Abobo
AX_16,Gare Yopougon Autoroute Yopougon,Yopougon,Plateau,5.369048,-3.999911,24.5,100,0.245,Bloque,8791,887,2026-05-17,20,dimanche,2026-05-17T20:30:03Z,principal,NA,Yopougon
AX_17,Clinique Fraternite (Bvd Fraternite),Yopougon,Plateau,5.349303,-4.021832,25.9,50,0.518,Modere,4855,463,2026-05-17,20,dimanche,2026-05-17T20:30:04Z,principal,NA,Yopougon
AX_18,Carrefour Jatak (Route de Dabou),Yopougon,Plateau,5.321877,-4.1035450000000004,28.5,90,0.317,Congestionne,18601,1612,2026-05-17,20,dimanche,2026-05-17T20:30:05Z,principal,NA,Yopougon
AX_19,Lycee Bingerville (Route Bingerville),Bingerville,Cocody,5.357895,-3.890668,26.2,70,0.374,Congestionne,13218,1343,2026-05-17,20,dimanche,2026-05-17T20:30:06Z,principal,NA,Bingerville
AX_20,Rond-point Marcory (Bvd de la Paix),Marcory,Plateau,5.303988,-4.003239,19.6,50,0.392,Congestionne,4123,514,2026-05-17,20,dimanche,2026-05-17T20:30:07Z,principal,NA,Marcory
AX_01,Pont HKB (Henri Konan Bedie),Cocody/Marcory,Plateau,5.329775,-3.981814,26.6,80,0.332,Congestionne,10854,1140,2026-05-17,21,dimanche,2026-05-17T21:01:05Z,principal,NA,Cocody
AX_02,Pont De Gaulle,Plateau/Treichville,Plateau,5.317516,-4.016406,18.7,60,0.312,Congestionne,1224,176,2026-05-17,21,dimanche,2026-05-17T21:01:07Z,principal,NA,Plateau
AX_03,Pont Felix Houphouet-Boigny,Plateau/Treichville,Plateau,5.328028,-4.017425,24.2,60,0.403,Congestionne,2414,269,2026-05-17,21,dimanche,2026-05-17T21:01:08Z,principal,NA,Plateau
AX_04,Boulevard VGE (Giscard d Estaing),Plateau/Port-Bouet,Plateau,5.284092,-3.960922,27.8,100,0.278,Bloque,9720,944,2026-05-17,21,dimanche,2026-05-17T21:01:09Z,principal,NA,Plateau
AX_05,5eme Pont acces Saint-Jean,Cocody/Plateau,Plateau,5.335149,-3.996117,28.7,80,0.359,Congestionne,7035,685,2026-05-17,21,dimanche,2026-05-17T21:01:10Z,principal,NA,Cocody
AX_06,Marche Bellville (Bvd Marseille),Treichville,Plateau,5.30587,-3.998069,24.2,50,0.484,Congestionne,6069,653,2026-05-17,21,dimanche,2026-05-17T21:01:11Z,principal,NA,Treichville
AX_07,Rond-point Treichville,Treichville,Plateau,5.307293,-4.011812,11.8,40,0.295,Bloque,2586,570,2026-05-17,21,dimanche,2026-05-17T21:01:13Z,principal,NA,Treichville
AX_08,Gare Lagunaire Bvd Lagunaire,Plateau/Treichville,Plateau,5.312868,-4.010077,22.7,60,0.378,Congestionne,3992,475,2026-05-17,21,dimanche,2026-05-17T21:01:14Z,principal,NA,Plateau
AX_09,Carrefour de l Indenie (Adjame),Adjame,Plateau,5.341379,-4.020257,28.5,50,0.57,Modere,4314,408,2026-05-17,21,dimanche,2026-05-17T21:01:15Z,principal,NA,Adjamé
AX_10,Adjame Mosquee (Bvd Nangui Abrogoua),Adjame,Plateau,5.354097,-4.026506,33.7,55,0.613,Modere,5369,429,2026-05-17,21,dimanche,2026-05-17T21:01:16Z,principal,NA,Adjamé
AX_11,Echangeur de la Ferraille (Adjame),Adjame,Plateau,5.308686,-3.964053,19.7,50,0.394,Congestionne,9501,1294,2026-05-17,21,dimanche,2026-05-17T21:01:17Z,principal,NA,Adjamé
AX_12,Feux Autoroute Nord entree Adjame,Adjame,Plateau,5.299899,-3.998254,20.2,100,0.202,Bloque,4252,566,2026-05-17,21,dimanche,2026-05-17T21:01:19Z,principal,NA,Adjamé
AX_13,Carrefour Universite (Cocody),Cocody,Cocody,5.334383,-3.938384,22.3,60,0.372,Congestionne,8812,1103,2026-05-17,21,dimanche,2026-05-17T21:01:20Z,principal,NA,Cocody
AX_14,2 Plateaux Vallon (Bvd Mitterrand),Cocody,Cocody,5.362127,-3.98962,13.9,60,0.232,Bloque,1354,271,2026-05-17,21,dimanche,2026-05-17T21:01:21Z,principal,NA,Cocody
AX_15,Abobo Gare Mairie (Route Abobo),Abobo,Plateau,5.420996,-4.01901,41.3,90,0.459,Congestionne,13296,917,2026-05-17,21,dimanche,2026-05-17T21:01:22Z,principal,NA,Abobo
AX_16,Gare Yopougon Autoroute Yopougon,Yopougon,Plateau,5.369048,-3.999911,27.6,100,0.276,Bloque,8791,887,2026-05-17,21,dimanche,2026-05-17T21:01:24Z,principal,NA,Yopougon
AX_17,Clinique Fraternite (Bvd Fraternite),Yopougon,Plateau,5.349303,-4.021832,29.2,50,0.584,Modere,4855,463,2026-05-17,21,dimanche,2026-05-17T21:01:25Z,principal,NA,Yopougon
AX_18,Carrefour Jatak (Route de Dabou),Yopougon,Plateau,5.321877,-4.1035450000000004,32.1,90,0.357,Congestionne,18601,1612,2026-05-17,21,dimanche,2026-05-17T21:01:26Z,principal,NA,Yopougon
AX_19,Lycee Bingerville (Route Bingerville),Bingerville,Cocody,5.357895,-3.890668,29.6,70,0.423,Congestionne,13218,1343,2026-05-17,21,dimanche,2026-05-17T21:01:27Z,principal,NA,Bingerville
AX_20,Rond-point Marcory (Bvd de la Paix),Marcory,Plateau,5.303988,-4.003239,22.1,50,0.442,Congestionne,4123,514,2026-05-17,21,dimanche,2026-05-17T21:01:28Z,principal,NA,Marcory
AX_01,Pont HKB (Henri Konan Bedie),Cocody/Marcory,Plateau,5.329775,-3.981814,28.4,80,0.355,Congestionne,10854,1140,2026-05-17,22,dimanche,2026-05-17T22:03:44Z,principal,NA,Cocody
AX_02,Pont De Gaulle,Plateau/Treichville,Plateau,5.317516,-4.016406,20,60,0.333,Congestionne,1224,176,2026-05-17,22,dimanche,2026-05-17T22:03:45Z,principal,NA,Plateau
AX_03,Pont Felix Houphouet-Boigny,Plateau/Treichville,Plateau,5.328028,-4.017425,25.8,60,0.43,Congestionne,2414,269,2026-05-17,22,dimanche,2026-05-17T22:03:47Z,principal,NA,Plateau
AX_04,Boulevard VGE (Giscard d Estaing),Plateau/Port-Bouet,Plateau,5.284092,-3.960922,29.6,100,0.296,Bloque,9720,944,2026-05-17,22,dimanche,2026-05-17T22:03:48Z,principal,NA,Plateau
AX_05,5eme Pont acces Saint-Jean,Cocody/Plateau,Plateau,5.335149,-3.996117,30.6,80,0.382,Congestionne,7035,685,2026-05-17,22,dimanche,2026-05-17T22:03:49Z,principal,NA,Cocody
AX_06,Marche Bellville (Bvd Marseille),Treichville,Plateau,5.30587,-3.998069,25.8,50,0.516,Modere,6069,653,2026-05-17,22,dimanche,2026-05-17T22:03:50Z,principal,NA,Treichville
AX_07,Rond-point Treichville,Treichville,Plateau,5.307293,-4.011812,12.6,40,0.315,Congestionne,2586,570,2026-05-17,22,dimanche,2026-05-17T22:03:52Z,principal,NA,Treichville
AX_08,Gare Lagunaire Bvd Lagunaire,Plateau/Treichville,Plateau,5.312868,-4.010077,24.2,60,0.403,Congestionne,3992,475,2026-05-17,22,dimanche,2026-05-17T22:03:53Z,principal,NA,Plateau
AX_09,Carrefour de l Indenie (Adjame),Adjame,Plateau,5.341379,-4.020257,30.4,50,0.608,Modere,4314,408,2026-05-17,22,dimanche,2026-05-17T22:03:54Z,principal,NA,Adjamé
AX_10,Adjame Mosquee (Bvd Nangui Abrogoua),Adjame,Plateau,5.354097,-4.026506,36,55,0.655,Modere,5369,429,2026-05-17,22,dimanche,2026-05-17T22:03:55Z,principal,NA,Adjamé
AX_11,Echangeur de la Ferraille (Adjame),Adjame,Plateau,5.308686,-3.964053,21.1,50,0.422,Congestionne,9501,1294,2026-05-17,22,dimanche,2026-05-17T22:03:56Z,principal,NA,Adjamé
AX_12,Feux Autoroute Nord entree Adjame,Adjame,Plateau,5.299899,-3.998254,21.6,100,0.216,Bloque,4252,566,2026-05-17,22,dimanche,2026-05-17T22:03:58Z,principal,NA,Adjamé
AX_13,Carrefour Universite (Cocody),Cocody,Cocody,5.334383,-3.938384,23.8,60,0.397,Congestionne,8812,1103,2026-05-17,22,dimanche,2026-05-17T22:03:59Z,principal,NA,Cocody
AX_14,2 Plateaux Vallon (Bvd Mitterrand),Cocody,Cocody,5.362127,-3.98962,14.9,60,0.248,Bloque,1354,271,2026-05-17,22,dimanche,2026-05-17T22:04:00Z,principal,NA,Cocody
AX_15,Abobo Gare Mairie (Route Abobo),Abobo,Plateau,5.420996,-4.01901,44.2,90,0.491,Congestionne,13296,917,2026-05-17,22,dimanche,2026-05-17T22:04:01Z,principal,NA,Abobo
AX_16,Gare Yopougon Autoroute Yopougon,Yopougon,Plateau,5.369048,-3.999911,29.5,100,0.295,Bloque,8791,887,2026-05-17,22,dimanche,2026-05-17T22:04:02Z,principal,NA,Yopougon
AX_17,Clinique Fraternite (Bvd Fraternite),Yopougon,Plateau,5.349303,-4.021832,31.2,50,0.624,Modere,4855,463,2026-05-17,22,dimanche,2026-05-17T22:04:04Z,principal,NA,Yopougon
AX_18,Carrefour Jatak (Route de Dabou),Yopougon,Plateau,5.321877,-4.1035450000000004,34.3,90,0.381,Congestionne,18601,1612,2026-05-17,22,dimanche,2026-05-17T22:04:05Z,principal,NA,Yopougon
AX_19,Lycee Bingerville (Route Bingerville),Bingerville,Cocody,5.357895,-3.890668,31.6,70,0.451,Congestionne,13218,1343,2026-05-17,22,dimanche,2026-05-17T22:04:06Z,principal,NA,Bingerville
AX_20,Rond-point Marcory (Bvd de la Paix),Marcory,Plateau,5.303988,-4.003239,23.6,50,0.472,Congestionne,4123,514,2026-05-17,22,dimanche,2026-05-17T22:04:07Z,principal,NA,Marcory
AX_01,Pont HKB (Henri Konan Bedie),Cocody/Marcory,Plateau,5.329775,-3.981814,29.6,80,0.37,Congestionne,10854,1140,2026-05-17,23,dimanche,2026-05-17T23:06:30Z,principal,NA,Cocody
AX_02,Pont De Gaulle,Plateau/Treichville,Plateau,5.317516,-4.016406,20.8,60,0.347,Congestionne,1224,176,2026-05-17,23,dimanche,2026-05-17T23:06:31Z,principal,NA,Plateau
AX_03,Pont Felix Houphouet-Boigny,Plateau/Treichville,Plateau,5.328028,-4.017425,26.9,60,0.448,Congestionne,2414,269,2026-05-17,23,dimanche,2026-05-17T23:06:32Z,principal,NA,Plateau
AX_04,Boulevard VGE (Giscard d Estaing),Plateau/Port-Bouet,Plateau,5.284092,-3.960922,30.9,100,0.309,Congestionne,9720,944,2026-05-17,23,dimanche,2026-05-17T23:06:34Z,principal,NA,Plateau
AX_05,5eme Pont acces Saint-Jean,Cocody/Plateau,Plateau,5.335149,-3.996117,31.9,80,0.399,Congestionne,7035,685,2026-05-17,23,dimanche,2026-05-17T23:06:35Z,principal,NA,Cocody
AX_06,Marche Bellville (Bvd Marseille),Treichville,Plateau,5.30587,-3.998069,26.9,50,0.538,Modere,6069,653,2026-05-17,23,dimanche,2026-05-17T23:06:36Z,principal,NA,Treichville
AX_07,Rond-point Treichville,Treichville,Plateau,5.307293,-4.011812,13.1,40,0.328,Congestionne,2586,570,2026-05-17,23,dimanche,2026-05-17T23:06:37Z,principal,NA,Treichville
AX_08,Gare Lagunaire Bvd Lagunaire,Plateau/Treichville,Plateau,5.312868,-4.010077,25.2,60,0.42,Congestionne,3992,475,2026-05-17,23,dimanche,2026-05-17T23:06:38Z,principal,NA,Plateau
AX_09,Carrefour de l Indenie (Adjame),Adjame,Plateau,5.341379,-4.020257,31.7,50,0.634,Modere,4314,408,2026-05-17,23,dimanche,2026-05-17T23:06:40Z,principal,NA,Adjamé
AX_10,Adjame Mosquee (Bvd Nangui Abrogoua),Adjame,Plateau,5.354097,-4.026506,37.6,55,0.684,Modere,5369,429,2026-05-17,23,dimanche,2026-05-17T23:06:41Z,principal,NA,Adjamé
AX_11,Echangeur de la Ferraille (Adjame),Adjame,Plateau,5.308686,-3.964053,22,50,0.44,Congestionne,9501,1294,2026-05-17,23,dimanche,2026-05-17T23:06:42Z,principal,NA,Adjamé
AX_12,Feux Autoroute Nord entree Adjame,Adjame,Plateau,5.299899,-3.998254,22.5,100,0.225,Bloque,4252,566,2026-05-17,23,dimanche,2026-05-17T23:06:43Z,principal,NA,Adjamé
AX_13,Carrefour Universite (Cocody),Cocody,Cocody,5.334383,-3.938384,24.8,60,0.413,Congestionne,8812,1103,2026-05-17,23,dimanche,2026-05-17T23:06:44Z,principal,NA,Cocody
AX_14,2 Plateaux Vallon (Bvd Mitterrand),Cocody,Cocody,5.362127,-3.98962,15.5,60,0.258,Bloque,1354,271,2026-05-17,23,dimanche,2026-05-17T23:06:46Z,principal,NA,Cocody
AX_15,Abobo Gare Mairie (Route Abobo),Abobo,Plateau,5.420996,-4.01901,46,90,0.511,Modere,13296,917,2026-05-17,23,dimanche,2026-05-17T23:06:47Z,principal,NA,Abobo
AX_16,Gare Yopougon Autoroute Yopougon,Yopougon,Plateau,5.369048,-3.999911,30.8,100,0.308,Congestionne,8791,887,2026-05-17,23,dimanche,2026-05-17T23:06:48Z,principal,NA,Yopougon
AX_17,Clinique Fraternite (Bvd Fraternite),Yopougon,Plateau,5.349303,-4.021832,32.5,50,0.65,Modere,4855,463,2026-05-17,23,dimanche,2026-05-17T23:06:49Z,principal,NA,Yopougon
AX_18,Carrefour Jatak (Route de Dabou),Yopougon,Plateau,5.321877,-4.1035450000000004,35.8,90,0.398,Congestionne,18601,1612,2026-05-17,23,dimanche,2026-05-17T23:06:51Z,principal,NA,Yopougon
AX_19,Lycee Bingerville (Route Bingerville),Bingerville,Cocody,5.357895,-3.890668,33,70,0.471,Congestionne,13218,1343,2026-05-17,23,dimanche,2026-05-17T23:06:52Z,principal,NA,Bingerville
AX_20,Rond-point Marcory (Bvd de la Paix),Marcory,Plateau,5.303988,-4.003239,24.6,50,0.492,Congestionne,4123,514,2026-05-17,23,dimanche,2026-05-17T23:06:53Z,principal,NA,Marcory
AX_01,Pont HKB (Henri Konan Bedie),Cocody/Marcory,Plateau,5.329775,-3.981814,23.5,80,0.294,Bloque,10854,1140,2026-05-18,13,lundi,2026-05-18T13:38:20Z,principal,NA,Cocody
AX_02,Pont De Gaulle,Plateau/Treichville,Plateau,5.317516,-4.016406,16.6,60,0.277,Bloque,1224,176,2026-05-18,13,lundi,2026-05-18T13:38:21Z,principal,NA,Plateau
AX_03,Pont Felix Houphouet-Boigny,Plateau/Treichville,Plateau,5.328028,-4.017425,21.4,60,0.357,Congestionne,2414,269,2026-05-18,13,lundi,2026-05-18T13:38:23Z,principal,NA,Plateau
AX_04,Boulevard VGE (Giscard d Estaing),Plateau/Port-Bouet,Plateau,5.284092,-3.960922,24.6,100,0.246,Bloque,9720,944,2026-05-18,13,lundi,2026-05-18T13:38:24Z,principal,NA,Plateau
AX_05,5eme Pont acces Saint-Jean,Cocody/Plateau,Plateau,5.335149,-3.996117,25.4,80,0.318,Congestionne,7035,685,2026-05-18,13,lundi,2026-05-18T13:38:25Z,principal,NA,Cocody
AX_06,Marche Bellville (Bvd Marseille),Treichville,Plateau,5.30587,-3.998069,21.4,50,0.428,Congestionne,6069,653,2026-05-18,13,lundi,2026-05-18T13:38:26Z,principal,NA,Treichville
AX_07,Rond-point Treichville,Treichville,Plateau,5.307293,-4.011812,10.4,40,0.26,Bloque,2586,570,2026-05-18,13,lundi,2026-05-18T13:38:27Z,principal,NA,Treichville
AX_08,Gare Lagunaire Bvd Lagunaire,Plateau/Treichville,Plateau,5.312868,-4.010077,20.1,60,0.335,Congestionne,3992,475,2026-05-18,13,lundi,2026-05-18T13:38:29Z,principal,NA,Plateau
AX_09,Carrefour de l Indenie (Adjame),Adjame,Plateau,5.341379,-4.020257,25.3,50,0.506,Modere,4314,408,2026-05-18,13,lundi,2026-05-18T13:38:30Z,principal,NA,Adjamé
AX_10,Adjame Mosquee (Bvd Nangui Abrogoua),Adjame,Plateau,5.354097,-4.026506,29.9,55,0.544,Modere,5369,429,2026-05-18,13,lundi,2026-05-18T13:38:31Z,principal,NA,Adjamé
AX_11,Echangeur de la Ferraille (Adjame),Adjame,Plateau,5.308686,-3.964053,17.5,50,0.35,Congestionne,9501,1294,2026-05-18,13,lundi,2026-05-18T13:38:32Z,principal,NA,Adjamé
AX_12,Feux Autoroute Nord entree Adjame,Adjame,Plateau,5.299899,-3.998254,17.9,100,0.179,Bloque,4252,566,2026-05-18,13,lundi,2026-05-18T13:38:33Z,principal,NA,Adjamé
AX_13,Carrefour Universite (Cocody),Cocody,Cocody,5.334383,-3.938384,19.8,60,0.33,Congestionne,8812,1103,2026-05-18,13,lundi,2026-05-18T13:38:35Z,principal,NA,Cocody
AX_14,2 Plateaux Vallon (Bvd Mitterrand),Cocody,Cocody,5.362127,-3.98962,12.4,60,0.207,Bloque,1354,271,2026-05-18,13,lundi,2026-05-18T13:38:36Z,principal,NA,Cocody
AX_15,Abobo Gare Mairie (Route Abobo),Abobo,Plateau,5.420996,-4.01901,36.6,90,0.407,Congestionne,13296,917,2026-05-18,13,lundi,2026-05-18T13:38:37Z,principal,NA,Abobo
AX_16,Gare Yopougon Autoroute Yopougon,Yopougon,Plateau,5.369048,-3.999911,24.5,100,0.245,Bloque,8791,887,2026-05-18,13,lundi,2026-05-18T13:38:38Z,principal,NA,Yopougon
AX_17,Clinique Fraternite (Bvd Fraternite),Yopougon,Plateau,5.349303,-4.021832,25.9,50,0.518,Modere,4855,463,2026-05-18,13,lundi,2026-05-18T13:38:40Z,principal,NA,Yopougon
AX_18,Carrefour Jatak (Route de Dabou),Yopougon,Plateau,5.321877,-4.1035450000000004,28.5,90,0.317,Congestionne,18601,1612,2026-05-18,13,lundi,2026-05-18T13:38:41Z,principal,NA,Yopougon
AX_19,Lycee Bingerville (Route Bingerville),Bingerville,Cocody,5.357895,-3.890668,26.2,70,0.374,Congestionne,13218,1343,2026-05-18,13,lundi,2026-05-18T13:38:42Z,principal,NA,Bingerville
AX_20,Rond-point Marcory (Bvd de la Paix),Marcory,Plateau,5.303988,-4.003239,19.6,50,0.392,Congestionne,4123,514,2026-05-18,13,lundi,2026-05-18T13:38:43Z,principal,NA,Marcory
AX_01,Pont HKB (Henri Konan Bedie),Cocody/Marcory,Plateau,5.329775,-3.981814,24.8,80,0.31,Congestionne,10854,1140,2026-05-18,14,lundi,2026-05-18T14:09:31Z,principal,NA,Cocody
AX_02,Pont De Gaulle,Plateau/Treichville,Plateau,5.317516,-4.016406,17.4,60,0.29,Bloque,1224,176,2026-05-18,14,lundi,2026-05-18T14:09:32Z,principal,NA,Plateau
AX_03,Pont Felix Houphouet-Boigny,Plateau/Treichville,Plateau,5.328028,-4.017425,22.5,60,0.375,Congestionne,2414,269,2026-05-18,14,lundi,2026-05-18T14:09:34Z,principal,NA,Plateau
AX_04,Boulevard VGE (Giscard d Estaing),Plateau/Port-Bouet,Plateau,5.284092,-3.960922,25.9,100,0.259,Bloque,9720,944,2026-05-18,14,lundi,2026-05-18T14:09:35Z,principal,NA,Plateau
AX_05,5eme Pont acces Saint-Jean,Cocody/Plateau,Plateau,5.335149,-3.996117,26.7,80,0.334,Congestionne,7035,685,2026-05-18,14,lundi,2026-05-18T14:09:36Z,principal,NA,Cocody
AX_06,Marche Bellville (Bvd Marseille),Treichville,Plateau,5.30587,-3.998069,22.5,50,0.45,Congestionne,6069,653,2026-05-18,14,lundi,2026-05-18T14:09:37Z,principal,NA,Treichville
AX_07,Rond-point Treichville,Treichville,Plateau,5.307293,-4.011812,11,40,0.275,Bloque,2586,570,2026-05-18,14,lundi,2026-05-18T14:09:38Z,principal,NA,Treichville
AX_08,Gare Lagunaire Bvd Lagunaire,Plateau/Treichville,Plateau,5.312868,-4.010077,21.1,60,0.352,Congestionne,3992,475,2026-05-18,14,lundi,2026-05-18T14:09:40Z,principal,NA,Plateau
AX_09,Carrefour de l Indenie (Adjame),Adjame,Plateau,5.341379,-4.020257,26.6,50,0.532,Modere,4314,408,2026-05-18,14,lundi,2026-05-18T14:09:41Z,principal,NA,Adjamé
AX_10,Adjame Mosquee (Bvd Nangui Abrogoua),Adjame,Plateau,5.354097,-4.026506,31.4,55,0.571,Modere,5369,429,2026-05-18,14,lundi,2026-05-18T14:09:42Z,principal,NA,Adjamé
AX_11,Echangeur de la Ferraille (Adjame),Adjame,Plateau,5.308686,-3.964053,18.4,50,0.368,Congestionne,9501,1294,2026-05-18,14,lundi,2026-05-18T14:09:44Z,principal,NA,Adjamé
AX_12,Feux Autoroute Nord entree Adjame,Adjame,Plateau,5.299899,-3.998254,18.8,100,0.188,Bloque,4252,566,2026-05-18,14,lundi,2026-05-18T14:09:45Z,principal,NA,Adjamé
AX_13,Carrefour Universite (Cocody),Cocody,Cocody,5.334383,-3.938384,20.8,60,0.347,Congestionne,8812,1103,2026-05-18,14,lundi,2026-05-18T14:09:46Z,principal,NA,Cocody
AX_14,2 Plateaux Vallon (Bvd Mitterrand),Cocody,Cocody,5.362127,-3.98962,13,60,0.217,Bloque,1354,271,2026-05-18,14,lundi,2026-05-18T14:09:47Z,principal,NA,Cocody
AX_15,Abobo Gare Mairie (Route Abobo),Abobo,Plateau,5.420996,-4.01901,38.5,90,0.428,Congestionne,13296,917,2026-05-18,14,lundi,2026-05-18T14:09:48Z,principal,NA,Abobo
AX_16,Gare Yopougon Autoroute Yopougon,Yopougon,Plateau,5.369048,-3.999911,25.8,100,0.258,Bloque,8791,887,2026-05-18,14,lundi,2026-05-18T14:09:50Z,principal,NA,Yopougon
AX_17,Clinique Fraternite (Bvd Fraternite),Yopougon,Plateau,5.349303,-4.021832,27.2,50,0.544,Modere,4855,463,2026-05-18,14,lundi,2026-05-18T14:09:51Z,principal,NA,Yopougon
AX_18,Carrefour Jatak (Route de Dabou),Yopougon,Plateau,5.321877,-4.1035450000000004,29.9,90,0.332,Congestionne,18601,1612,2026-05-18,14,lundi,2026-05-18T14:09:52Z,principal,NA,Yopougon
AX_19,Lycee Bingerville (Route Bingerville),Bingerville,Cocody,5.357895,-3.890668,27.6,70,0.394,Congestionne,13218,1343,2026-05-18,14,lundi,2026-05-18T14:09:53Z,principal,NA,Bingerville
AX_20,Rond-point Marcory (Bvd de la Paix),Marcory,Plateau,5.303988,-4.003239,20.6,50,0.412,Congestionne,4123,514,2026-05-18,14,lundi,2026-05-18T14:09:55Z,principal,NA,Marcory
AX_01,Pont HKB (Henri Konan Bedie),Cocody/Marcory,Plateau,5.329775,-3.981814,21.7,80,0.271,Bloque,10854,1140,2026-05-18,15,lundi,2026-05-18T15:12:07Z,principal,NA,Cocody
AX_02,Pont De Gaulle,Plateau/Treichville,Plateau,5.317516,-4.016406,15.3,60,0.255,Bloque,1224,176,2026-05-18,15,lundi,2026-05-18T15:12:08Z,principal,NA,Plateau
AX_03,Pont Felix Houphouet-Boigny,Plateau/Treichville,Plateau,5.328028,-4.017425,19.8,60,0.33,Congestionne,2414,269,2026-05-18,15,lundi,2026-05-18T15:12:09Z,principal,NA,Plateau
AX_04,Boulevard VGE (Giscard d Estaing),Plateau/Port-Bouet,Plateau,5.284092,-3.960922,22.7,100,0.227,Bloque,9720,944,2026-05-18,15,lundi,2026-05-18T15:12:11Z,principal,NA,Plateau
AX_05,5eme Pont acces Saint-Jean,Cocody/Plateau,Plateau,5.335149,-3.996117,23.4,80,0.292,Bloque,7035,685,2026-05-18,15,lundi,2026-05-18T15:12:12Z,principal,NA,Cocody
AX_06,Marche Bellville (Bvd Marseille),Treichville,Plateau,5.30587,-3.998069,19.8,50,0.396,Congestionne,6069,653,2026-05-18,15,lundi,2026-05-18T15:12:13Z,principal,NA,Treichville
AX_07,Rond-point Treichville,Treichville,Plateau,5.307293,-4.011812,9.6,40,0.24,Bloque,2586,570,2026-05-18,15,lundi,2026-05-18T15:12:14Z,principal,NA,Treichville
AX_08,Gare Lagunaire Bvd Lagunaire,Plateau/Treichville,Plateau,5.312868,-4.010077,18.5,60,0.308,Congestionne,3992,475,2026-05-18,15,lundi,2026-05-18T15:12:15Z,principal,NA,Plateau
AX_09,Carrefour de l Indenie (Adjame),Adjame,Plateau,5.341379,-4.020257,23.3,50,0.466,Congestionne,4314,408,2026-05-18,15,lundi,2026-05-18T15:12:17Z,principal,NA,Adjamé
AX_10,Adjame Mosquee (Bvd Nangui Abrogoua),Adjame,Plateau,5.354097,-4.026506,27.6,55,0.502,Modere,5369,429,2026-05-18,15,lundi,2026-05-18T15:12:18Z,principal,NA,Adjamé
AX_11,Echangeur de la Ferraille (Adjame),Adjame,Plateau,5.308686,-3.964053,16.2,50,0.324,Congestionne,9501,1294,2026-05-18,15,lundi,2026-05-18T15:12:19Z,principal,NA,Adjamé
AX_12,Feux Autoroute Nord entree Adjame,Adjame,Plateau,5.299899,-3.998254,16.5,100,0.165,Bloque,4252,566,2026-05-18,15,lundi,2026-05-18T15:12:20Z,principal,NA,Adjamé
AX_13,Carrefour Universite (Cocody),Cocody,Cocody,5.334383,-3.938384,18.2,60,0.303,Congestionne,8812,1103,2026-05-18,15,lundi,2026-05-18T15:12:22Z,principal,NA,Cocody
AX_14,2 Plateaux Vallon (Bvd Mitterrand),Cocody,Cocody,5.362127,-3.98962,11.4,60,0.19,Bloque,1354,271,2026-05-18,15,lundi,2026-05-18T15:12:23Z,principal,NA,Cocody
AX_15,Abobo Gare Mairie (Route Abobo),Abobo,Plateau,5.420996,-4.01901,33.8,90,0.376,Congestionne,13296,917,2026-05-18,15,lundi,2026-05-18T15:12:24Z,principal,NA,Abobo
AX_16,Gare Yopougon Autoroute Yopougon,Yopougon,Plateau,5.369048,-3.999911,22.6,100,0.226,Bloque,8791,887,2026-05-18,15,lundi,2026-05-18T15:12:25Z,principal,NA,Yopougon
AX_17,Clinique Fraternite (Bvd Fraternite),Yopougon,Plateau,5.349303,-4.021832,23.9,50,0.478,Congestionne,4855,463,2026-05-18,15,lundi,2026-05-18T15:12:26Z,principal,NA,Yopougon
AX_18,Carrefour Jatak (Route de Dabou),Yopougon,Plateau,5.321877,-4.1035450000000004,26.3,90,0.292,Bloque,18601,1612,2026-05-18,15,lundi,2026-05-18T15:12:28Z,principal,NA,Yopougon
AX_19,Lycee Bingerville (Route Bingerville),Bingerville,Cocody,5.357895,-3.890668,24.2,70,0.346,Congestionne,13218,1343,2026-05-18,15,lundi,2026-05-18T15:12:29Z,principal,NA,Bingerville
AX_20,Rond-point Marcory (Bvd de la Paix),Marcory,Plateau,5.303988,-4.003239,18.1,50,0.362,Congestionne,4123,514,2026-05-18,15,lundi,2026-05-18T15:12:30Z,principal,NA,Marcory
AX_01,Pont HKB (Henri Konan Bedie),Cocody/Marcory,Plateau,5.329775,-3.981814,15.7,80,0.196,Bloque,10854,1140,2026-05-18,16,lundi,2026-05-18T16:14:30Z,principal,NA,Cocody
AX_02,Pont De Gaulle,Plateau/Treichville,Plateau,5.317516,-4.016406,11,60,0.183,Bloque,1224,176,2026-05-18,16,lundi,2026-05-18T16:14:31Z,principal,NA,Plateau
AX_03,Pont Felix Houphouet-Boigny,Plateau/Treichville,Plateau,5.328028,-4.017425,14.3,60,0.238,Bloque,2414,269,2026-05-18,16,lundi,2026-05-18T16:14:32Z,principal,NA,Plateau
AX_04,Boulevard VGE (Giscard d Estaing),Plateau/Port-Bouet,Plateau,5.284092,-3.960922,16.4,100,0.164,Bloque,9720,944,2026-05-18,16,lundi,2026-05-18T16:14:34Z,principal,NA,Plateau
AX_05,5eme Pont acces Saint-Jean,Cocody/Plateau,Plateau,5.335149,-3.996117,16.9,80,0.211,Bloque,7035,685,2026-05-18,16,lundi,2026-05-18T16:14:35Z,principal,NA,Cocody
AX_06,Marche Bellville (Bvd Marseille),Treichville,Plateau,5.30587,-3.998069,14.3,50,0.286,Bloque,6069,653,2026-05-18,16,lundi,2026-05-18T16:14:36Z,principal,NA,Treichville
AX_07,Rond-point Treichville,Treichville,Plateau,5.307293,-4.011812,7,40,0.175,Bloque,2586,570,2026-05-18,16,lundi,2026-05-18T16:14:37Z,principal,NA,Treichville
AX_08,Gare Lagunaire Bvd Lagunaire,Plateau/Treichville,Plateau,5.312868,-4.010077,13.4,60,0.223,Bloque,3992,475,2026-05-18,16,lundi,2026-05-18T16:14:39Z,principal,NA,Plateau
AX_09,Carrefour de l Indenie (Adjame),Adjame,Plateau,5.341379,-4.020257,16.8,50,0.336,Congestionne,4314,408,2026-05-18,16,lundi,2026-05-18T16:14:40Z,principal,NA,Adjamé
AX_10,Adjame Mosquee (Bvd Nangui Abrogoua),Adjame,Plateau,5.354097,-4.026506,19.9,55,0.362,Congestionne,5369,429,2026-05-18,16,lundi,2026-05-18T16:14:41Z,principal,NA,Adjamé
AX_11,Echangeur de la Ferraille (Adjame),Adjame,Plateau,5.308686,-3.964053,11.7,50,0.234,Bloque,9501,1294,2026-05-18,16,lundi,2026-05-18T16:14:42Z,principal,NA,Adjamé
AX_12,Feux Autoroute Nord entree Adjame,Adjame,Plateau,5.299899,-3.998254,11.9,100,0.119,Bloque,4252,566,2026-05-18,16,lundi,2026-05-18T16:14:44Z,principal,NA,Adjamé
AX_13,Carrefour Universite (Cocody),Cocody,Cocody,5.334383,-3.938384,13.2,60,0.22,Bloque,8812,1103,2026-05-18,16,lundi,2026-05-18T16:14:45Z,principal,NA,Cocody
AX_14,2 Plateaux Vallon (Bvd Mitterrand),Cocody,Cocody,5.362127,-3.98962,8.2,60,0.137,Bloque,1354,271,2026-05-18,16,lundi,2026-05-18T16:14:46Z,principal,NA,Cocody
AX_15,Abobo Gare Mairie (Route Abobo),Abobo,Plateau,5.420996,-4.01901,24.4,90,0.271,Bloque,13296,917,2026-05-18,16,lundi,2026-05-18T16:14:47Z,principal,NA,Abobo
AX_16,Gare Yopougon Autoroute Yopougon,Yopougon,Plateau,5.369048,-3.999911,16.3,100,0.163,Bloque,8791,887,2026-05-18,16,lundi,2026-05-18T16:14:48Z,principal,NA,Yopougon
AX_17,Clinique Fraternite (Bvd Fraternite),Yopougon,Plateau,5.349303,-4.021832,17.3,50,0.346,Congestionne,4855,463,2026-05-18,16,lundi,2026-05-18T16:14:50Z,principal,NA,Yopougon
AX_18,Carrefour Jatak (Route de Dabou),Yopougon,Plateau,5.321877,-4.1035450000000004,19,90,0.211,Bloque,18601,1612,2026-05-18,16,lundi,2026-05-18T16:14:51Z,principal,NA,Yopougon
AX_19,Lycee Bingerville (Route Bingerville),Bingerville,Cocody,5.357895,-3.890668,17.5,70,0.25,Bloque,13218,1343,2026-05-18,16,lundi,2026-05-18T16:14:52Z,principal,NA,Bingerville
AX_20,Rond-point Marcory (Bvd de la Paix),Marcory,Plateau,5.303988,-4.003239,13.1,50,0.262,Bloque,4123,514,2026-05-18,16,lundi,2026-05-18T16:14:53Z,principal,NA,Marcory
AX_01,Pont HKB (Henri Konan Bedie),Cocody/Marcory,Plateau,5.329775,-3.981814,11.5,80,0.144,Bloque,10854,1140,2026-05-18,17,lundi,2026-05-18T17:17:48Z,principal,NA,Cocody
AX_02,Pont De Gaulle,Plateau/Treichville,Plateau,5.317516,-4.016406,8.1,60,0.135,Bloque,1224,176,2026-05-18,17,lundi,2026-05-18T17:17:49Z,principal,NA,Plateau
AX_03,Pont Felix Houphouet-Boigny,Plateau/Treichville,Plateau,5.328028,-4.017425,10.4,60,0.173,Bloque,2414,269,2026-05-18,17,lundi,2026-05-18T17:17:51Z,principal,NA,Plateau
AX_04,Boulevard VGE (Giscard d Estaing),Plateau/Port-Bouet,Plateau,5.284092,-3.960922,12,100,0.12,Bloque,9720,944,2026-05-18,17,lundi,2026-05-18T17:17:52Z,principal,NA,Plateau
AX_05,5eme Pont acces Saint-Jean,Cocody/Plateau,Plateau,5.335149,-3.996117,12.4,80,0.155,Bloque,7035,685,2026-05-18,17,lundi,2026-05-18T17:17:54Z,principal,NA,Cocody
AX_06,Marche Bellville (Bvd Marseille),Treichville,Plateau,5.30587,-3.998069,10.4,50,0.208,Bloque,6069,653,2026-05-18,17,lundi,2026-05-18T17:17:55Z,principal,NA,Treichville
AX_07,Rond-point Treichville,Treichville,Plateau,5.307293,-4.011812,5.1,40,0.128,Bloque,2586,570,2026-05-18,17,lundi,2026-05-18T17:17:56Z,principal,NA,Treichville
AX_08,Gare Lagunaire Bvd Lagunaire,Plateau/Treichville,Plateau,5.312868,-4.010077,9.8,60,0.163,Bloque,3992,475,2026-05-18,17,lundi,2026-05-18T17:17:58Z,principal,NA,Plateau
AX_09,Carrefour de l Indenie (Adjame),Adjame,Plateau,5.341379,-4.020257,12.3,50,0.246,Bloque,4314,408,2026-05-18,17,lundi,2026-05-18T17:17:59Z,principal,NA,Adjamé
AX_10,Adjame Mosquee (Bvd Nangui Abrogoua),Adjame,Plateau,5.354097,-4.026506,14.6,55,0.265,Bloque,5369,429,2026-05-18,17,lundi,2026-05-18T17:18:00Z,principal,NA,Adjamé
AX_11,Echangeur de la Ferraille (Adjame),Adjame,Plateau,5.308686,-3.964053,8.5,50,0.17,Bloque,9501,1294,2026-05-18,17,lundi,2026-05-18T17:18:02Z,principal,NA,Adjamé
AX_12,Feux Autoroute Nord entree Adjame,Adjame,Plateau,5.299899,-3.998254,8.7,100,0.087,Bloque,4252,566,2026-05-18,17,lundi,2026-05-18T17:18:03Z,principal,NA,Adjamé
AX_13,Carrefour Universite (Cocody),Cocody,Cocody,5.334383,-3.938384,9.6,60,0.16,Bloque,8812,1103,2026-05-18,17,lundi,2026-05-18T17:18:04Z,principal,NA,Cocody
AX_14,2 Plateaux Vallon (Bvd Mitterrand),Cocody,Cocody,5.362127,-3.98962,6,60,0.1,Bloque,1354,271,2026-05-18,17,lundi,2026-05-18T17:18:06Z,principal,NA,Cocody
AX_15,Abobo Gare Mairie (Route Abobo),Abobo,Plateau,5.420996,-4.01901,17.9,90,0.199,Bloque,13296,917,2026-05-18,17,lundi,2026-05-18T17:18:07Z,principal,NA,Abobo
AX_16,Gare Yopougon Autoroute Yopougon,Yopougon,Plateau,5.369048,-3.999911,11.9,100,0.119,Bloque,8791,887,2026-05-18,17,lundi,2026-05-18T17:18:08Z,principal,NA,Yopougon
AX_17,Clinique Fraternite (Bvd Fraternite),Yopougon,Plateau,5.349303,-4.021832,12.6,50,0.252,Bloque,4855,463,2026-05-18,17,lundi,2026-05-18T17:18:10Z,principal,NA,Yopougon
AX_18,Carrefour Jatak (Route de Dabou),Yopougon,Plateau,5.321877,-4.1035450000000004,13.9,90,0.154,Bloque,18601,1612,2026-05-18,17,lundi,2026-05-18T17:18:11Z,principal,NA,Yopougon
AX_19,Lycee Bingerville (Route Bingerville),Bingerville,Cocody,5.357895,-3.890668,12.8,70,0.183,Bloque,13218,1343,2026-05-18,17,lundi,2026-05-18T17:18:13Z,principal,NA,Bingerville
AX_20,Rond-point Marcory (Bvd de la Paix),Marcory,Plateau,5.303988,-4.003239,9.6,50,0.192,Bloque,4123,514,2026-05-18,17,lundi,2026-05-18T17:18:14Z,principal,NA,Marcory
AX_01,Pont HKB (Henri Konan Bedie),Cocody/Marcory,Plateau,5.329775,-3.981814,14.5,80,0.181,Bloque,10854,1140,2026-05-18,18,lundi,2026-05-18T18:20:29Z,principal,NA,Cocody
AX_02,Pont De Gaulle,Plateau/Treichville,Plateau,5.317516,-4.016406,10.2,60,0.17,Bloque,1224,176,2026-05-18,18,lundi,2026-05-18T18:20:31Z,principal,NA,Plateau
AX_03,Pont Felix Houphouet-Boigny,Plateau/Treichville,Plateau,5.328028,-4.017425,13.2,60,0.22,Bloque,2414,269,2026-05-18,18,lundi,2026-05-18T18:20:32Z,principal,NA,Plateau
AX_04,Boulevard VGE (Giscard d Estaing),Plateau/Port-Bouet,Plateau,5.284092,-3.960922,15.1,100,0.151,Bloque,9720,944,2026-05-18,18,lundi,2026-05-18T18:20:33Z,principal,NA,Plateau
AX_05,5eme Pont acces Saint-Jean,Cocody/Plateau,Plateau,5.335149,-3.996117,15.6,80,0.195,Bloque,7035,685,2026-05-18,18,lundi,2026-05-18T18:20:34Z,principal,NA,Cocody
AX_06,Marche Bellville (Bvd Marseille),Treichville,Plateau,5.30587,-3.998069,13.2,50,0.264,Bloque,6069,653,2026-05-18,18,lundi,2026-05-18T18:20:36Z,principal,NA,Treichville
AX_07,Rond-point Treichville,Treichville,Plateau,5.307293,-4.011812,6.4,40,0.16,Bloque,2586,570,2026-05-18,18,lundi,2026-05-18T18:20:37Z,principal,NA,Treichville
AX_08,Gare Lagunaire Bvd Lagunaire,Plateau/Treichville,Plateau,5.312868,-4.010077,12.4,60,0.207,Bloque,3992,475,2026-05-18,18,lundi,2026-05-18T18:20:38Z,principal,NA,Plateau
AX_09,Carrefour de l Indenie (Adjame),Adjame,Plateau,5.341379,-4.020257,15.5,50,0.31,Congestionne,4314,408,2026-05-18,18,lundi,2026-05-18T18:20:39Z,principal,NA,Adjamé
AX_10,Adjame Mosquee (Bvd Nangui Abrogoua),Adjame,Plateau,5.354097,-4.026506,18.4,55,0.335,Congestionne,5369,429,2026-05-18,18,lundi,2026-05-18T18:20:40Z,principal,NA,Adjamé
AX_11,Echangeur de la Ferraille (Adjame),Adjame,Plateau,5.308686,-3.964053,10.8,50,0.216,Bloque,9501,1294,2026-05-18,18,lundi,2026-05-18T18:20:42Z,principal,NA,Adjamé
AX_12,Feux Autoroute Nord entree Adjame,Adjame,Plateau,5.299899,-3.998254,11,100,0.11,Bloque,4252,566,2026-05-18,18,lundi,2026-05-18T18:20:43Z,principal,NA,Adjamé
AX_13,Carrefour Universite (Cocody),Cocody,Cocody,5.334383,-3.938384,12.2,60,0.203,Bloque,8812,1103,2026-05-18,18,lundi,2026-05-18T18:20:44Z,principal,NA,Cocody
AX_14,2 Plateaux Vallon (Bvd Mitterrand),Cocody,Cocody,5.362127,-3.98962,7.6,60,0.127,Bloque,1354,271,2026-05-18,18,lundi,2026-05-18T18:20:45Z,principal,NA,Cocody
AX_15,Abobo Gare Mairie (Route Abobo),Abobo,Plateau,5.420996,-4.01901,22.6,90,0.251,Bloque,13296,917,2026-05-18,18,lundi,2026-05-18T18:20:47Z,principal,NA,Abobo
AX_16,Gare Yopougon Autoroute Yopougon,Yopougon,Plateau,5.369048,-3.999911,15.1,100,0.151,Bloque,8791,887,2026-05-18,18,lundi,2026-05-18T18:20:48Z,principal,NA,Yopougon
AX_17,Clinique Fraternite (Bvd Fraternite),Yopougon,Plateau,5.349303,-4.021832,15.9,50,0.318,Congestionne,4855,463,2026-05-18,18,lundi,2026-05-18T18:20:49Z,principal,NA,Yopougon
AX_18,Carrefour Jatak (Route de Dabou),Yopougon,Plateau,5.321877,-4.1035450000000004,17.5,90,0.194,Bloque,18601,1612,2026-05-18,18,lundi,2026-05-18T18:20:50Z,principal,NA,Yopougon
AX_19,Lycee Bingerville (Route Bingerville),Bingerville,Cocody,5.357895,-3.890668,16.1,70,0.23,Bloque,13218,1343,2026-05-18,18,lundi,2026-05-18T18:20:52Z,principal,NA,Bingerville
AX_20,Rond-point Marcory (Bvd de la Paix),Marcory,Plateau,5.303988,-4.003239,12.1,50,0.242,Bloque,4123,514,2026-05-18,18,lundi,2026-05-18T18:20:53Z,principal,NA,Marcory
AX_01,Pont HKB (Henri Konan Bedie),Cocody/Marcory,Plateau,5.329775,-3.981814,18.7,80,0.234,Bloque,10854,1140,2026-05-18,19,lundi,2026-05-18T19:23:21Z,principal,NA,Cocody
AX_02,Pont De Gaulle,Plateau/Treichville,Plateau,5.317516,-4.016406,13.2,60,0.22,Bloque,1224,176,2026-05-18,19,lundi,2026-05-18T19:23:23Z,principal,NA,Plateau
AX_03,Pont Felix Houphouet-Boigny,Plateau/Treichville,Plateau,5.328028,-4.017425,17,60,0.283,Bloque,2414,269,2026-05-18,19,lundi,2026-05-18T19:23:24Z,principal,NA,Plateau
AX_04,Boulevard VGE (Giscard d Estaing),Plateau/Port-Bouet,Plateau,5.284092,-3.960922,19.6,100,0.196,Bloque,9720,944,2026-05-18,19,lundi,2026-05-18T19:23:25Z,principal,NA,Plateau
AX_05,5eme Pont acces Saint-Jean,Cocody/Plateau,Plateau,5.335149,-3.996117,20.2,80,0.252,Bloque,7035,685,2026-05-18,19,lundi,2026-05-18T19:23:26Z,principal,NA,Cocody
AX_06,Marche Bellville (Bvd Marseille),Treichville,Plateau,5.30587,-3.998069,17,50,0.34,Congestionne,6069,653,2026-05-18,19,lundi,2026-05-18T19:23:27Z,principal,NA,Treichville
AX_07,Rond-point Treichville,Treichville,Plateau,5.307293,-4.011812,8.3,40,0.208,Bloque,2586,570,2026-05-18,19,lundi,2026-05-18T19:23:29Z,principal,NA,Treichville
AX_08,Gare Lagunaire Bvd Lagunaire,Plateau/Treichville,Plateau,5.312868,-4.010077,16,60,0.267,Bloque,3992,475,2026-05-18,19,lundi,2026-05-18T19:23:30Z,principal,NA,Plateau
AX_09,Carrefour de l Indenie (Adjame),Adjame,Plateau,5.341379,-4.020257,20.1,50,0.402,Congestionne,4314,408,2026-05-18,19,lundi,2026-05-18T19:23:31Z,principal,NA,Adjamé
AX_10,Adjame Mosquee (Bvd Nangui Abrogoua),Adjame,Plateau,5.354097,-4.026506,23.8,55,0.433,Congestionne,5369,429,2026-05-18,19,lundi,2026-05-18T19:23:32Z,principal,NA,Adjamé
AX_11,Echangeur de la Ferraille (Adjame),Adjame,Plateau,5.308686,-3.964053,13.9,50,0.278,Bloque,9501,1294,2026-05-18,19,lundi,2026-05-18T19:23:33Z,principal,NA,Adjamé
AX_12,Feux Autoroute Nord entree Adjame,Adjame,Plateau,5.299899,-3.998254,14.2,100,0.142,Bloque,4252,566,2026-05-18,19,lundi,2026-05-18T19:23:35Z,principal,NA,Adjamé
AX_13,Carrefour Universite (Cocody),Cocody,Cocody,5.334383,-3.938384,15.7,60,0.262,Bloque,8812,1103,2026-05-18,19,lundi,2026-05-18T19:23:36Z,principal,NA,Cocody
AX_14,2 Plateaux Vallon (Bvd Mitterrand),Cocody,Cocody,5.362127,-3.98962,9.8,60,0.163,Bloque,1354,271,2026-05-18,19,lundi,2026-05-18T19:23:37Z,principal,NA,Cocody
AX_15,Abobo Gare Mairie (Route Abobo),Abobo,Plateau,5.420996,-4.01901,29.1,90,0.323,Congestionne,13296,917,2026-05-18,19,lundi,2026-05-18T19:23:38Z,principal,NA,Abobo
AX_16,Gare Yopougon Autoroute Yopougon,Yopougon,Plateau,5.369048,-3.999911,19.5,100,0.195,Bloque,8791,887,2026-05-18,19,lundi,2026-05-18T19:23:40Z,principal,NA,Yopougon
AX_17,Clinique Fraternite (Bvd Fraternite),Yopougon,Plateau,5.349303,-4.021832,20.6,50,0.412,Congestionne,4855,463,2026-05-18,19,lundi,2026-05-18T19:23:41Z,principal,NA,Yopougon
AX_18,Carrefour Jatak (Route de Dabou),Yopougon,Plateau,5.321877,-4.1035450000000004,22.6,90,0.251,Bloque,18601,1612,2026-05-18,19,lundi,2026-05-18T19:23:42Z,principal,NA,Yopougon
AX_19,Lycee Bingerville (Route Bingerville),Bingerville,Cocody,5.357895,-3.890668,20.9,70,0.299,Bloque,13218,1343,2026-05-18,19,lundi,2026-05-18T19:23:43Z,principal,NA,Bingerville
AX_20,Rond-point Marcory (Bvd de la Paix),Marcory,Plateau,5.303988,-4.003239,15.6,50,0.312,Congestionne,4123,514,2026-05-18,19,lundi,2026-05-18T19:23:44Z,principal,NA,Marcory
AX_01,Pont HKB (Henri Konan Bedie),Cocody/Marcory,Plateau,5.329775,-3.981814,23.5,80,0.294,Bloque,10854,1140,2026-05-18,20,lundi,2026-05-18T20:25:40Z,principal,NA,Cocody
AX_02,Pont De Gaulle,Plateau/Treichville,Plateau,5.317516,-4.016406,16.6,60,0.277,Bloque,1224,176,2026-05-18,20,lundi,2026-05-18T20:25:42Z,principal,NA,Plateau
AX_03,Pont Felix Houphouet-Boigny,Plateau/Treichville,Plateau,5.328028,-4.017425,21.4,60,0.357,Congestionne,2414,269,2026-05-18,20,lundi,2026-05-18T20:25:43Z,principal,NA,Plateau
AX_04,Boulevard VGE (Giscard d Estaing),Plateau/Port-Bouet,Plateau,5.284092,-3.960922,24.6,100,0.246,Bloque,9720,944,2026-05-18,20,lundi,2026-05-18T20:25:44Z,principal,NA,Plateau
AX_05,5eme Pont acces Saint-Jean,Cocody/Plateau,Plateau,5.335149,-3.996117,25.4,80,0.318,Congestionne,7035,685,2026-05-18,20,lundi,2026-05-18T20:25:45Z,principal,NA,Cocody
AX_06,Marche Bellville (Bvd Marseille),Treichville,Plateau,5.30587,-3.998069,21.4,50,0.428,Congestionne,6069,653,2026-05-18,20,lundi,2026-05-18T20:25:47Z,principal,NA,Treichville
AX_07,Rond-point Treichville,Treichville,Plateau,5.307293,-4.011812,10.4,40,0.26,Bloque,2586,570,2026-05-18,20,lundi,2026-05-18T20:25:48Z,principal,NA,Treichville
AX_08,Gare Lagunaire Bvd Lagunaire,Plateau/Treichville,Plateau,5.312868,-4.010077,20.1,60,0.335,Congestionne,3992,475,2026-05-18,20,lundi,2026-05-18T20:25:49Z,principal,NA,Plateau
AX_09,Carrefour de l Indenie (Adjame),Adjame,Plateau,5.341379,-4.020257,25.3,50,0.506,Modere,4314,408,2026-05-18,20,lundi,2026-05-18T20:25:50Z,principal,NA,Adjamé
AX_10,Adjame Mosquee (Bvd Nangui Abrogoua),Adjame,Plateau,5.354097,-4.026506,29.9,55,0.544,Modere,5369,429,2026-05-18,20,lundi,2026-05-18T20:25:51Z,principal,NA,Adjamé
AX_11,Echangeur de la Ferraille (Adjame),Adjame,Plateau,5.308686,-3.964053,17.5,50,0.35,Congestionne,9501,1294,2026-05-18,20,lundi,2026-05-18T20:25:53Z,principal,NA,Adjamé
AX_12,Feux Autoroute Nord entree Adjame,Adjame,Plateau,5.299899,-3.998254,17.9,100,0.179,Bloque,4252,566,2026-05-18,20,lundi,2026-05-18T20:25:54Z,principal,NA,Adjamé
AX_13,Carrefour Universite (Cocody),Cocody,Cocody,5.334383,-3.938384,19.8,60,0.33,Congestionne,8812,1103,2026-05-18,20,lundi,2026-05-18T20:25:55Z,principal,NA,Cocody
AX_14,2 Plateaux Vallon (Bvd Mitterrand),Cocody,Cocody,5.362127,-3.98962,12.4,60,0.207,Bloque,1354,271,2026-05-18,20,lundi,2026-05-18T20:25:56Z,principal,NA,Cocody
AX_15,Abobo Gare Mairie (Route Abobo),Abobo,Plateau,5.420996,-4.01901,36.6,90,0.407,Congestionne,13296,917,2026-05-18,20,lundi,2026-05-18T20:25:58Z,principal,NA,Abobo
AX_16,Gare Yopougon Autoroute Yopougon,Yopougon,Plateau,5.369048,-3.999911,24.5,100,0.245,Bloque,8791,887,2026-05-18,20,lundi,2026-05-18T20:25:59Z,principal,NA,Yopougon
AX_17,Clinique Fraternite (Bvd Fraternite),Yopougon,Plateau,5.349303,-4.021832,25.9,50,0.518,Modere,4855,463,2026-05-18,20,lundi,2026-05-18T20:26:00Z,principal,NA,Yopougon
AX_18,Carrefour Jatak (Route de Dabou),Yopougon,Plateau,5.321877,-4.1035450000000004,28.5,90,0.317,Congestionne,18601,1612,2026-05-18,20,lundi,2026-05-18T20:26:01Z,principal,NA,Yopougon
AX_19,Lycee Bingerville (Route Bingerville),Bingerville,Cocody,5.357895,-3.890668,26.2,70,0.374,Congestionne,13218,1343,2026-05-18,20,lundi,2026-05-18T20:26:02Z,principal,NA,Bingerville
AX_20,Rond-point Marcory (Bvd de la Paix),Marcory,Plateau,5.303988,-4.003239,19.6,50,0.392,Congestionne,4123,514,2026-05-18,20,lundi,2026-05-18T20:26:04Z,principal,NA,Marcory
AX_01,Pont HKB (Henri Konan Bedie),Cocody/Marcory,Plateau,5.329775,-3.981814,26.6,80,0.332,Congestionne,10854,1140,2026-05-18,21,lundi,2026-05-18T21:28:00Z,principal,NA,Cocody
AX_02,Pont De Gaulle,Plateau/Treichville,Plateau,5.317516,-4.016406,18.7,60,0.312,Congestionne,1224,176,2026-05-18,21,lundi,2026-05-18T21:28:01Z,principal,NA,Plateau
AX_03,Pont Felix Houphouet-Boigny,Plateau/Treichville,Plateau,5.328028,-4.017425,24.2,60,0.403,Congestionne,2414,269,2026-05-18,21,lundi,2026-05-18T21:28:03Z,principal,NA,Plateau
AX_04,Boulevard VGE (Giscard d Estaing),Plateau/Port-Bouet,Plateau,5.284092,-3.960922,27.8,100,0.278,Bloque,9720,944,2026-05-18,21,lundi,2026-05-18T21:28:04Z,principal,NA,Plateau
AX_05,5eme Pont acces Saint-Jean,Cocody/Plateau,Plateau,5.335149,-3.996117,28.7,80,0.359,Congestionne,7035,685,2026-05-18,21,lundi,2026-05-18T21:28:05Z,principal,NA,Cocody
AX_06,Marche Bellville (Bvd Marseille),Treichville,Plateau,5.30587,-3.998069,24.2,50,0.484,Congestionne,6069,653,2026-05-18,21,lundi,2026-05-18T21:28:06Z,principal,NA,Treichville
AX_07,Rond-point Treichville,Treichville,Plateau,5.307293,-4.011812,11.8,40,0.295,Bloque,2586,570,2026-05-18,21,lundi,2026-05-18T21:28:07Z,principal,NA,Treichville
AX_08,Gare Lagunaire Bvd Lagunaire,Plateau/Treichville,Plateau,5.312868,-4.010077,22.7,60,0.378,Congestionne,3992,475,2026-05-18,21,lundi,2026-05-18T21:28:09Z,principal,NA,Plateau
AX_09,Carrefour de l Indenie (Adjame),Adjame,Plateau,5.341379,-4.020257,28.5,50,0.57,Modere,4314,408,2026-05-18,21,lundi,2026-05-18T21:28:10Z,principal,NA,Adjamé
AX_10,Adjame Mosquee (Bvd Nangui Abrogoua),Adjame,Plateau,5.354097,-4.026506,33.7,55,0.613,Modere,5369,429,2026-05-18,21,lundi,2026-05-18T21:28:11Z,principal,NA,Adjamé
AX_11,Echangeur de la Ferraille (Adjame),Adjame,Plateau,5.308686,-3.964053,19.7,50,0.394,Congestionne,9501,1294,2026-05-18,21,lundi,2026-05-18T21:28:12Z,principal,NA,Adjamé
AX_12,Feux Autoroute Nord entree Adjame,Adjame,Plateau,5.299899,-3.998254,20.2,100,0.202,Bloque,4252,566,2026-05-18,21,lundi,2026-05-18T21:28:13Z,principal,NA,Adjamé
AX_13,Carrefour Universite (Cocody),Cocody,Cocody,5.334383,-3.938384,22.3,60,0.372,Congestionne,8812,1103,2026-05-18,21,lundi,2026-05-18T21:28:15Z,principal,NA,Cocody
AX_14,2 Plateaux Vallon (Bvd Mitterrand),Cocody,Cocody,5.362127,-3.98962,13.9,60,0.232,Bloque,1354,271,2026-05-18,21,lundi,2026-05-18T21:28:16Z,principal,NA,Cocody
AX_15,Abobo Gare Mairie (Route Abobo),Abobo,Plateau,5.420996,-4.01901,41.3,90,0.459,Congestionne,13296,917,2026-05-18,21,lundi,2026-05-18T21:28:17Z,principal,NA,Abobo
AX_16,Gare Yopougon Autoroute Yopougon,Yopougon,Plateau,5.369048,-3.999911,27.6,100,0.276,Bloque,8791,887,2026-05-18,21,lundi,2026-05-18T21:28:18Z,principal,NA,Yopougon
AX_17,Clinique Fraternite (Bvd Fraternite),Yopougon,Plateau,5.349303,-4.021832,29.2,50,0.584,Modere,4855,463,2026-05-18,21,lundi,2026-05-18T21:28:20Z,principal,NA,Yopougon
AX_18,Carrefour Jatak (Route de Dabou),Yopougon,Plateau,5.321877,-4.1035450000000004,32.1,90,0.357,Congestionne,18601,1612,2026-05-18,21,lundi,2026-05-18T21:28:21Z,principal,NA,Yopougon
AX_19,Lycee Bingerville (Route Bingerville),Bingerville,Cocody,5.357895,-3.890668,29.6,70,0.423,Congestionne,13218,1343,2026-05-18,21,lundi,2026-05-18T21:28:22Z,principal,NA,Bingerville
AX_20,Rond-point Marcory (Bvd de la Paix),Marcory,Plateau,5.303988,-4.003239,22.1,50,0.442,Congestionne,4123,514,2026-05-18,21,lundi,2026-05-18T21:28:23Z,principal,NA,Marcory
AX_01,Pont HKB (Henri Konan Bedie),Cocody/Marcory,Plateau,5.329775,-3.981814,28.4,80,0.355,Congestionne,10854,1140,2026-05-18,22,lundi,2026-05-18T22:30:30Z,principal,NA,Cocody
AX_02,Pont De Gaulle,Plateau/Treichville,Plateau,5.317516,-4.016406,20,60,0.333,Congestionne,1224,176,2026-05-18,22,lundi,2026-05-18T22:30:31Z,principal,NA,Plateau
AX_03,Pont Felix Houphouet-Boigny,Plateau/Treichville,Plateau,5.328028,-4.017425,25.8,60,0.43,Congestionne,2414,269,2026-05-18,22,lundi,2026-05-18T22:30:32Z,principal,NA,Plateau
AX_04,Boulevard VGE (Giscard d Estaing),Plateau/Port-Bouet,Plateau,5.284092,-3.960922,29.6,100,0.296,Bloque,9720,944,2026-05-18,22,lundi,2026-05-18T22:30:33Z,principal,NA,Plateau
AX_05,5eme Pont acces Saint-Jean,Cocody/Plateau,Plateau,5.335149,-3.996117,30.6,80,0.382,Congestionne,7035,685,2026-05-18,22,lundi,2026-05-18T22:30:34Z,principal,NA,Cocody
AX_06,Marche Bellville (Bvd Marseille),Treichville,Plateau,5.30587,-3.998069,25.8,50,0.516,Modere,6069,653,2026-05-18,22,lundi,2026-05-18T22:30:36Z,principal,NA,Treichville
AX_07,Rond-point Treichville,Treichville,Plateau,5.307293,-4.011812,12.6,40,0.315,Congestionne,2586,570,2026-05-18,22,lundi,2026-05-18T22:30:37Z,principal,NA,Treichville
AX_08,Gare Lagunaire Bvd Lagunaire,Plateau/Treichville,Plateau,5.312868,-4.010077,24.2,60,0.403,Congestionne,3992,475,2026-05-18,22,lundi,2026-05-18T22:30:38Z,principal,NA,Plateau
AX_09,Carrefour de l Indenie (Adjame),Adjame,Plateau,5.341379,-4.020257,30.4,50,0.608,Modere,4314,408,2026-05-18,22,lundi,2026-05-18T22:30:39Z,principal,NA,Adjamé
AX_10,Adjame Mosquee (Bvd Nangui Abrogoua),Adjame,Plateau,5.354097,-4.026506,36,55,0.655,Modere,5369,429,2026-05-18,22,lundi,2026-05-18T22:30:41Z,principal,NA,Adjamé
AX_11,Echangeur de la Ferraille (Adjame),Adjame,Plateau,5.308686,-3.964053,21.1,50,0.422,Congestionne,9501,1294,2026-05-18,22,lundi,2026-05-18T22:30:42Z,principal,NA,Adjamé
AX_12,Feux Autoroute Nord entree Adjame,Adjame,Plateau,5.299899,-3.998254,21.6,100,0.216,Bloque,4252,566,2026-05-18,22,lundi,2026-05-18T22:30:43Z,principal,NA,Adjamé
AX_13,Carrefour Universite (Cocody),Cocody,Cocody,5.334383,-3.938384,23.8,60,0.397,Congestionne,8812,1103,2026-05-18,22,lundi,2026-05-18T22:30:44Z,principal,NA,Cocody
AX_14,2 Plateaux Vallon (Bvd Mitterrand),Cocody,Cocody,5.362127,-3.98962,14.9,60,0.248,Bloque,1354,271,2026-05-18,22,lundi,2026-05-18T22:30:45Z,principal,NA,Cocody
AX_15,Abobo Gare Mairie (Route Abobo),Abobo,Plateau,5.420996,-4.01901,44.2,90,0.491,Congestionne,13296,917,2026-05-18,22,lundi,2026-05-18T22:30:47Z,principal,NA,Abobo
AX_16,Gare Yopougon Autoroute Yopougon,Yopougon,Plateau,5.369048,-3.999911,29.5,100,0.295,Bloque,8791,887,2026-05-18,22,lundi,2026-05-18T22:30:48Z,principal,NA,Yopougon
AX_17,Clinique Fraternite (Bvd Fraternite),Yopougon,Plateau,5.349303,-4.021832,31.2,50,0.624,Modere,4855,463,2026-05-18,22,lundi,2026-05-18T22:30:49Z,principal,NA,Yopougon
AX_18,Carrefour Jatak (Route de Dabou),Yopougon,Plateau,5.321877,-4.1035450000000004,34.3,90,0.381,Congestionne,18601,1612,2026-05-18,22,lundi,2026-05-18T22:30:50Z,principal,NA,Yopougon
AX_19,Lycee Bingerville (Route Bingerville),Bingerville,Cocody,5.357895,-3.890668,31.6,70,0.451,Congestionne,13218,1343,2026-05-18,22,lundi,2026-05-18T22:30:51Z,principal,NA,Bingerville
AX_20,Rond-point Marcory (Bvd de la Paix),Marcory,Plateau,5.303988,-4.003239,23.6,50,0.472,Congestionne,4123,514,2026-05-18,22,lundi,2026-05-18T22:30:53Z,principal,NA,Marcory
AX_01,Pont HKB (Henri Konan Bedie),Cocody/Marcory,Plateau,5.329775,-3.981814,29.6,80,0.37,Congestionne,10854,1140,2026-05-18,23,lundi,2026-05-18T23:01:38Z,principal,NA,Cocody
AX_02,Pont De Gaulle,Plateau/Treichville,Plateau,5.317516,-4.016406,20.8,60,0.347,Congestionne,1224,176,2026-05-18,23,lundi,2026-05-18T23:01:40Z,principal,NA,Plateau
AX_03,Pont Felix Houphouet-Boigny,Plateau/Treichville,Plateau,5.328028,-4.017425,26.9,60,0.448,Congestionne,2414,269,2026-05-18,23,lundi,2026-05-18T23:01:41Z,principal,NA,Plateau
AX_04,Boulevard VGE (Giscard d Estaing),Plateau/Port-Bouet,Plateau,5.284092,-3.960922,30.9,100,0.309,Congestionne,9720,944,2026-05-18,23,lundi,2026-05-18T23:01:42Z,principal,NA,Plateau
AX_05,5eme Pont acces Saint-Jean,Cocody/Plateau,Plateau,5.335149,-3.996117,31.9,80,0.399,Congestionne,7035,685,2026-05-18,23,lundi,2026-05-18T23:01:43Z,principal,NA,Cocody
AX_06,Marche Bellville (Bvd Marseille),Treichville,Plateau,5.30587,-3.998069,26.9,50,0.538,Modere,6069,653,2026-05-18,23,lundi,2026-05-18T23:01:45Z,principal,NA,Treichville
AX_07,Rond-point Treichville,Treichville,Plateau,5.307293,-4.011812,13.1,40,0.328,Congestionne,2586,570,2026-05-18,23,lundi,2026-05-18T23:01:46Z,principal,NA,Treichville
AX_08,Gare Lagunaire Bvd Lagunaire,Plateau/Treichville,Plateau,5.312868,-4.010077,25.2,60,0.42,Congestionne,3992,475,2026-05-18,23,lundi,2026-05-18T23:01:47Z,principal,NA,Plateau
AX_09,Carrefour de l Indenie (Adjame),Adjame,Plateau,5.341379,-4.020257,31.7,50,0.634,Modere,4314,408,2026-05-18,23,lundi,2026-05-18T23:01:48Z,principal,NA,Adjamé
AX_10,Adjame Mosquee (Bvd Nangui Abrogoua),Adjame,Plateau,5.354097,-4.026506,37.6,55,0.684,Modere,5369,429,2026-05-18,23,lundi,2026-05-18T23:01:49Z,principal,NA,Adjamé
AX_11,Echangeur de la Ferraille (Adjame),Adjame,Plateau,5.308686,-3.964053,22,50,0.44,Congestionne,9501,1294,2026-05-18,23,lundi,2026-05-18T23:01:51Z,principal,NA,Adjamé
AX_12,Feux Autoroute Nord entree Adjame,Adjame,Plateau,5.299899,-3.998254,22.5,100,0.225,Bloque,4252,566,2026-05-18,23,lundi,2026-05-18T23:01:52Z,principal,NA,Adjamé
AX_13,Carrefour Universite (Cocody),Cocody,Cocody,5.334383,-3.938384,24.8,60,0.413,Congestionne,8812,1103,2026-05-18,23,lundi,2026-05-18T23:01:53Z,principal,NA,Cocody
AX_14,2 Plateaux Vallon (Bvd Mitterrand),Cocody,Cocody,5.362127,-3.98962,15.5,60,0.258,Bloque,1354,271,2026-05-18,23,lundi,2026-05-18T23:01:54Z,principal,NA,Cocody
AX_15,Abobo Gare Mairie (Route Abobo),Abobo,Plateau,5.420996,-4.01901,46,90,0.511,Modere,13296,917,2026-05-18,23,lundi,2026-05-18T23:01:55Z,principal,NA,Abobo
AX_16,Gare Yopougon Autoroute Yopougon,Yopougon,Plateau,5.369048,-3.999911,30.8,100,0.308,Congestionne,8791,887,2026-05-18,23,lundi,2026-05-18T23:01:57Z,principal,NA,Yopougon
AX_17,Clinique Fraternite (Bvd Fraternite),Yopougon,Plateau,5.349303,-4.021832,32.5,50,0.65,Modere,4855,463,2026-05-18,23,lundi,2026-05-18T23:01:58Z,principal,NA,Yopougon
AX_18,Carrefour Jatak (Route de Dabou),Yopougon,Plateau,5.321877,-4.1035450000000004,35.8,90,0.398,Congestionne,18601,1612,2026-05-18,23,lundi,2026-05-18T23:01:59Z,principal,NA,Yopougon
AX_19,Lycee Bingerville (Route Bingerville),Bingerville,Cocody,5.357895,-3.890668,33,70,0.471,Congestionne,13218,1343,2026-05-18,23,lundi,2026-05-18T23:02:00Z,principal,NA,Bingerville
AX_20,Rond-point Marcory (Bvd de la Paix),Marcory,Plateau,5.303988,-4.003239,24.6,50,0.492,Congestionne,4123,514,2026-05-18,23,lundi,2026-05-18T23:02:01Z,principal,NA,Marcory
AX_01,Pont HKB (Henri Konan Bedie),Cocody/Marcory,Plateau,5.329775,-3.981814,30.2,80,0.378,Congestionne,10854,1140,2026-05-19,0,mardi,2026-05-19T00:04:01Z,principal,NA,Cocody
AX_02,Pont De Gaulle,Plateau/Treichville,Plateau,5.317516,-4.016406,21.2,60,0.353,Congestionne,1224,176,2026-05-19,0,mardi,2026-05-19T00:04:02Z,principal,NA,Plateau
AX_03,Pont Felix Houphouet-Boigny,Plateau/Treichville,Plateau,5.328028,-4.017425,27.5,60,0.458,Congestionne,2414,269,2026-05-19,0,mardi,2026-05-19T00:04:03Z,principal,NA,Plateau
AX_04,Boulevard VGE (Giscard d Estaing),Plateau/Port-Bouet,Plateau,5.284092,-3.960922,31.5,100,0.315,Congestionne,9720,944,2026-05-19,0,mardi,2026-05-19T00:04:04Z,principal,NA,Plateau
AX_05,5eme Pont acces Saint-Jean,Cocody/Plateau,Plateau,5.335149,-3.996117,32.6,80,0.408,Congestionne,7035,685,2026-05-19,0,mardi,2026-05-19T00:04:06Z,principal,NA,Cocody
AX_06,Marche Bellville (Bvd Marseille),Treichville,Plateau,5.30587,-3.998069,27.5,50,0.55,Modere,6069,653,2026-05-19,0,mardi,2026-05-19T00:04:07Z,principal,NA,Treichville
AX_07,Rond-point Treichville,Treichville,Plateau,5.307293,-4.011812,13.4,40,0.335,Congestionne,2586,570,2026-05-19,0,mardi,2026-05-19T00:04:08Z,principal,NA,Treichville
AX_08,Gare Lagunaire Bvd Lagunaire,Plateau/Treichville,Plateau,5.312868,-4.010077,25.8,60,0.43,Congestionne,3992,475,2026-05-19,0,mardi,2026-05-19T00:04:09Z,principal,NA,Plateau
AX_09,Carrefour de l Indenie (Adjame),Adjame,Plateau,5.341379,-4.020257,32.4,50,0.648,Modere,4314,408,2026-05-19,0,mardi,2026-05-19T00:04:11Z,principal,NA,Adjamé
AX_10,Adjame Mosquee (Bvd Nangui Abrogoua),Adjame,Plateau,5.354097,-4.026506,38.3,55,0.696,Modere,5369,429,2026-05-19,0,mardi,2026-05-19T00:04:12Z,principal,NA,Adjamé
AX_11,Echangeur de la Ferraille (Adjame),Adjame,Plateau,5.308686,-3.964053,22.4,50,0.448,Congestionne,9501,1294,2026-05-19,0,mardi,2026-05-19T00:04:13Z,principal,NA,Adjamé
AX_12,Feux Autoroute Nord entree Adjame,Adjame,Plateau,5.299899,-3.998254,23,100,0.23,Bloque,4252,566,2026-05-19,0,mardi,2026-05-19T00:04:14Z,principal,NA,Adjamé
AX_13,Carrefour Universite (Cocody),Cocody,Cocody,5.334383,-3.938384,25.3,60,0.422,Congestionne,8812,1103,2026-05-19,0,mardi,2026-05-19T00:04:15Z,principal,NA,Cocody
AX_14,2 Plateaux Vallon (Bvd Mitterrand),Cocody,Cocody,5.362127,-3.98962,15.8,60,0.263,Bloque,1354,271,2026-05-19,0,mardi,2026-05-19T00:04:17Z,principal,NA,Cocody
AX_15,Abobo Gare Mairie (Route Abobo),Abobo,Plateau,5.420996,-4.01901,47,90,0.522,Modere,13296,917,2026-05-19,0,mardi,2026-05-19T00:04:18Z,principal,NA,Abobo
AX_16,Gare Yopougon Autoroute Yopougon,Yopougon,Plateau,5.369048,-3.999911,31.4,100,0.314,Congestionne,8791,887,2026-05-19,0,mardi,2026-05-19T00:04:19Z,principal,NA,Yopougon
AX_17,Clinique Fraternite (Bvd Fraternite),Yopougon,Plateau,5.349303,-4.021832,33.2,50,0.664,Modere,4855,463,2026-05-19,0,mardi,2026-05-19T00:04:20Z,principal,NA,Yopougon
AX_18,Carrefour Jatak (Route de Dabou),Yopougon,Plateau,5.321877,-4.1035450000000004,36.5,90,0.406,Congestionne,18601,1612,2026-05-19,0,mardi,2026-05-19T00:04:22Z,principal,NA,Yopougon
AX_19,Lycee Bingerville (Route Bingerville),Bingerville,Cocody,5.357895,-3.890668,33.6,70,0.48,Congestionne,13218,1343,2026-05-19,0,mardi,2026-05-19T00:04:23Z,principal,NA,Bingerville
AX_20,Rond-point Marcory (Bvd de la Paix),Marcory,Plateau,5.303988,-4.003239,25.1,50,0.502,Modere,4123,514,2026-05-19,0,mardi,2026-05-19T00:04:24Z,principal,NA,Marcory
AX_01,Pont HKB (Henri Konan Bedie),Cocody/Marcory,Plateau,5.329775,-3.981814,30.2,80,0.378,Congestionne,10854,1140,2026-05-19,1,mardi,2026-05-19T01:06:34Z,principal,NA,Cocody
AX_02,Pont De Gaulle,Plateau/Treichville,Plateau,5.317516,-4.016406,21.2,60,0.353,Congestionne,1224,176,2026-05-19,1,mardi,2026-05-19T01:06:36Z,principal,NA,Plateau
AX_03,Pont Felix Houphouet-Boigny,Plateau/Treichville,Plateau,5.328028,-4.017425,27.5,60,0.458,Congestionne,2414,269,2026-05-19,1,mardi,2026-05-19T01:06:37Z,principal,NA,Plateau
AX_04,Boulevard VGE (Giscard d Estaing),Plateau/Port-Bouet,Plateau,5.284092,-3.960922,31.5,100,0.315,Congestionne,9720,944,2026-05-19,1,mardi,2026-05-19T01:06:38Z,principal,NA,Plateau
AX_05,5eme Pont acces Saint-Jean,Cocody/Plateau,Plateau,5.335149,-3.996117,32.6,80,0.408,Congestionne,7035,685,2026-05-19,1,mardi,2026-05-19T01:06:39Z,principal,NA,Cocody
AX_06,Marche Bellville (Bvd Marseille),Treichville,Plateau,5.30587,-3.998069,27.5,50,0.55,Modere,6069,653,2026-05-19,1,mardi,2026-05-19T01:06:40Z,principal,NA,Treichville
AX_07,Rond-point Treichville,Treichville,Plateau,5.307293,-4.011812,13.4,40,0.335,Congestionne,2586,570,2026-05-19,1,mardi,2026-05-19T01:06:42Z,principal,NA,Treichville
AX_08,Gare Lagunaire Bvd Lagunaire,Plateau/Treichville,Plateau,5.312868,-4.010077,25.8,60,0.43,Congestionne,3992,475,2026-05-19,1,mardi,2026-05-19T01:06:43Z,principal,NA,Plateau
AX_09,Carrefour de l Indenie (Adjame),Adjame,Plateau,5.341379,-4.020257,32.4,50,0.648,Modere,4314,408,2026-05-19,1,mardi,2026-05-19T01:06:44Z,principal,NA,Adjamé
AX_10,Adjame Mosquee (Bvd Nangui Abrogoua),Adjame,Plateau,5.354097,-4.026506,38.3,55,0.696,Modere,5369,429,2026-05-19,1,mardi,2026-05-19T01:06:45Z,principal,NA,Adjamé
AX_11,Echangeur de la Ferraille (Adjame),Adjame,Plateau,5.308686,-3.964053,22.4,50,0.448,Congestionne,9501,1294,2026-05-19,1,mardi,2026-05-19T01:06:47Z,principal,NA,Adjamé
AX_12,Feux Autoroute Nord entree Adjame,Adjame,Plateau,5.299899,-3.998254,23,100,0.23,Bloque,4252,566,2026-05-19,1,mardi,2026-05-19T01:06:48Z,principal,NA,Adjamé
AX_13,Carrefour Universite (Cocody),Cocody,Cocody,5.334383,-3.938384,25.3,60,0.422,Congestionne,8812,1103,2026-05-19,1,mardi,2026-05-19T01:06:49Z,principal,NA,Cocody
AX_14,2 Plateaux Vallon (Bvd Mitterrand),Cocody,Cocody,5.362127,-3.98962,15.8,60,0.263,Bloque,1354,271,2026-05-19,1,mardi,2026-05-19T01:06:50Z,principal,NA,Cocody
AX_15,Abobo Gare Mairie (Route Abobo),Abobo,Plateau,5.420996,-4.01901,47,90,0.522,Modere,13296,917,2026-05-19,1,mardi,2026-05-19T01:06:51Z,principal,NA,Abobo
AX_16,Gare Yopougon Autoroute Yopougon,Yopougon,Plateau,5.369048,-3.999911,31.4,100,0.314,Congestionne,8791,887,2026-05-19,1,mardi,2026-05-19T01:06:53Z,principal,NA,Yopougon
AX_17,Clinique Fraternite (Bvd Fraternite),Yopougon,Plateau,5.349303,-4.021832,33.2,50,0.664,Modere,4855,463,2026-05-19,1,mardi,2026-05-19T01:06:54Z,principal,NA,Yopougon
AX_18,Carrefour Jatak (Route de Dabou),Yopougon,Plateau,5.321877,-4.1035450000000004,36.5,90,0.406,Congestionne,18601,1612,2026-05-19,1,mardi,2026-05-19T01:06:55Z,principal,NA,Yopougon
AX_19,Lycee Bingerville (Route Bingerville),Bingerville,Cocody,5.357895,-3.890668,33.6,70,0.48,Congestionne,13218,1343,2026-05-19,1,mardi,2026-05-19T01:06:56Z,principal,NA,Bingerville
AX_20,Rond-point Marcory (Bvd de la Paix),Marcory,Plateau,5.303988,-4.003239,25.1,50,0.502,Modere,4123,514,2026-05-19,1,mardi,2026-05-19T01:06:57Z,principal,NA,Marcory
AX_01,Pont HKB (Henri Konan Bedie),Cocody/Marcory,Plateau,5.329775,-3.981814,30.2,80,0.378,Congestionne,10854,1140,2026-05-19,2,mardi,2026-05-19T02:09:07Z,principal,NA,Cocody
AX_02,Pont De Gaulle,Plateau/Treichville,Plateau,5.317516,-4.016406,21.2,60,0.353,Congestionne,1224,176,2026-05-19,2,mardi,2026-05-19T02:09:09Z,principal,NA,Plateau
AX_03,Pont Felix Houphouet-Boigny,Plateau/Treichville,Plateau,5.328028,-4.017425,27.5,60,0.458,Congestionne,2414,269,2026-05-19,2,mardi,2026-05-19T02:09:10Z,principal,NA,Plateau
AX_04,Boulevard VGE (Giscard d Estaing),Plateau/Port-Bouet,Plateau,5.284092,-3.960922,31.5,100,0.315,Congestionne,9720,944,2026-05-19,2,mardi,2026-05-19T02:09:11Z,principal,NA,Plateau
AX_05,5eme Pont acces Saint-Jean,Cocody/Plateau,Plateau,5.335149,-3.996117,32.6,80,0.408,Congestionne,7035,685,2026-05-19,2,mardi,2026-05-19T02:09:12Z,principal,NA,Cocody
AX_06,Marche Bellville (Bvd Marseille),Treichville,Plateau,5.30587,-3.998069,27.5,50,0.55,Modere,6069,653,2026-05-19,2,mardi,2026-05-19T02:09:13Z,principal,NA,Treichville
AX_07,Rond-point Treichville,Treichville,Plateau,5.307293,-4.011812,13.4,40,0.335,Congestionne,2586,570,2026-05-19,2,mardi,2026-05-19T02:09:15Z,principal,NA,Treichville
AX_08,Gare Lagunaire Bvd Lagunaire,Plateau/Treichville,Plateau,5.312868,-4.010077,25.8,60,0.43,Congestionne,3992,475,2026-05-19,2,mardi,2026-05-19T02:09:16Z,principal,NA,Plateau
AX_09,Carrefour de l Indenie (Adjame),Adjame,Plateau,5.341379,-4.020257,32.4,50,0.648,Modere,4314,408,2026-05-19,2,mardi,2026-05-19T02:09:17Z,principal,NA,Adjamé
AX_10,Adjame Mosquee (Bvd Nangui Abrogoua),Adjame,Plateau,5.354097,-4.026506,38.3,55,0.696,Modere,5369,429,2026-05-19,2,mardi,2026-05-19T02:09:18Z,principal,NA,Adjamé
AX_11,Echangeur de la Ferraille (Adjame),Adjame,Plateau,5.308686,-3.964053,22.4,50,0.448,Congestionne,9501,1294,2026-05-19,2,mardi,2026-05-19T02:09:20Z,principal,NA,Adjamé
AX_12,Feux Autoroute Nord entree Adjame,Adjame,Plateau,5.299899,-3.998254,23,100,0.23,Bloque,4252,566,2026-05-19,2,mardi,2026-05-19T02:09:21Z,principal,NA,Adjamé
AX_13,Carrefour Universite (Cocody),Cocody,Cocody,5.334383,-3.938384,25.3,60,0.422,Congestionne,8812,1103,2026-05-19,2,mardi,2026-05-19T02:09:22Z,principal,NA,Cocody
AX_14,2 Plateaux Vallon (Bvd Mitterrand),Cocody,Cocody,5.362127,-3.98962,15.8,60,0.263,Bloque,1354,271,2026-05-19,2,mardi,2026-05-19T02:09:23Z,principal,NA,Cocody
AX_15,Abobo Gare Mairie (Route Abobo),Abobo,Plateau,5.420996,-4.01901,47,90,0.522,Modere,13296,917,2026-05-19,2,mardi,2026-05-19T02:09:24Z,principal,NA,Abobo
AX_16,Gare Yopougon Autoroute Yopougon,Yopougon,Plateau,5.369048,-3.999911,31.4,100,0.314,Congestionne,8791,887,2026-05-19,2,mardi,2026-05-19T02:09:26Z,principal,NA,Yopougon
AX_17,Clinique Fraternite (Bvd Fraternite),Yopougon,Plateau,5.349303,-4.021832,33.2,50,0.664,Modere,4855,463,2026-05-19,2,mardi,2026-05-19T02:09:27Z,principal,NA,Yopougon
AX_18,Carrefour Jatak (Route de Dabou),Yopougon,Plateau,5.321877,-4.1035450000000004,36.5,90,0.406,Congestionne,18601,1612,2026-05-19,2,mardi,2026-05-19T02:09:28Z,principal,NA,Yopougon
AX_19,Lycee Bingerville (Route Bingerville),Bingerville,Cocody,5.357895,-3.890668,33.6,70,0.48,Congestionne,13218,1343,2026-05-19,2,mardi,2026-05-19T02:09:29Z,principal,NA,Bingerville
AX_20,Rond-point Marcory (Bvd de la Paix),Marcory,Plateau,5.303988,-4.003239,25.1,50,0.502,Modere,4123,514,2026-05-19,2,mardi,2026-05-19T02:09:30Z,principal,NA,Marcory
AX_01,Pont HKB (Henri Konan Bedie),Cocody/Marcory,Plateau,5.329775,-3.981814,30.2,80,0.378,Congestionne,10854,1140,2026-05-19,3,mardi,2026-05-19T03:11:41Z,principal,NA,Cocody
AX_02,Pont De Gaulle,Plateau/Treichville,Plateau,5.317516,-4.016406,21.2,60,0.353,Congestionne,1224,176,2026-05-19,3,mardi,2026-05-19T03:11:42Z,principal,NA,Plateau
AX_03,Pont Felix Houphouet-Boigny,Plateau/Treichville,Plateau,5.328028,-4.017425,27.5,60,0.458,Congestionne,2414,269,2026-05-19,3,mardi,2026-05-19T03:11:44Z,principal,NA,Plateau
AX_04,Boulevard VGE (Giscard d Estaing),Plateau/Port-Bouet,Plateau,5.284092,-3.960922,31.5,100,0.315,Congestionne,9720,944,2026-05-19,3,mardi,2026-05-19T03:11:45Z,principal,NA,Plateau
AX_05,5eme Pont acces Saint-Jean,Cocody/Plateau,Plateau,5.335149,-3.996117,32.6,80,0.408,Congestionne,7035,685,2026-05-19,3,mardi,2026-05-19T03:11:46Z,principal,NA,Cocody
AX_06,Marche Bellville (Bvd Marseille),Treichville,Plateau,5.30587,-3.998069,27.5,50,0.55,Modere,6069,653,2026-05-19,3,mardi,2026-05-19T03:11:47Z,principal,NA,Treichville
AX_07,Rond-point Treichville,Treichville,Plateau,5.307293,-4.011812,13.4,40,0.335,Congestionne,2586,570,2026-05-19,3,mardi,2026-05-19T03:11:48Z,principal,NA,Treichville
AX_08,Gare Lagunaire Bvd Lagunaire,Plateau/Treichville,Plateau,5.312868,-4.010077,25.8,60,0.43,Congestionne,3992,475,2026-05-19,3,mardi,2026-05-19T03:11:50Z,principal,NA,Plateau
AX_09,Carrefour de l Indenie (Adjame),Adjame,Plateau,5.341379,-4.020257,32.4,50,0.648,Modere,4314,408,2026-05-19,3,mardi,2026-05-19T03:11:51Z,principal,NA,Adjamé
AX_10,Adjame Mosquee (Bvd Nangui Abrogoua),Adjame,Plateau,5.354097,-4.026506,38.3,55,0.696,Modere,5369,429,2026-05-19,3,mardi,2026-05-19T03:11:52Z,principal,NA,Adjamé
AX_11,Echangeur de la Ferraille (Adjame),Adjame,Plateau,5.308686,-3.964053,22.4,50,0.448,Congestionne,9501,1294,2026-05-19,3,mardi,2026-05-19T03:11:53Z,principal,NA,Adjamé
AX_12,Feux Autoroute Nord entree Adjame,Adjame,Plateau,5.299899,-3.998254,23,100,0.23,Bloque,4252,566,2026-05-19,3,mardi,2026-05-19T03:11:55Z,principal,NA,Adjamé
AX_13,Carrefour Universite (Cocody),Cocody,Cocody,5.334383,-3.938384,25.3,60,0.422,Congestionne,8812,1103,2026-05-19,3,mardi,2026-05-19T03:11:56Z,principal,NA,Cocody
AX_14,2 Plateaux Vallon (Bvd Mitterrand),Cocody,Cocody,5.362127,-3.98962,15.8,60,0.263,Bloque,1354,271,2026-05-19,3,mardi,2026-05-19T03:11:57Z,principal,NA,Cocody
AX_15,Abobo Gare Mairie (Route Abobo),Abobo,Plateau,5.420996,-4.01901,47,90,0.522,Modere,13296,917,2026-05-19,3,mardi,2026-05-19T03:11:58Z,principal,NA,Abobo
AX_16,Gare Yopougon Autoroute Yopougon,Yopougon,Plateau,5.369048,-3.999911,31.4,100,0.314,Congestionne,8791,887,2026-05-19,3,mardi,2026-05-19T03:11:59Z,principal,NA,Yopougon
AX_17,Clinique Fraternite (Bvd Fraternite),Yopougon,Plateau,5.349303,-4.021832,33.2,50,0.664,Modere,4855,463,2026-05-19,3,mardi,2026-05-19T03:12:01Z,principal,NA,Yopougon
AX_18,Carrefour Jatak (Route de Dabou),Yopougon,Plateau,5.321877,-4.1035450000000004,36.5,90,0.406,Congestionne,18601,1612,2026-05-19,3,mardi,2026-05-19T03:12:02Z,principal,NA,Yopougon
AX_19,Lycee Bingerville (Route Bingerville),Bingerville,Cocody,5.357895,-3.890668,33.6,70,0.48,Congestionne,13218,1343,2026-05-19,3,mardi,2026-05-19T03:12:03Z,principal,NA,Bingerville
AX_20,Rond-point Marcory (Bvd de la Paix),Marcory,Plateau,5.303988,-4.003239,25.1,50,0.502,Modere,4123,514,2026-05-19,3,mardi,2026-05-19T03:12:04Z,principal,NA,Marcory
AX_01,Pont HKB (Henri Konan Bedie),Cocody/Marcory,Plateau,5.329775,-3.981814,30.2,80,0.378,Congestionne,10854,1140,2026-05-19,4,mardi,2026-05-19T04:14:15Z,principal,NA,Cocody
AX_02,Pont De Gaulle,Plateau/Treichville,Plateau,5.317516,-4.016406,21.2,60,0.353,Congestionne,1224,176,2026-05-19,4,mardi,2026-05-19T04:14:16Z,principal,NA,Plateau
AX_03,Pont Felix Houphouet-Boigny,Plateau/Treichville,Plateau,5.328028,-4.017425,27.5,60,0.458,Congestionne,2414,269,2026-05-19,4,mardi,2026-05-19T04:14:17Z,principal,NA,Plateau
AX_04,Boulevard VGE (Giscard d Estaing),Plateau/Port-Bouet,Plateau,5.284092,-3.960922,31.5,100,0.315,Congestionne,9720,944,2026-05-19,4,mardi,2026-05-19T04:14:18Z,principal,NA,Plateau
AX_05,5eme Pont acces Saint-Jean,Cocody/Plateau,Plateau,5.335149,-3.996117,32.6,80,0.408,Congestionne,7035,685,2026-05-19,4,mardi,2026-05-19T04:14:20Z,principal,NA,Cocody
AX_06,Marche Bellville (Bvd Marseille),Treichville,Plateau,5.30587,-3.998069,27.5,50,0.55,Modere,6069,653,2026-05-19,4,mardi,2026-05-19T04:14:21Z,principal,NA,Treichville
AX_07,Rond-point Treichville,Treichville,Plateau,5.307293,-4.011812,13.4,40,0.335,Congestionne,2586,570,2026-05-19,4,mardi,2026-05-19T04:14:22Z,principal,NA,Treichville
AX_08,Gare Lagunaire Bvd Lagunaire,Plateau/Treichville,Plateau,5.312868,-4.010077,25.8,60,0.43,Congestionne,3992,475,2026-05-19,4,mardi,2026-05-19T04:14:23Z,principal,NA,Plateau
AX_09,Carrefour de l Indenie (Adjame),Adjame,Plateau,5.341379,-4.020257,32.4,50,0.648,Modere,4314,408,2026-05-19,4,mardi,2026-05-19T04:14:24Z,principal,NA,Adjamé
AX_10,Adjame Mosquee (Bvd Nangui Abrogoua),Adjame,Plateau,5.354097,-4.026506,38.3,55,0.696,Modere,5369,429,2026-05-19,4,mardi,2026-05-19T04:14:26Z,principal,NA,Adjamé
AX_11,Echangeur de la Ferraille (Adjame),Adjame,Plateau,5.308686,-3.964053,22.4,50,0.448,Congestionne,9501,1294,2026-05-19,4,mardi,2026-05-19T04:14:27Z,principal,NA,Adjamé
AX_12,Feux Autoroute Nord entree Adjame,Adjame,Plateau,5.299899,-3.998254,23,100,0.23,Bloque,4252,566,2026-05-19,4,mardi,2026-05-19T04:14:28Z,principal,NA,Adjamé
AX_13,Carrefour Universite (Cocody),Cocody,Cocody,5.334383,-3.938384,25.3,60,0.422,Congestionne,8812,1103,2026-05-19,4,mardi,2026-05-19T04:14:29Z,principal,NA,Cocody
AX_14,2 Plateaux Vallon (Bvd Mitterrand),Cocody,Cocody,5.362127,-3.98962,15.8,60,0.263,Bloque,1354,271,2026-05-19,4,mardi,2026-05-19T04:14:31Z,principal,NA,Cocody
AX_15,Abobo Gare Mairie (Route Abobo),Abobo,Plateau,5.420996,-4.01901,47,90,0.522,Modere,13296,917,2026-05-19,4,mardi,2026-05-19T04:14:32Z,principal,NA,Abobo
AX_16,Gare Yopougon Autoroute Yopougon,Yopougon,Plateau,5.369048,-3.999911,31.4,100,0.314,Congestionne,8791,887,2026-05-19,4,mardi,2026-05-19T04:14:33Z,principal,NA,Yopougon
AX_17,Clinique Fraternite (Bvd Fraternite),Yopougon,Plateau,5.349303,-4.021832,33.2,50,0.664,Modere,4855,463,2026-05-19,4,mardi,2026-05-19T04:14:34Z,principal,NA,Yopougon
AX_18,Carrefour Jatak (Route de Dabou),Yopougon,Plateau,5.321877,-4.1035450000000004,36.5,90,0.406,Congestionne,18601,1612,2026-05-19,4,mardi,2026-05-19T04:14:35Z,principal,NA,Yopougon
AX_19,Lycee Bingerville (Route Bingerville),Bingerville,Cocody,5.357895,-3.890668,33.6,70,0.48,Congestionne,13218,1343,2026-05-19,4,mardi,2026-05-19T04:14:37Z,principal,NA,Bingerville
AX_20,Rond-point Marcory (Bvd de la Paix),Marcory,Plateau,5.303988,-4.003239,25.1,50,0.502,Modere,4123,514,2026-05-19,4,mardi,2026-05-19T04:14:38Z,principal,NA,Marcory
AX_01,Pont HKB (Henri Konan Bedie),Cocody/Marcory,Plateau,5.329775,-3.981814,27.8,80,0.348,Congestionne,10854,1140,2026-05-19,5,mardi,2026-05-19T05:16:49Z,principal,NA,Cocody
AX_02,Pont De Gaulle,Plateau/Treichville,Plateau,5.317516,-4.016406,19.6,60,0.327,Congestionne,1224,176,2026-05-19,5,mardi,2026-05-19T05:16:50Z,principal,NA,Plateau
AX_03,Pont Felix Houphouet-Boigny,Plateau/Treichville,Plateau,5.328028,-4.017425,25.3,60,0.422,Congestionne,2414,269,2026-05-19,5,mardi,2026-05-19T05:16:51Z,principal,NA,Plateau
AX_04,Boulevard VGE (Giscard d Estaing),Plateau/Port-Bouet,Plateau,5.284092,-3.960922,29,100,0.29,Bloque,9720,944,2026-05-19,5,mardi,2026-05-19T05:16:53Z,principal,NA,Plateau
AX_05,5eme Pont acces Saint-Jean,Cocody/Plateau,Plateau,5.335149,-3.996117,30,80,0.375,Congestionne,7035,685,2026-05-19,5,mardi,2026-05-19T05:16:54Z,principal,NA,Cocody
AX_06,Marche Bellville (Bvd Marseille),Treichville,Plateau,5.30587,-3.998069,25.3,50,0.506,Modere,6069,653,2026-05-19,5,mardi,2026-05-19T05:16:55Z,principal,NA,Treichville
AX_07,Rond-point Treichville,Treichville,Plateau,5.307293,-4.011812,12.3,40,0.308,Congestionne,2586,570,2026-05-19,5,mardi,2026-05-19T05:16:56Z,principal,NA,Treichville
AX_08,Gare Lagunaire Bvd Lagunaire,Plateau/Treichville,Plateau,5.312868,-4.010077,23.7,60,0.395,Congestionne,3992,475,2026-05-19,5,mardi,2026-05-19T05:16:58Z,principal,NA,Plateau
AX_09,Carrefour de l Indenie (Adjame),Adjame,Plateau,5.341379,-4.020257,29.8,50,0.596,Modere,4314,408,2026-05-19,5,mardi,2026-05-19T05:16:59Z,principal,NA,Adjamé
AX_10,Adjame Mosquee (Bvd Nangui Abrogoua),Adjame,Plateau,5.354097,-4.026506,35.3,55,0.642,Modere,5369,429,2026-05-19,5,mardi,2026-05-19T05:17:00Z,principal,NA,Adjamé
AX_11,Echangeur de la Ferraille (Adjame),Adjame,Plateau,5.308686,-3.964053,20.6,50,0.412,Congestionne,9501,1294,2026-05-19,5,mardi,2026-05-19T05:17:01Z,principal,NA,Adjamé
AX_12,Feux Autoroute Nord entree Adjame,Adjame,Plateau,5.299899,-3.998254,21.1,100,0.211,Bloque,4252,566,2026-05-19,5,mardi,2026-05-19T05:17:02Z,principal,NA,Adjamé
AX_13,Carrefour Universite (Cocody),Cocody,Cocody,5.334383,-3.938384,23.3,60,0.388,Congestionne,8812,1103,2026-05-19,5,mardi,2026-05-19T05:17:04Z,principal,NA,Cocody
AX_14,2 Plateaux Vallon (Bvd Mitterrand),Cocody,Cocody,5.362127,-3.98962,14.6,60,0.243,Bloque,1354,271,2026-05-19,5,mardi,2026-05-19T05:17:05Z,principal,NA,Cocody
AX_15,Abobo Gare Mairie (Route Abobo),Abobo,Plateau,5.420996,-4.01901,43.2,90,0.48,Congestionne,13296,917,2026-05-19,5,mardi,2026-05-19T05:17:06Z,principal,NA,Abobo
AX_16,Gare Yopougon Autoroute Yopougon,Yopougon,Plateau,5.369048,-3.999911,28.9,100,0.289,Bloque,8791,887,2026-05-19,5,mardi,2026-05-19T05:17:07Z,principal,NA,Yopougon
AX_17,Clinique Fraternite (Bvd Fraternite),Yopougon,Plateau,5.349303,-4.021832,30.5,50,0.61,Modere,4855,463,2026-05-19,5,mardi,2026-05-19T05:17:09Z,principal,NA,Yopougon
AX_18,Carrefour Jatak (Route de Dabou),Yopougon,Plateau,5.321877,-4.1035450000000004,33.6,90,0.373,Congestionne,18601,1612,2026-05-19,5,mardi,2026-05-19T05:17:10Z,principal,NA,Yopougon
AX_19,Lycee Bingerville (Route Bingerville),Bingerville,Cocody,5.357895,-3.890668,30.9,70,0.441,Congestionne,13218,1343,2026-05-19,5,mardi,2026-05-19T05:17:11Z,principal,NA,Bingerville
AX_20,Rond-point Marcory (Bvd de la Paix),Marcory,Plateau,5.303988,-4.003239,23.1,50,0.462,Congestionne,4123,514,2026-05-19,5,mardi,2026-05-19T05:17:12Z,principal,NA,Marcory
AX_01,Pont HKB (Henri Konan Bedie),Cocody/Marcory,Plateau,5.329775,-3.981814,22.6,80,0.283,Bloque,10854,1140,2026-05-19,6,mardi,2026-05-19T06:19:09Z,principal,NA,Cocody
AX_02,Pont De Gaulle,Plateau/Treichville,Plateau,5.317516,-4.016406,15.9,60,0.265,Bloque,1224,176,2026-05-19,6,mardi,2026-05-19T06:19:10Z,principal,NA,Plateau
AX_03,Pont Felix Houphouet-Boigny,Plateau/Treichville,Plateau,5.328028,-4.017425,20.6,60,0.343,Congestionne,2414,269,2026-05-19,6,mardi,2026-05-19T06:19:11Z,principal,NA,Plateau
AX_04,Boulevard VGE (Giscard d Estaing),Plateau/Port-Bouet,Plateau,5.284092,-3.960922,23.7,100,0.237,Bloque,9720,944,2026-05-19,6,mardi,2026-05-19T06:19:12Z,principal,NA,Plateau
AX_05,5eme Pont acces Saint-Jean,Cocody/Plateau,Plateau,5.335149,-3.996117,24.4,80,0.305,Congestionne,7035,685,2026-05-19,6,mardi,2026-05-19T06:19:14Z,principal,NA,Cocody
AX_06,Marche Bellville (Bvd Marseille),Treichville,Plateau,5.30587,-3.998069,20.6,50,0.412,Congestionne,6069,653,2026-05-19,6,mardi,2026-05-19T06:19:15Z,principal,NA,Treichville
AX_07,Rond-point Treichville,Treichville,Plateau,5.307293,-4.011812,10,40,0.25,Bloque,2586,570,2026-05-19,6,mardi,2026-05-19T06:19:16Z,principal,NA,Treichville
AX_08,Gare Lagunaire Bvd Lagunaire,Plateau/Treichville,Plateau,5.312868,-4.010077,19.3,60,0.322,Congestionne,3992,475,2026-05-19,6,mardi,2026-05-19T06:19:17Z,principal,NA,Plateau
AX_09,Carrefour de l Indenie (Adjame),Adjame,Plateau,5.341379,-4.020257,24.3,50,0.486,Congestionne,4314,408,2026-05-19,6,mardi,2026-05-19T06:19:19Z,principal,NA,Adjamé
AX_10,Adjame Mosquee (Bvd Nangui Abrogoua),Adjame,Plateau,5.354097,-4.026506,28.8,55,0.524,Modere,5369,429,2026-05-19,6,mardi,2026-05-19T06:19:20Z,principal,NA,Adjamé
AX_11,Echangeur de la Ferraille (Adjame),Adjame,Plateau,5.308686,-3.964053,16.8,50,0.336,Congestionne,9501,1294,2026-05-19,6,mardi,2026-05-19T06:19:21Z,principal,NA,Adjamé
AX_12,Feux Autoroute Nord entree Adjame,Adjame,Plateau,5.299899,-3.998254,17.2,100,0.172,Bloque,4252,566,2026-05-19,6,mardi,2026-05-19T06:19:22Z,principal,NA,Adjamé
AX_13,Carrefour Universite (Cocody),Cocody,Cocody,5.334383,-3.938384,19,60,0.317,Congestionne,8812,1103,2026-05-19,6,mardi,2026-05-19T06:19:23Z,principal,NA,Cocody
AX_14,2 Plateaux Vallon (Bvd Mitterrand),Cocody,Cocody,5.362127,-3.98962,11.9,60,0.198,Bloque,1354,271,2026-05-19,6,mardi,2026-05-19T06:19:25Z,principal,NA,Cocody
AX_15,Abobo Gare Mairie (Route Abobo),Abobo,Plateau,5.420996,-4.01901,35.2,90,0.391,Congestionne,13296,917,2026-05-19,6,mardi,2026-05-19T06:19:26Z,principal,NA,Abobo
AX_16,Gare Yopougon Autoroute Yopougon,Yopougon,Plateau,5.369048,-3.999911,23.6,100,0.236,Bloque,8791,887,2026-05-19,6,mardi,2026-05-19T06:19:27Z,principal,NA,Yopougon
AX_17,Clinique Fraternite (Bvd Fraternite),Yopougon,Plateau,5.349303,-4.021832,24.9,50,0.498,Congestionne,4855,463,2026-05-19,6,mardi,2026-05-19T06:19:28Z,principal,NA,Yopougon
AX_18,Carrefour Jatak (Route de Dabou),Yopougon,Plateau,5.321877,-4.1035450000000004,27.4,90,0.304,Congestionne,18601,1612,2026-05-19,6,mardi,2026-05-19T06:19:30Z,principal,NA,Yopougon
AX_19,Lycee Bingerville (Route Bingerville),Bingerville,Cocody,5.357895,-3.890668,25.2,70,0.36,Congestionne,13218,1343,2026-05-19,6,mardi,2026-05-19T06:19:31Z,principal,NA,Bingerville
AX_20,Rond-point Marcory (Bvd de la Paix),Marcory,Plateau,5.303988,-4.003239,18.9,50,0.378,Congestionne,4123,514,2026-05-19,6,mardi,2026-05-19T06:19:32Z,principal,NA,Marcory
AX_01,Pont HKB (Henri Konan Bedie),Cocody/Marcory,Plateau,5.329775,-3.981814,16.6,80,0.208,Bloque,10854,1140,2026-05-19,9,mardi,2026-05-19T09:38:21Z,principal,NA,Cocody
AX_02,Pont De Gaulle,Plateau/Treichville,Plateau,5.317516,-4.016406,11.7,60,0.195,Bloque,1224,176,2026-05-19,9,mardi,2026-05-19T09:38:22Z,principal,NA,Plateau
AX_03,Pont Felix Houphouet-Boigny,Plateau/Treichville,Plateau,5.328028,-4.017425,15.1,60,0.252,Bloque,2414,269,2026-05-19,9,mardi,2026-05-19T09:38:24Z,principal,NA,Plateau
AX_04,Boulevard VGE (Giscard d Estaing),Plateau/Port-Bouet,Plateau,5.284092,-3.960922,17.3,100,0.173,Bloque,9720,944,2026-05-19,9,mardi,2026-05-19T09:38:25Z,principal,NA,Plateau
AX_05,5eme Pont acces Saint-Jean,Cocody/Plateau,Plateau,5.335149,-3.996117,17.9,80,0.224,Bloque,7035,685,2026-05-19,9,mardi,2026-05-19T09:38:26Z,principal,NA,Cocody
AX_06,Marche Bellville (Bvd Marseille),Treichville,Plateau,5.30587,-3.998069,15.1,50,0.302,Congestionne,6069,653,2026-05-19,9,mardi,2026-05-19T09:38:28Z,principal,NA,Treichville
AX_07,Rond-point Treichville,Treichville,Plateau,5.307293,-4.011812,7.4,40,0.185,Bloque,2586,570,2026-05-19,9,mardi,2026-05-19T09:38:29Z,principal,NA,Treichville
AX_08,Gare Lagunaire Bvd Lagunaire,Plateau/Treichville,Plateau,5.312868,-4.010077,14.2,60,0.237,Bloque,3992,475,2026-05-19,9,mardi,2026-05-19T09:38:31Z,principal,NA,Plateau
AX_09,Carrefour de l Indenie (Adjame),Adjame,Plateau,5.341379,-4.020257,17.8,50,0.356,Congestionne,4314,408,2026-05-19,9,mardi,2026-05-19T09:38:32Z,principal,NA,Adjamé
AX_10,Adjame Mosquee (Bvd Nangui Abrogoua),Adjame,Plateau,5.354097,-4.026506,21.1,55,0.384,Congestionne,5369,429,2026-05-19,9,mardi,2026-05-19T09:38:33Z,principal,NA,Adjamé
AX_11,Echangeur de la Ferraille (Adjame),Adjame,Plateau,5.308686,-3.964053,12.3,50,0.246,Bloque,9501,1294,2026-05-19,9,mardi,2026-05-19T09:38:35Z,principal,NA,Adjamé
AX_12,Feux Autoroute Nord entree Adjame,Adjame,Plateau,5.299899,-3.998254,12.6,100,0.126,Bloque,4252,566,2026-05-19,9,mardi,2026-05-19T09:38:36Z,principal,NA,Adjamé
AX_13,Carrefour Universite (Cocody),Cocody,Cocody,5.334383,-3.938384,13.9,60,0.232,Bloque,8812,1103,2026-05-19,9,mardi,2026-05-19T09:38:37Z,principal,NA,Cocody
AX_14,2 Plateaux Vallon (Bvd Mitterrand),Cocody,Cocody,5.362127,-3.98962,8.7,60,0.145,Bloque,1354,271,2026-05-19,9,mardi,2026-05-19T09:38:39Z,principal,NA,Cocody
AX_15,Abobo Gare Mairie (Route Abobo),Abobo,Plateau,5.420996,-4.01901,25.8,90,0.287,Bloque,13296,917,2026-05-19,9,mardi,2026-05-19T09:38:41Z,principal,NA,Abobo
AX_16,Gare Yopougon Autoroute Yopougon,Yopougon,Plateau,5.369048,-3.999911,17.3,100,0.173,Bloque,8791,887,2026-05-19,9,mardi,2026-05-19T09:38:42Z,principal,NA,Yopougon
AX_17,Clinique Fraternite (Bvd Fraternite),Yopougon,Plateau,5.349303,-4.021832,18.2,50,0.364,Congestionne,4855,463,2026-05-19,9,mardi,2026-05-19T09:38:44Z,principal,NA,Yopougon
AX_18,Carrefour Jatak (Route de Dabou),Yopougon,Plateau,5.321877,-4.1035450000000004,20.1,90,0.223,Bloque,18601,1612,2026-05-19,9,mardi,2026-05-19T09:38:45Z,principal,NA,Yopougon
AX_19,Lycee Bingerville (Route Bingerville),Bingerville,Cocody,5.357895,-3.890668,18.5,70,0.264,Bloque,13218,1343,2026-05-19,9,mardi,2026-05-19T09:38:46Z,principal,NA,Bingerville
AX_20,Rond-point Marcory (Bvd de la Paix),Marcory,Plateau,5.303988,-4.003239,13.8,50,0.276,Bloque,4123,514,2026-05-19,9,mardi,2026-05-19T09:38:47Z,principal,NA,Marcory
AX_01,Pont HKB (Henri Konan Bedie),Cocody/Marcory,Plateau,5.329775,-3.981814,21.7,80,0.271,Bloque,10854,1140,2026-05-19,10,mardi,2026-05-19T10:09:46Z,principal,NA,Cocody
AX_02,Pont De Gaulle,Plateau/Treichville,Plateau,5.317516,-4.016406,15.3,60,0.255,Bloque,1224,176,2026-05-19,10,mardi,2026-05-19T10:09:47Z,principal,NA,Plateau
AX_03,Pont Felix Houphouet-Boigny,Plateau/Treichville,Plateau,5.328028,-4.017425,19.8,60,0.33,Congestionne,2414,269,2026-05-19,10,mardi,2026-05-19T10:09:49Z,principal,NA,Plateau
AX_04,Boulevard VGE (Giscard d Estaing),Plateau/Port-Bouet,Plateau,5.284092,-3.960922,22.7,100,0.227,Bloque,9720,944,2026-05-19,10,mardi,2026-05-19T10:09:50Z,principal,NA,Plateau
AX_05,5eme Pont acces Saint-Jean,Cocody/Plateau,Plateau,5.335149,-3.996117,23.4,80,0.292,Bloque,7035,685,2026-05-19,10,mardi,2026-05-19T10:09:51Z,principal,NA,Cocody
AX_06,Marche Bellville (Bvd Marseille),Treichville,Plateau,5.30587,-3.998069,19.8,50,0.396,Congestionne,6069,653,2026-05-19,10,mardi,2026-05-19T10:09:53Z,principal,NA,Treichville
AX_07,Rond-point Treichville,Treichville,Plateau,5.307293,-4.011812,9.6,40,0.24,Bloque,2586,570,2026-05-19,10,mardi,2026-05-19T10:09:54Z,principal,NA,Treichville
AX_08,Gare Lagunaire Bvd Lagunaire,Plateau/Treichville,Plateau,5.312868,-4.010077,18.5,60,0.308,Congestionne,3992,475,2026-05-19,10,mardi,2026-05-19T10:09:55Z,principal,NA,Plateau
AX_09,Carrefour de l Indenie (Adjame),Adjame,Plateau,5.341379,-4.020257,23.3,50,0.466,Congestionne,4314,408,2026-05-19,10,mardi,2026-05-19T10:09:57Z,principal,NA,Adjamé
AX_10,Adjame Mosquee (Bvd Nangui Abrogoua),Adjame,Plateau,5.354097,-4.026506,27.6,55,0.502,Modere,5369,429,2026-05-19,10,mardi,2026-05-19T10:09:58Z,principal,NA,Adjamé
AX_11,Echangeur de la Ferraille (Adjame),Adjame,Plateau,5.308686,-3.964053,16.2,50,0.324,Congestionne,9501,1294,2026-05-19,10,mardi,2026-05-19T10:09:59Z,principal,NA,Adjamé
AX_12,Feux Autoroute Nord entree Adjame,Adjame,Plateau,5.299899,-3.998254,16.5,100,0.165,Bloque,4252,566,2026-05-19,10,mardi,2026-05-19T10:10:01Z,principal,NA,Adjamé
AX_13,Carrefour Universite (Cocody),Cocody,Cocody,5.334383,-3.938384,18.2,60,0.303,Congestionne,8812,1103,2026-05-19,10,mardi,2026-05-19T10:10:02Z,principal,NA,Cocody
AX_14,2 Plateaux Vallon (Bvd Mitterrand),Cocody,Cocody,5.362127,-3.98962,11.4,60,0.19,Bloque,1354,271,2026-05-19,10,mardi,2026-05-19T10:10:04Z,principal,NA,Cocody
AX_15,Abobo Gare Mairie (Route Abobo),Abobo,Plateau,5.420996,-4.01901,33.8,90,0.376,Congestionne,13296,917,2026-05-19,10,mardi,2026-05-19T10:10:05Z,principal,NA,Abobo
AX_16,Gare Yopougon Autoroute Yopougon,Yopougon,Plateau,5.369048,-3.999911,22.6,100,0.226,Bloque,8791,887,2026-05-19,10,mardi,2026-05-19T10:10:07Z,principal,NA,Yopougon
AX_17,Clinique Fraternite (Bvd Fraternite),Yopougon,Plateau,5.349303,-4.021832,23.9,50,0.478,Congestionne,4855,463,2026-05-19,10,mardi,2026-05-19T10:10:08Z,principal,NA,Yopougon
AX_18,Carrefour Jatak (Route de Dabou),Yopougon,Plateau,5.321877,-4.1035450000000004,26.3,90,0.292,Bloque,18601,1612,2026-05-19,10,mardi,2026-05-19T10:10:10Z,principal,NA,Yopougon
AX_19,Lycee Bingerville (Route Bingerville),Bingerville,Cocody,5.357895,-3.890668,24.2,70,0.346,Congestionne,13218,1343,2026-05-19,10,mardi,2026-05-19T10:10:11Z,principal,NA,Bingerville
AX_20,Rond-point Marcory (Bvd de la Paix),Marcory,Plateau,5.303988,-4.003239,18.1,50,0.362,Congestionne,4123,514,2026-05-19,10,mardi,2026-05-19T10:10:14Z,principal,NA,Marcory
AX_01,Pont HKB (Henri Konan Bedie),Cocody/Marcory,Plateau,5.329775,-3.981814,24.1,80,0.301,Congestionne,10854,1140,2026-05-19,11,mardi,2026-05-19T11:12:31Z,principal,NA,Cocody
AX_02,Pont De Gaulle,Plateau/Treichville,Plateau,5.317516,-4.016406,17,60,0.283,Bloque,1224,176,2026-05-19,11,mardi,2026-05-19T11:12:32Z,principal,NA,Plateau
AX_03,Pont Felix Houphouet-Boigny,Plateau/Treichville,Plateau,5.328028,-4.017425,22,60,0.367,Congestionne,2414,269,2026-05-19,11,mardi,2026-05-19T11:12:34Z,principal,NA,Plateau
AX_04,Boulevard VGE (Giscard d Estaing),Plateau/Port-Bouet,Plateau,5.284092,-3.960922,25.2,100,0.252,Bloque,9720,944,2026-05-19,11,mardi,2026-05-19T11:12:35Z,principal,NA,Plateau
AX_05,5eme Pont acces Saint-Jean,Cocody/Plateau,Plateau,5.335149,-3.996117,26,80,0.325,Congestionne,7035,685,2026-05-19,11,mardi,2026-05-19T11:12:36Z,principal,NA,Cocody
AX_06,Marche Bellville (Bvd Marseille),Treichville,Plateau,5.30587,-3.998069,22,50,0.44,Congestionne,6069,653,2026-05-19,11,mardi,2026-05-19T11:12:38Z,principal,NA,Treichville
AX_07,Rond-point Treichville,Treichville,Plateau,5.307293,-4.011812,10.7,40,0.267,Bloque,2586,570,2026-05-19,11,mardi,2026-05-19T11:12:39Z,principal,NA,Treichville
AX_08,Gare Lagunaire Bvd Lagunaire,Plateau/Treichville,Plateau,5.312868,-4.010077,20.6,60,0.343,Congestionne,3992,475,2026-05-19,11,mardi,2026-05-19T11:12:41Z,principal,NA,Plateau
AX_09,Carrefour de l Indenie (Adjame),Adjame,Plateau,5.341379,-4.020257,25.9,50,0.518,Modere,4314,408,2026-05-19,11,mardi,2026-05-19T11:12:42Z,principal,NA,Adjamé
AX_10,Adjame Mosquee (Bvd Nangui Abrogoua),Adjame,Plateau,5.354097,-4.026506,30.7,55,0.558,Modere,5369,429,2026-05-19,11,mardi,2026-05-19T11:12:44Z,principal,NA,Adjamé
AX_11,Echangeur de la Ferraille (Adjame),Adjame,Plateau,5.308686,-3.964053,18,50,0.36,Congestionne,9501,1294,2026-05-19,11,mardi,2026-05-19T11:12:45Z,principal,NA,Adjamé
AX_12,Feux Autoroute Nord entree Adjame,Adjame,Plateau,5.299899,-3.998254,18.4,100,0.184,Bloque,4252,566,2026-05-19,11,mardi,2026-05-19T11:12:46Z,principal,NA,Adjamé
AX_13,Carrefour Universite (Cocody),Cocody,Cocody,5.334383,-3.938384,20.3,60,0.338,Congestionne,8812,1103,2026-05-19,11,mardi,2026-05-19T11:12:48Z,principal,NA,Cocody
AX_14,2 Plateaux Vallon (Bvd Mitterrand),Cocody,Cocody,5.362127,-3.98962,12.7,60,0.212,Bloque,1354,271,2026-05-19,11,mardi,2026-05-19T11:12:49Z,principal,NA,Cocody
AX_15,Abobo Gare Mairie (Route Abobo),Abobo,Plateau,5.420996,-4.01901,37.6,90,0.418,Congestionne,13296,917,2026-05-19,11,mardi,2026-05-19T11:12:50Z,principal,NA,Abobo
AX_16,Gare Yopougon Autoroute Yopougon,Yopougon,Plateau,5.369048,-3.999911,25.1,100,0.251,Bloque,8791,887,2026-05-19,11,mardi,2026-05-19T11:12:52Z,principal,NA,Yopougon
AX_17,Clinique Fraternite (Bvd Fraternite),Yopougon,Plateau,5.349303,-4.021832,26.5,50,0.53,Modere,4855,463,2026-05-19,11,mardi,2026-05-19T11:12:53Z,principal,NA,Yopougon
AX_18,Carrefour Jatak (Route de Dabou),Yopougon,Plateau,5.321877,-4.1035450000000004,29.2,90,0.324,Congestionne,18601,1612,2026-05-19,11,mardi,2026-05-19T11:12:54Z,principal,NA,Yopougon
AX_19,Lycee Bingerville (Route Bingerville),Bingerville,Cocody,5.357895,-3.890668,26.9,70,0.384,Congestionne,13218,1343,2026-05-19,11,mardi,2026-05-19T11:12:56Z,principal,NA,Bingerville
AX_20,Rond-point Marcory (Bvd de la Paix),Marcory,Plateau,5.303988,-4.003239,20.1,50,0.402,Congestionne,4123,514,2026-05-19,11,mardi,2026-05-19T11:12:57Z,principal,NA,Marcory
AX_01,Pont HKB (Henri Konan Bedie),Cocody/Marcory,Plateau,5.329775,-3.981814,20.5,80,0.256,Bloque,10854,1140,2026-05-19,12,mardi,2026-05-19T12:15:11Z,principal,NA,Cocody
AX_02,Pont De Gaulle,Plateau/Treichville,Plateau,5.317516,-4.016406,14.4,60,0.24,Bloque,1224,176,2026-05-19,12,mardi,2026-05-19T12:15:12Z,principal,NA,Plateau
AX_03,Pont Felix Houphouet-Boigny,Plateau/Treichville,Plateau,5.328028,-4.017425,18.7,60,0.312,Congestionne,2414,269,2026-05-19,12,mardi,2026-05-19T12:15:13Z,principal,NA,Plateau
AX_04,Boulevard VGE (Giscard d Estaing),Plateau/Port-Bouet,Plateau,5.284092,-3.960922,21.4,100,0.214,Bloque,9720,944,2026-05-19,12,mardi,2026-05-19T12:15:15Z,principal,NA,Plateau
AX_05,5eme Pont acces Saint-Jean,Cocody/Plateau,Plateau,5.335149,-3.996117,22.1,80,0.276,Bloque,7035,685,2026-05-19,12,mardi,2026-05-19T12:15:16Z,principal,NA,Cocody
AX_06,Marche Bellville (Bvd Marseille),Treichville,Plateau,5.30587,-3.998069,18.7,50,0.374,Congestionne,6069,653,2026-05-19,12,mardi,2026-05-19T12:15:17Z,principal,NA,Treichville
AX_07,Rond-point Treichville,Treichville,Plateau,5.307293,-4.011812,9.1,40,0.227,Bloque,2586,570,2026-05-19,12,mardi,2026-05-19T12:15:19Z,principal,NA,Treichville
AX_08,Gare Lagunaire Bvd Lagunaire,Plateau/Treichville,Plateau,5.312868,-4.010077,17.5,60,0.292,Bloque,3992,475,2026-05-19,12,mardi,2026-05-19T12:15:20Z,principal,NA,Plateau
AX_09,Carrefour de l Indenie (Adjame),Adjame,Plateau,5.341379,-4.020257,22,50,0.44,Congestionne,4314,408,2026-05-19,12,mardi,2026-05-19T12:15:21Z,principal,NA,Adjamé
AX_10,Adjame Mosquee (Bvd Nangui Abrogoua),Adjame,Plateau,5.354097,-4.026506,26.1,55,0.475,Congestionne,5369,429,2026-05-19,12,mardi,2026-05-19T12:15:23Z,principal,NA,Adjamé
AX_11,Echangeur de la Ferraille (Adjame),Adjame,Plateau,5.308686,-3.964053,15.3,50,0.306,Congestionne,9501,1294,2026-05-19,12,mardi,2026-05-19T12:15:24Z,principal,NA,Adjamé
AX_12,Feux Autoroute Nord entree Adjame,Adjame,Plateau,5.299899,-3.998254,15.6,100,0.156,Bloque,4252,566,2026-05-19,12,mardi,2026-05-19T12:15:25Z,principal,NA,Adjamé
AX_13,Carrefour Universite (Cocody),Cocody,Cocody,5.334383,-3.938384,17.2,60,0.287,Bloque,8812,1103,2026-05-19,12,mardi,2026-05-19T12:15:27Z,principal,NA,Cocody
AX_14,2 Plateaux Vallon (Bvd Mitterrand),Cocody,Cocody,5.362127,-3.98962,10.8,60,0.18,Bloque,1354,271,2026-05-19,12,mardi,2026-05-19T12:15:28Z,principal,NA,Cocody
AX_15,Abobo Gare Mairie (Route Abobo),Abobo,Plateau,5.420996,-4.01901,31.9,90,0.354,Congestionne,13296,917,2026-05-19,12,mardi,2026-05-19T12:15:29Z,principal,NA,Abobo
AX_16,Gare Yopougon Autoroute Yopougon,Yopougon,Plateau,5.369048,-3.999911,21.4,100,0.214,Bloque,8791,887,2026-05-19,12,mardi,2026-05-19T12:15:31Z,principal,NA,Yopougon
AX_17,Clinique Fraternite (Bvd Fraternite),Yopougon,Plateau,5.349303,-4.021832,22.6,50,0.452,Congestionne,4855,463,2026-05-19,12,mardi,2026-05-19T12:15:32Z,principal,NA,Yopougon
AX_18,Carrefour Jatak (Route de Dabou),Yopougon,Plateau,5.321877,-4.1035450000000004,24.8,90,0.276,Bloque,18601,1612,2026-05-19,12,mardi,2026-05-19T12:15:33Z,principal,NA,Yopougon
AX_19,Lycee Bingerville (Route Bingerville),Bingerville,Cocody,5.357895,-3.890668,22.9,70,0.327,Congestionne,13218,1343,2026-05-19,12,mardi,2026-05-19T12:15:34Z,principal,NA,Bingerville
AX_20,Rond-point Marcory (Bvd de la Paix),Marcory,Plateau,5.303988,-4.003239,17.1,50,0.342,Congestionne,4123,514,2026-05-19,12,mardi,2026-05-19T12:15:36Z,principal,NA,Marcory
AX_01,Pont HKB (Henri Konan Bedie),Cocody/Marcory,Plateau,5.329775,-3.981814,24.8,80,0.31,Congestionne,10854,1140,2026-05-19,14,mardi,2026-05-19T14:20:15Z,principal,NA,Cocody
AX_02,Pont De Gaulle,Plateau/Treichville,Plateau,5.317516,-4.016406,17.4,60,0.29,Bloque,1224,176,2026-05-19,14,mardi,2026-05-19T14:20:16Z,principal,NA,Plateau
AX_03,Pont Felix Houphouet-Boigny,Plateau/Treichville,Plateau,5.328028,-4.017425,22.5,60,0.375,Congestionne,2414,269,2026-05-19,14,mardi,2026-05-19T14:20:17Z,principal,NA,Plateau
AX_04,Boulevard VGE (Giscard d Estaing),Plateau/Port-Bouet,Plateau,5.284092,-3.960922,25.9,100,0.259,Bloque,9720,944,2026-05-19,14,mardi,2026-05-19T14:20:18Z,principal,NA,Plateau
AX_05,5eme Pont acces Saint-Jean,Cocody/Plateau,Plateau,5.335149,-3.996117,26.7,80,0.334,Congestionne,7035,685,2026-05-19,14,mardi,2026-05-19T14:20:20Z,principal,NA,Cocody
AX_06,Marche Bellville (Bvd Marseille),Treichville,Plateau,5.30587,-3.998069,22.5,50,0.45,Congestionne,6069,653,2026-05-19,14,mardi,2026-05-19T14:20:21Z,principal,NA,Treichville
AX_07,Rond-point Treichville,Treichville,Plateau,5.307293,-4.011812,11,40,0.275,Bloque,2586,570,2026-05-19,14,mardi,2026-05-19T14:20:22Z,principal,NA,Treichville
AX_08,Gare Lagunaire Bvd Lagunaire,Plateau/Treichville,Plateau,5.312868,-4.010077,21.1,60,0.352,Congestionne,3992,475,2026-05-19,14,mardi,2026-05-19T14:20:23Z,principal,NA,Plateau
AX_09,Carrefour de l Indenie (Adjame),Adjame,Plateau,5.341379,-4.020257,26.6,50,0.532,Modere,4314,408,2026-05-19,14,mardi,2026-05-19T14:20:25Z,principal,NA,Adjamé
AX_10,Adjame Mosquee (Bvd Nangui Abrogoua),Adjame,Plateau,5.354097,-4.026506,31.4,55,0.571,Modere,5369,429,2026-05-19,14,mardi,2026-05-19T14:20:26Z,principal,NA,Adjamé
AX_11,Echangeur de la Ferraille (Adjame),Adjame,Plateau,5.308686,-3.964053,18.4,50,0.368,Congestionne,9501,1294,2026-05-19,14,mardi,2026-05-19T14:20:27Z,principal,NA,Adjamé
AX_12,Feux Autoroute Nord entree Adjame,Adjame,Plateau,5.299899,-3.998254,18.8,100,0.188,Bloque,4252,566,2026-05-19,14,mardi,2026-05-19T14:20:29Z,principal,NA,Adjamé
AX_13,Carrefour Universite (Cocody),Cocody,Cocody,5.334383,-3.938384,20.8,60,0.347,Congestionne,8812,1103,2026-05-19,14,mardi,2026-05-19T14:20:30Z,principal,NA,Cocody
AX_14,2 Plateaux Vallon (Bvd Mitterrand),Cocody,Cocody,5.362127,-3.98962,13,60,0.217,Bloque,1354,271,2026-05-19,14,mardi,2026-05-19T14:20:31Z,principal,NA,Cocody
AX_15,Abobo Gare Mairie (Route Abobo),Abobo,Plateau,5.420996,-4.01901,38.5,90,0.428,Congestionne,13296,917,2026-05-19,14,mardi,2026-05-19T14:20:32Z,principal,NA,Abobo
AX_16,Gare Yopougon Autoroute Yopougon,Yopougon,Plateau,5.369048,-3.999911,25.8,100,0.258,Bloque,8791,887,2026-05-19,14,mardi,2026-05-19T14:20:34Z,principal,NA,Yopougon
AX_17,Clinique Fraternite (Bvd Fraternite),Yopougon,Plateau,5.349303,-4.021832,27.2,50,0.544,Modere,4855,463,2026-05-19,14,mardi,2026-05-19T14:20:35Z,principal,NA,Yopougon
AX_18,Carrefour Jatak (Route de Dabou),Yopougon,Plateau,5.321877,-4.1035450000000004,29.9,90,0.332,Congestionne,18601,1612,2026-05-19,14,mardi,2026-05-19T14:20:36Z,principal,NA,Yopougon
AX_19,Lycee Bingerville (Route Bingerville),Bingerville,Cocody,5.357895,-3.890668,27.6,70,0.394,Congestionne,13218,1343,2026-05-19,14,mardi,2026-05-19T14:20:37Z,principal,NA,Bingerville
AX_20,Rond-point Marcory (Bvd de la Paix),Marcory,Plateau,5.303988,-4.003239,20.6,50,0.412,Congestionne,4123,514,2026-05-19,14,mardi,2026-05-19T14:20:39Z,principal,NA,Marcory
AX_01,Pont HKB (Henri Konan Bedie),Cocody/Marcory,Plateau,5.329775,-3.981814,21.7,80,0.271,Bloque,10854,1140,2026-05-19,15,mardi,2026-05-19T15:22:56Z,principal,NA,Cocody
AX_02,Pont De Gaulle,Plateau/Treichville,Plateau,5.317516,-4.016406,15.3,60,0.255,Bloque,1224,176,2026-05-19,15,mardi,2026-05-19T15:22:57Z,principal,NA,Plateau
AX_03,Pont Felix Houphouet-Boigny,Plateau/Treichville,Plateau,5.328028,-4.017425,19.8,60,0.33,Congestionne,2414,269,2026-05-19,15,mardi,2026-05-19T15:22:59Z,principal,NA,Plateau
AX_04,Boulevard VGE (Giscard d Estaing),Plateau/Port-Bouet,Plateau,5.284092,-3.960922,22.7,100,0.227,Bloque,9720,944,2026-05-19,15,mardi,2026-05-19T15:23:00Z,principal,NA,Plateau
AX_05,5eme Pont acces Saint-Jean,Cocody/Plateau,Plateau,5.335149,-3.996117,23.4,80,0.292,Bloque,7035,685,2026-05-19,15,mardi,2026-05-19T15:23:01Z,principal,NA,Cocody
AX_06,Marche Bellville (Bvd Marseille),Treichville,Plateau,5.30587,-3.998069,19.8,50,0.396,Congestionne,6069,653,2026-05-19,15,mardi,2026-05-19T15:23:02Z,principal,NA,Treichville
AX_07,Rond-point Treichville,Treichville,Plateau,5.307293,-4.011812,9.6,40,0.24,Bloque,2586,570,2026-05-19,15,mardi,2026-05-19T15:23:04Z,principal,NA,Treichville
AX_08,Gare Lagunaire Bvd Lagunaire,Plateau/Treichville,Plateau,5.312868,-4.010077,18.5,60,0.308,Congestionne,3992,475,2026-05-19,15,mardi,2026-05-19T15:23:05Z,principal,NA,Plateau
AX_09,Carrefour de l Indenie (Adjame),Adjame,Plateau,5.341379,-4.020257,23.3,50,0.466,Congestionne,4314,408,2026-05-19,15,mardi,2026-05-19T15:23:06Z,principal,NA,Adjamé
AX_10,Adjame Mosquee (Bvd Nangui Abrogoua),Adjame,Plateau,5.354097,-4.026506,27.6,55,0.502,Modere,5369,429,2026-05-19,15,mardi,2026-05-19T15:23:08Z,principal,NA,Adjamé
AX_11,Echangeur de la Ferraille (Adjame),Adjame,Plateau,5.308686,-3.964053,16.2,50,0.324,Congestionne,9501,1294,2026-05-19,15,mardi,2026-05-19T15:23:09Z,principal,NA,Adjamé
AX_12,Feux Autoroute Nord entree Adjame,Adjame,Plateau,5.299899,-3.998254,16.5,100,0.165,Bloque,4252,566,2026-05-19,15,mardi,2026-05-19T15:23:10Z,principal,NA,Adjamé
AX_13,Carrefour Universite (Cocody),Cocody,Cocody,5.334383,-3.938384,18.2,60,0.303,Congestionne,8812,1103,2026-05-19,15,mardi,2026-05-19T15:23:12Z,principal,NA,Cocody
AX_14,2 Plateaux Vallon (Bvd Mitterrand),Cocody,Cocody,5.362127,-3.98962,11.4,60,0.19,Bloque,1354,271,2026-05-19,15,mardi,2026-05-19T15:23:13Z,principal,NA,Cocody
AX_15,Abobo Gare Mairie (Route Abobo),Abobo,Plateau,5.420996,-4.01901,33.8,90,0.376,Congestionne,13296,917,2026-05-19,15,mardi,2026-05-19T15:23:15Z,principal,NA,Abobo
AX_16,Gare Yopougon Autoroute Yopougon,Yopougon,Plateau,5.369048,-3.999911,22.6,100,0.226,Bloque,8791,887,2026-05-19,15,mardi,2026-05-19T15:23:16Z,principal,NA,Yopougon
AX_17,Clinique Fraternite (Bvd Fraternite),Yopougon,Plateau,5.349303,-4.021832,23.9,50,0.478,Congestionne,4855,463,2026-05-19,15,mardi,2026-05-19T15:23:17Z,principal,NA,Yopougon
AX_18,Carrefour Jatak (Route de Dabou),Yopougon,Plateau,5.321877,-4.1035450000000004,26.3,90,0.292,Bloque,18601,1612,2026-05-19,15,mardi,2026-05-19T15:23:19Z,principal,NA,Yopougon
AX_19,Lycee Bingerville (Route Bingerville),Bingerville,Cocody,5.357895,-3.890668,24.2,70,0.346,Congestionne,13218,1343,2026-05-19,15,mardi,2026-05-19T15:23:20Z,principal,NA,Bingerville
AX_20,Rond-point Marcory (Bvd de la Paix),Marcory,Plateau,5.303988,-4.003239,18.1,50,0.362,Congestionne,4123,514,2026-05-19,15,mardi,2026-05-19T15:23:21Z,principal,NA,Marcory
AX_01,Pont HKB (Henri Konan Bedie),Cocody/Marcory,Plateau,5.329775,-3.981814,15.7,80,0.196,Bloque,10854,1140,2026-05-19,16,mardi,2026-05-19T16:25:33Z,principal,NA,Cocody
AX_02,Pont De Gaulle,Plateau/Treichville,Plateau,5.317516,-4.016406,11,60,0.183,Bloque,1224,176,2026-05-19,16,mardi,2026-05-19T16:25:34Z,principal,NA,Plateau
AX_03,Pont Felix Houphouet-Boigny,Plateau/Treichville,Plateau,5.328028,-4.017425,14.3,60,0.238,Bloque,2414,269,2026-05-19,16,mardi,2026-05-19T16:25:36Z,principal,NA,Plateau
AX_04,Boulevard VGE (Giscard d Estaing),Plateau/Port-Bouet,Plateau,5.284092,-3.960922,16.4,100,0.164,Bloque,9720,944,2026-05-19,16,mardi,2026-05-19T16:25:37Z,principal,NA,Plateau
AX_05,5eme Pont acces Saint-Jean,Cocody/Plateau,Plateau,5.335149,-3.996117,16.9,80,0.211,Bloque,7035,685,2026-05-19,16,mardi,2026-05-19T16:25:38Z,principal,NA,Cocody
AX_06,Marche Bellville (Bvd Marseille),Treichville,Plateau,5.30587,-3.998069,14.3,50,0.286,Bloque,6069,653,2026-05-19,16,mardi,2026-05-19T16:25:40Z,principal,NA,Treichville
AX_07,Rond-point Treichville,Treichville,Plateau,5.307293,-4.011812,7,40,0.175,Bloque,2586,570,2026-05-19,16,mardi,2026-05-19T16:25:41Z,principal,NA,Treichville
AX_08,Gare Lagunaire Bvd Lagunaire,Plateau/Treichville,Plateau,5.312868,-4.010077,13.4,60,0.223,Bloque,3992,475,2026-05-19,16,mardi,2026-05-19T16:25:43Z,principal,NA,Plateau
AX_09,Carrefour de l Indenie (Adjame),Adjame,Plateau,5.341379,-4.020257,16.8,50,0.336,Congestionne,4314,408,2026-05-19,16,mardi,2026-05-19T16:25:45Z,principal,NA,Adjamé
AX_10,Adjame Mosquee (Bvd Nangui Abrogoua),Adjame,Plateau,5.354097,-4.026506,19.9,55,0.362,Congestionne,5369,429,2026-05-19,16,mardi,2026-05-19T16:25:46Z,principal,NA,Adjamé
AX_11,Echangeur de la Ferraille (Adjame),Adjame,Plateau,5.308686,-3.964053,11.7,50,0.234,Bloque,9501,1294,2026-05-19,16,mardi,2026-05-19T16:25:47Z,principal,NA,Adjamé
AX_12,Feux Autoroute Nord entree Adjame,Adjame,Plateau,5.299899,-3.998254,11.9,100,0.119,Bloque,4252,566,2026-05-19,16,mardi,2026-05-19T16:25:48Z,principal,NA,Adjamé
AX_13,Carrefour Universite (Cocody),Cocody,Cocody,5.334383,-3.938384,13.2,60,0.22,Bloque,8812,1103,2026-05-19,16,mardi,2026-05-19T16:25:50Z,principal,NA,Cocody
AX_14,2 Plateaux Vallon (Bvd Mitterrand),Cocody,Cocody,5.362127,-3.98962,8.2,60,0.137,Bloque,1354,271,2026-05-19,16,mardi,2026-05-19T16:25:51Z,principal,NA,Cocody
AX_15,Abobo Gare Mairie (Route Abobo),Abobo,Plateau,5.420996,-4.01901,24.4,90,0.271,Bloque,13296,917,2026-05-19,16,mardi,2026-05-19T16:25:52Z,principal,NA,Abobo
AX_16,Gare Yopougon Autoroute Yopougon,Yopougon,Plateau,5.369048,-3.999911,16.3,100,0.163,Bloque,8791,887,2026-05-19,16,mardi,2026-05-19T16:25:54Z,principal,NA,Yopougon
AX_17,Clinique Fraternite (Bvd Fraternite),Yopougon,Plateau,5.349303,-4.021832,17.3,50,0.346,Congestionne,4855,463,2026-05-19,16,mardi,2026-05-19T16:25:55Z,principal,NA,Yopougon
AX_18,Carrefour Jatak (Route de Dabou),Yopougon,Plateau,5.321877,-4.1035450000000004,19,90,0.211,Bloque,18601,1612,2026-05-19,16,mardi,2026-05-19T16:25:56Z,principal,NA,Yopougon
AX_19,Lycee Bingerville (Route Bingerville),Bingerville,Cocody,5.357895,-3.890668,17.5,70,0.25,Bloque,13218,1343,2026-05-19,16,mardi,2026-05-19T16:25:57Z,principal,NA,Bingerville
AX_20,Rond-point Marcory (Bvd de la Paix),Marcory,Plateau,5.303988,-4.003239,13.1,50,0.262,Bloque,4123,514,2026-05-19,16,mardi,2026-05-19T16:25:59Z,principal,NA,Marcory
AX_01,Pont HKB (Henri Konan Bedie),Cocody/Marcory,Plateau,5.329775,-3.981814,28.4,80,0.355,Congestionne,10854,1140,2026-05-19,22,mardi,2026-05-19T22:19:54Z,principal,NA,Cocody
AX_02,Pont De Gaulle,Plateau/Treichville,Plateau,5.317516,-4.016406,20,60,0.333,Congestionne,1224,176,2026-05-19,22,mardi,2026-05-19T22:19:55Z,principal,NA,Plateau
AX_03,Pont Felix Houphouet-Boigny,Plateau/Treichville,Plateau,5.328028,-4.017425,25.8,60,0.43,Congestionne,2414,269,2026-05-19,22,mardi,2026-05-19T22:19:57Z,principal,NA,Plateau
AX_04,Boulevard VGE (Giscard d Estaing),Plateau/Port-Bouet,Plateau,5.284092,-3.960922,29.6,100,0.296,Bloque,9720,944,2026-05-19,22,mardi,2026-05-19T22:19:58Z,principal,NA,Plateau
AX_05,5eme Pont acces Saint-Jean,Cocody/Plateau,Plateau,5.335149,-3.996117,30.6,80,0.382,Congestionne,7035,685,2026-05-19,22,mardi,2026-05-19T22:19:59Z,principal,NA,Cocody
AX_06,Marche Bellville (Bvd Marseille),Treichville,Plateau,5.30587,-3.998069,25.8,50,0.516,Modere,6069,653,2026-05-19,22,mardi,2026-05-19T22:20:01Z,principal,NA,Treichville
AX_07,Rond-point Treichville,Treichville,Plateau,5.307293,-4.011812,12.6,40,0.315,Congestionne,2586,570,2026-05-19,22,mardi,2026-05-19T22:20:02Z,principal,NA,Treichville
AX_08,Gare Lagunaire Bvd Lagunaire,Plateau/Treichville,Plateau,5.312868,-4.010077,24.2,60,0.403,Congestionne,3992,475,2026-05-19,22,mardi,2026-05-19T22:20:03Z,principal,NA,Plateau
AX_09,Carrefour de l Indenie (Adjame),Adjame,Plateau,5.341379,-4.020257,30.4,50,0.608,Modere,4314,408,2026-05-19,22,mardi,2026-05-19T22:20:05Z,principal,NA,Adjamé
AX_10,Adjame Mosquee (Bvd Nangui Abrogoua),Adjame,Plateau,5.354097,-4.026506,36,55,0.655,Modere,5369,429,2026-05-19,22,mardi,2026-05-19T22:20:06Z,principal,NA,Adjamé
AX_11,Echangeur de la Ferraille (Adjame),Adjame,Plateau,5.308686,-3.964053,21.1,50,0.422,Congestionne,9501,1294,2026-05-19,22,mardi,2026-05-19T22:20:07Z,principal,NA,Adjamé
AX_12,Feux Autoroute Nord entree Adjame,Adjame,Plateau,5.299899,-3.998254,21.6,100,0.216,Bloque,4252,566,2026-05-19,22,mardi,2026-05-19T22:20:08Z,principal,NA,Adjamé
AX_13,Carrefour Universite (Cocody),Cocody,Cocody,5.334383,-3.938384,23.8,60,0.397,Congestionne,8812,1103,2026-05-19,22,mardi,2026-05-19T22:20:09Z,principal,NA,Cocody
AX_14,2 Plateaux Vallon (Bvd Mitterrand),Cocody,Cocody,5.362127,-3.98962,14.9,60,0.248,Bloque,1354,271,2026-05-19,22,mardi,2026-05-19T22:20:11Z,principal,NA,Cocody
AX_15,Abobo Gare Mairie (Route Abobo),Abobo,Plateau,5.420996,-4.01901,44.2,90,0.491,Congestionne,13296,917,2026-05-19,22,mardi,2026-05-19T22:20:12Z,principal,NA,Abobo
AX_16,Gare Yopougon Autoroute Yopougon,Yopougon,Plateau,5.369048,-3.999911,29.5,100,0.295,Bloque,8791,887,2026-05-19,22,mardi,2026-05-19T22:20:13Z,principal,NA,Yopougon
AX_17,Clinique Fraternite (Bvd Fraternite),Yopougon,Plateau,5.349303,-4.021832,31.2,50,0.624,Modere,4855,463,2026-05-19,22,mardi,2026-05-19T22:20:15Z,principal,NA,Yopougon
AX_18,Carrefour Jatak (Route de Dabou),Yopougon,Plateau,5.321877,-4.1035450000000004,34.3,90,0.381,Congestionne,18601,1612,2026-05-19,22,mardi,2026-05-19T22:20:16Z,principal,NA,Yopougon
AX_19,Lycee Bingerville (Route Bingerville),Bingerville,Cocody,5.357895,-3.890668,31.6,70,0.451,Congestionne,13218,1343,2026-05-19,22,mardi,2026-05-19T22:20:17Z,principal,NA,Bingerville
AX_20,Rond-point Marcory (Bvd de la Paix),Marcory,Plateau,5.303988,-4.003239,23.6,50,0.472,Congestionne,4123,514,2026-05-19,22,mardi,2026-05-19T22:20:18Z,principal,NA,Marcory
AX_01,Pont HKB (Henri Konan Bedie),Cocody/Marcory,Plateau,5.329775,-3.981814,24.1,80,0.301,Congestionne,10854,1140,2026-05-20,11,mercredi,2026-05-20T11:50:46Z,principal,NA,Cocody
AX_02,Pont De Gaulle,Plateau/Treichville,Plateau,5.317516,-4.016406,17,60,0.283,Bloque,1224,176,2026-05-20,11,mercredi,2026-05-20T11:50:47Z,principal,NA,Plateau
AX_03,Pont Felix Houphouet-Boigny,Plateau/Treichville,Plateau,5.328028,-4.017425,22,60,0.367,Congestionne,2414,269,2026-05-20,11,mercredi,2026-05-20T11:50:49Z,principal,NA,Plateau
AX_04,Boulevard VGE (Giscard d Estaing),Plateau/Port-Bouet,Plateau,5.284092,-3.960922,25.2,100,0.252,Bloque,9720,944,2026-05-20,11,mercredi,2026-05-20T11:50:50Z,principal,NA,Plateau
AX_05,5eme Pont acces Saint-Jean,Cocody/Plateau,Plateau,5.335149,-3.996117,26,80,0.325,Congestionne,7035,685,2026-05-20,11,mercredi,2026-05-20T11:50:51Z,principal,NA,Cocody
AX_06,Marche Bellville (Bvd Marseille),Treichville,Plateau,5.30587,-3.998069,22,50,0.44,Congestionne,6069,653,2026-05-20,11,mercredi,2026-05-20T11:50:52Z,principal,NA,Treichville
AX_07,Rond-point Treichville,Treichville,Plateau,5.307293,-4.011812,10.7,40,0.267,Bloque,2586,570,2026-05-20,11,mercredi,2026-05-20T11:50:54Z,principal,NA,Treichville
AX_08,Gare Lagunaire Bvd Lagunaire,Plateau/Treichville,Plateau,5.312868,-4.010077,20.6,60,0.343,Congestionne,3992,475,2026-05-20,11,mercredi,2026-05-20T11:50:55Z,principal,NA,Plateau
AX_09,Carrefour de l Indenie (Adjame),Adjame,Plateau,5.341379,-4.020257,25.9,50,0.518,Modere,4314,408,2026-05-20,11,mercredi,2026-05-20T11:50:56Z,principal,NA,Adjamé
AX_10,Adjame Mosquee (Bvd Nangui Abrogoua),Adjame,Plateau,5.354097,-4.026506,30.7,55,0.558,Modere,5369,429,2026-05-20,11,mercredi,2026-05-20T11:50:57Z,principal,NA,Adjamé
AX_11,Echangeur de la Ferraille (Adjame),Adjame,Plateau,5.308686,-3.964053,18,50,0.36,Congestionne,9501,1294,2026-05-20,11,mercredi,2026-05-20T11:50:58Z,principal,NA,Adjamé
AX_12,Feux Autoroute Nord entree Adjame,Adjame,Plateau,5.299899,-3.998254,18.4,100,0.184,Bloque,4252,566,2026-05-20,11,mercredi,2026-05-20T11:51:00Z,principal,NA,Adjamé
AX_13,Carrefour Universite (Cocody),Cocody,Cocody,5.334383,-3.938384,20.3,60,0.338,Congestionne,8812,1103,2026-05-20,11,mercredi,2026-05-20T11:51:01Z,principal,NA,Cocody
AX_14,2 Plateaux Vallon (Bvd Mitterrand),Cocody,Cocody,5.362127,-3.98962,12.7,60,0.212,Bloque,1354,271,2026-05-20,11,mercredi,2026-05-20T11:51:02Z,principal,NA,Cocody
AX_15,Abobo Gare Mairie (Route Abobo),Abobo,Plateau,5.420996,-4.01901,37.6,90,0.418,Congestionne,13296,917,2026-05-20,11,mercredi,2026-05-20T11:51:03Z,principal,NA,Abobo
AX_16,Gare Yopougon Autoroute Yopougon,Yopougon,Plateau,5.369048,-3.999911,25.1,100,0.251,Bloque,8791,887,2026-05-20,11,mercredi,2026-05-20T11:51:04Z,principal,NA,Yopougon
AX_17,Clinique Fraternite (Bvd Fraternite),Yopougon,Plateau,5.349303,-4.021832,26.5,50,0.53,Modere,4855,463,2026-05-20,11,mercredi,2026-05-20T11:51:06Z,principal,NA,Yopougon
AX_18,Carrefour Jatak (Route de Dabou),Yopougon,Plateau,5.321877,-4.1035450000000004,29.2,90,0.324,Congestionne,18601,1612,2026-05-20,11,mercredi,2026-05-20T11:51:07Z,principal,NA,Yopougon
AX_19,Lycee Bingerville (Route Bingerville),Bingerville,Cocody,5.357895,-3.890668,26.9,70,0.384,Congestionne,13218,1343,2026-05-20,11,mercredi,2026-05-20T11:51:08Z,principal,NA,Bingerville
AX_20,Rond-point Marcory (Bvd de la Paix),Marcory,Plateau,5.303988,-4.003239,20.1,50,0.402,Congestionne,4123,514,2026-05-20,11,mercredi,2026-05-20T11:51:09Z,principal,NA,Marcory
AX_01,Pont HKB (Henri Konan Bedie),Cocody/Marcory,Plateau,5.329775,-3.981814,20.5,80,0.256,Bloque,10854,1140,2026-05-20,12,mercredi,2026-05-20T12:22:03Z,principal,NA,Cocody
AX_02,Pont De Gaulle,Plateau/Treichville,Plateau,5.317516,-4.016406,14.4,60,0.24,Bloque,1224,176,2026-05-20,12,mercredi,2026-05-20T12:22:04Z,principal,NA,Plateau
AX_03,Pont Felix Houphouet-Boigny,Plateau/Treichville,Plateau,5.328028,-4.017425,18.7,60,0.312,Congestionne,2414,269,2026-05-20,12,mercredi,2026-05-20T12:22:05Z,principal,NA,Plateau
AX_04,Boulevard VGE (Giscard d Estaing),Plateau/Port-Bouet,Plateau,5.284092,-3.960922,21.4,100,0.214,Bloque,9720,944,2026-05-20,12,mercredi,2026-05-20T12:22:06Z,principal,NA,Plateau
AX_05,5eme Pont acces Saint-Jean,Cocody/Plateau,Plateau,5.335149,-3.996117,22.1,80,0.276,Bloque,7035,685,2026-05-20,12,mercredi,2026-05-20T12:22:08Z,principal,NA,Cocody
AX_06,Marche Bellville (Bvd Marseille),Treichville,Plateau,5.30587,-3.998069,18.7,50,0.374,Congestionne,6069,653,2026-05-20,12,mercredi,2026-05-20T12:22:09Z,principal,NA,Treichville
AX_07,Rond-point Treichville,Treichville,Plateau,5.307293,-4.011812,9.1,40,0.227,Bloque,2586,570,2026-05-20,12,mercredi,2026-05-20T12:22:10Z,principal,NA,Treichville
AX_08,Gare Lagunaire Bvd Lagunaire,Plateau/Treichville,Plateau,5.312868,-4.010077,17.5,60,0.292,Bloque,3992,475,2026-05-20,12,mercredi,2026-05-20T12:22:11Z,principal,NA,Plateau
AX_09,Carrefour de l Indenie (Adjame),Adjame,Plateau,5.341379,-4.020257,22,50,0.44,Congestionne,4314,408,2026-05-20,12,mercredi,2026-05-20T12:22:12Z,principal,NA,Adjamé
AX_10,Adjame Mosquee (Bvd Nangui Abrogoua),Adjame,Plateau,5.354097,-4.026506,26.1,55,0.475,Congestionne,5369,429,2026-05-20,12,mercredi,2026-05-20T12:22:14Z,principal,NA,Adjamé
AX_11,Echangeur de la Ferraille (Adjame),Adjame,Plateau,5.308686,-3.964053,15.3,50,0.306,Congestionne,9501,1294,2026-05-20,12,mercredi,2026-05-20T12:22:15Z,principal,NA,Adjamé
AX_12,Feux Autoroute Nord entree Adjame,Adjame,Plateau,5.299899,-3.998254,15.6,100,0.156,Bloque,4252,566,2026-05-20,12,mercredi,2026-05-20T12:22:16Z,principal,NA,Adjamé
AX_13,Carrefour Universite (Cocody),Cocody,Cocody,5.334383,-3.938384,17.2,60,0.287,Bloque,8812,1103,2026-05-20,12,mercredi,2026-05-20T12:22:17Z,principal,NA,Cocody
AX_14,2 Plateaux Vallon (Bvd Mitterrand),Cocody,Cocody,5.362127,-3.98962,10.8,60,0.18,Bloque,1354,271,2026-05-20,12,mercredi,2026-05-20T12:22:18Z,principal,NA,Cocody
AX_15,Abobo Gare Mairie (Route Abobo),Abobo,Plateau,5.420996,-4.01901,31.9,90,0.354,Congestionne,13296,917,2026-05-20,12,mercredi,2026-05-20T12:22:20Z,principal,NA,Abobo
AX_16,Gare Yopougon Autoroute Yopougon,Yopougon,Plateau,5.369048,-3.999911,21.4,100,0.214,Bloque,8791,887,2026-05-20,12,mercredi,2026-05-20T12:22:21Z,principal,NA,Yopougon
AX_17,Clinique Fraternite (Bvd Fraternite),Yopougon,Plateau,5.349303,-4.021832,22.6,50,0.452,Congestionne,4855,463,2026-05-20,12,mercredi,2026-05-20T12:22:22Z,principal,NA,Yopougon
AX_18,Carrefour Jatak (Route de Dabou),Yopougon,Plateau,5.321877,-4.1035450000000004,24.8,90,0.276,Bloque,18601,1612,2026-05-20,12,mercredi,2026-05-20T12:22:23Z,principal,NA,Yopougon
AX_19,Lycee Bingerville (Route Bingerville),Bingerville,Cocody,5.357895,-3.890668,22.9,70,0.327,Congestionne,13218,1343,2026-05-20,12,mercredi,2026-05-20T12:22:24Z,principal,NA,Bingerville
AX_20,Rond-point Marcory (Bvd de la Paix),Marcory,Plateau,5.303988,-4.003239,17.1,50,0.342,Congestionne,4123,514,2026-05-20,12,mercredi,2026-05-20T12:22:26Z,principal,NA,Marcory
AX_01,Pont HKB (Henri Konan Bedie),Cocody/Marcory,Plateau,5.329775,-3.981814,23.5,80,0.294,Bloque,10854,1140,2026-05-20,13,mercredi,2026-05-20T13:24:30Z,principal,NA,Cocody
AX_02,Pont De Gaulle,Plateau/Treichville,Plateau,5.317516,-4.016406,16.6,60,0.277,Bloque,1224,176,2026-05-20,13,mercredi,2026-05-20T13:24:31Z,principal,NA,Plateau
AX_03,Pont Felix Houphouet-Boigny,Plateau/Treichville,Plateau,5.328028,-4.017425,21.4,60,0.357,Congestionne,2414,269,2026-05-20,13,mercredi,2026-05-20T13:24:32Z,principal,NA,Plateau
AX_04,Boulevard VGE (Giscard d Estaing),Plateau/Port-Bouet,Plateau,5.284092,-3.960922,24.6,100,0.246,Bloque,9720,944,2026-05-20,13,mercredi,2026-05-20T13:24:33Z,principal,NA,Plateau
AX_05,5eme Pont acces Saint-Jean,Cocody/Plateau,Plateau,5.335149,-3.996117,25.4,80,0.318,Congestionne,7035,685,2026-05-20,13,mercredi,2026-05-20T13:24:35Z,principal,NA,Cocody
AX_06,Marche Bellville (Bvd Marseille),Treichville,Plateau,5.30587,-3.998069,21.4,50,0.428,Congestionne,6069,653,2026-05-20,13,mercredi,2026-05-20T13:24:36Z,principal,NA,Treichville
AX_07,Rond-point Treichville,Treichville,Plateau,5.307293,-4.011812,10.4,40,0.26,Bloque,2586,570,2026-05-20,13,mercredi,2026-05-20T13:24:37Z,principal,NA,Treichville
AX_08,Gare Lagunaire Bvd Lagunaire,Plateau/Treichville,Plateau,5.312868,-4.010077,20.1,60,0.335,Congestionne,3992,475,2026-05-20,13,mercredi,2026-05-20T13:24:38Z,principal,NA,Plateau
AX_09,Carrefour de l Indenie (Adjame),Adjame,Plateau,5.341379,-4.020257,25.3,50,0.506,Modere,4314,408,2026-05-20,13,mercredi,2026-05-20T13:24:40Z,principal,NA,Adjamé
AX_10,Adjame Mosquee (Bvd Nangui Abrogoua),Adjame,Plateau,5.354097,-4.026506,29.9,55,0.544,Modere,5369,429,2026-05-20,13,mercredi,2026-05-20T13:24:41Z,principal,NA,Adjamé
AX_11,Echangeur de la Ferraille (Adjame),Adjame,Plateau,5.308686,-3.964053,17.5,50,0.35,Congestionne,9501,1294,2026-05-20,13,mercredi,2026-05-20T13:24:42Z,principal,NA,Adjamé
AX_12,Feux Autoroute Nord entree Adjame,Adjame,Plateau,5.299899,-3.998254,17.9,100,0.179,Bloque,4252,566,2026-05-20,13,mercredi,2026-05-20T13:24:43Z,principal,NA,Adjamé
AX_13,Carrefour Universite (Cocody),Cocody,Cocody,5.334383,-3.938384,19.8,60,0.33,Congestionne,8812,1103,2026-05-20,13,mercredi,2026-05-20T13:24:44Z,principal,NA,Cocody
AX_14,2 Plateaux Vallon (Bvd Mitterrand),Cocody,Cocody,5.362127,-3.98962,12.4,60,0.207,Bloque,1354,271,2026-05-20,13,mercredi,2026-05-20T13:24:46Z,principal,NA,Cocody
AX_15,Abobo Gare Mairie (Route Abobo),Abobo,Plateau,5.420996,-4.01901,36.6,90,0.407,Congestionne,13296,917,2026-05-20,13,mercredi,2026-05-20T13:24:47Z,principal,NA,Abobo
AX_16,Gare Yopougon Autoroute Yopougon,Yopougon,Plateau,5.369048,-3.999911,24.5,100,0.245,Bloque,8791,887,2026-05-20,13,mercredi,2026-05-20T13:24:48Z,principal,NA,Yopougon
AX_17,Clinique Fraternite (Bvd Fraternite),Yopougon,Plateau,5.349303,-4.021832,25.9,50,0.518,Modere,4855,463,2026-05-20,13,mercredi,2026-05-20T13:24:49Z,principal,NA,Yopougon
AX_18,Carrefour Jatak (Route de Dabou),Yopougon,Plateau,5.321877,-4.1035450000000004,28.5,90,0.317,Congestionne,18601,1612,2026-05-20,13,mercredi,2026-05-20T13:24:51Z,principal,NA,Yopougon
AX_19,Lycee Bingerville (Route Bingerville),Bingerville,Cocody,5.357895,-3.890668,26.2,70,0.374,Congestionne,13218,1343,2026-05-20,13,mercredi,2026-05-20T13:24:52Z,principal,NA,Bingerville
AX_20,Rond-point Marcory (Bvd de la Paix),Marcory,Plateau,5.303988,-4.003239,19.6,50,0.392,Congestionne,4123,514,2026-05-20,13,mercredi,2026-05-20T13:24:53Z,principal,NA,Marcory
AX_01,Pont HKB (Henri Konan Bedie),Cocody/Marcory,Plateau,5.329775,-3.981814,24.8,80,0.31,Congestionne,10854,1140,2026-05-20,14,mercredi,2026-05-20T14:26:53Z,principal,NA,Cocody
AX_02,Pont De Gaulle,Plateau/Treichville,Plateau,5.317516,-4.016406,17.4,60,0.29,Bloque,1224,176,2026-05-20,14,mercredi,2026-05-20T14:26:55Z,principal,NA,Plateau
AX_03,Pont Felix Houphouet-Boigny,Plateau/Treichville,Plateau,5.328028,-4.017425,22.5,60,0.375,Congestionne,2414,269,2026-05-20,14,mercredi,2026-05-20T14:26:56Z,principal,NA,Plateau
AX_04,Boulevard VGE (Giscard d Estaing),Plateau/Port-Bouet,Plateau,5.284092,-3.960922,25.9,100,0.259,Bloque,9720,944,2026-05-20,14,mercredi,2026-05-20T14:26:57Z,principal,NA,Plateau
AX_05,5eme Pont acces Saint-Jean,Cocody/Plateau,Plateau,5.335149,-3.996117,26.7,80,0.334,Congestionne,7035,685,2026-05-20,14,mercredi,2026-05-20T14:26:58Z,principal,NA,Cocody
AX_06,Marche Bellville (Bvd Marseille),Treichville,Plateau,5.30587,-3.998069,22.5,50,0.45,Congestionne,6069,653,2026-05-20,14,mercredi,2026-05-20T14:26:59Z,principal,NA,Treichville
AX_07,Rond-point Treichville,Treichville,Plateau,5.307293,-4.011812,11,40,0.275,Bloque,2586,570,2026-05-20,14,mercredi,2026-05-20T14:27:01Z,principal,NA,Treichville
AX_08,Gare Lagunaire Bvd Lagunaire,Plateau/Treichville,Plateau,5.312868,-4.010077,21.1,60,0.352,Congestionne,3992,475,2026-05-20,14,mercredi,2026-05-20T14:27:02Z,principal,NA,Plateau
AX_09,Carrefour de l Indenie (Adjame),Adjame,Plateau,5.341379,-4.020257,26.6,50,0.532,Modere,4314,408,2026-05-20,14,mercredi,2026-05-20T14:27:03Z,principal,NA,Adjamé
AX_10,Adjame Mosquee (Bvd Nangui Abrogoua),Adjame,Plateau,5.354097,-4.026506,31.4,55,0.571,Modere,5369,429,2026-05-20,14,mercredi,2026-05-20T14:27:04Z,principal,NA,Adjamé
AX_11,Echangeur de la Ferraille (Adjame),Adjame,Plateau,5.308686,-3.964053,18.4,50,0.368,Congestionne,9501,1294,2026-05-20,14,mercredi,2026-05-20T14:27:06Z,principal,NA,Adjamé
AX_12,Feux Autoroute Nord entree Adjame,Adjame,Plateau,5.299899,-3.998254,18.8,100,0.188,Bloque,4252,566,2026-05-20,14,mercredi,2026-05-20T14:27:07Z,principal,NA,Adjamé
AX_13,Carrefour Universite (Cocody),Cocody,Cocody,5.334383,-3.938384,20.8,60,0.347,Congestionne,8812,1103,2026-05-20,14,mercredi,2026-05-20T14:27:08Z,principal,NA,Cocody
AX_14,2 Plateaux Vallon (Bvd Mitterrand),Cocody,Cocody,5.362127,-3.98962,13,60,0.217,Bloque,1354,271,2026-05-20,14,mercredi,2026-05-20T14:27:09Z,principal,NA,Cocody
AX_15,Abobo Gare Mairie (Route Abobo),Abobo,Plateau,5.420996,-4.01901,38.5,90,0.428,Congestionne,13296,917,2026-05-20,14,mercredi,2026-05-20T14:27:10Z,principal,NA,Abobo
AX_16,Gare Yopougon Autoroute Yopougon,Yopougon,Plateau,5.369048,-3.999911,25.8,100,0.258,Bloque,8791,887,2026-05-20,14,mercredi,2026-05-20T14:27:12Z,principal,NA,Yopougon
AX_17,Clinique Fraternite (Bvd Fraternite),Yopougon,Plateau,5.349303,-4.021832,27.2,50,0.544,Modere,4855,463,2026-05-20,14,mercredi,2026-05-20T14:27:13Z,principal,NA,Yopougon
AX_18,Carrefour Jatak (Route de Dabou),Yopougon,Plateau,5.321877,-4.1035450000000004,29.9,90,0.332,Congestionne,18601,1612,2026-05-20,14,mercredi,2026-05-20T14:27:14Z,principal,NA,Yopougon
AX_19,Lycee Bingerville (Route Bingerville),Bingerville,Cocody,5.357895,-3.890668,27.6,70,0.394,Congestionne,13218,1343,2026-05-20,14,mercredi,2026-05-20T14:27:15Z,principal,NA,Bingerville
AX_20,Rond-point Marcory (Bvd de la Paix),Marcory,Plateau,5.303988,-4.003239,20.6,50,0.412,Congestionne,4123,514,2026-05-20,14,mercredi,2026-05-20T14:27:17Z,principal,NA,Marcory
AX_01,Pont HKB (Henri Konan Bedie),Cocody/Marcory,Plateau,5.329775,-3.981814,21.7,80,0.271,Bloque,10854,1140,2026-05-20,15,mercredi,2026-05-20T15:29:29Z,principal,NA,Cocody
AX_02,Pont De Gaulle,Plateau/Treichville,Plateau,5.317516,-4.016406,15.3,60,0.255,Bloque,1224,176,2026-05-20,15,mercredi,2026-05-20T15:29:30Z,principal,NA,Plateau
AX_03,Pont Felix Houphouet-Boigny,Plateau/Treichville,Plateau,5.328028,-4.017425,19.8,60,0.33,Congestionne,2414,269,2026-05-20,15,mercredi,2026-05-20T15:29:32Z,principal,NA,Plateau
AX_04,Boulevard VGE (Giscard d Estaing),Plateau/Port-Bouet,Plateau,5.284092,-3.960922,22.7,100,0.227,Bloque,9720,944,2026-05-20,15,mercredi,2026-05-20T15:29:33Z,principal,NA,Plateau
AX_05,5eme Pont acces Saint-Jean,Cocody/Plateau,Plateau,5.335149,-3.996117,23.4,80,0.292,Bloque,7035,685,2026-05-20,15,mercredi,2026-05-20T15:29:34Z,principal,NA,Cocody
AX_06,Marche Bellville (Bvd Marseille),Treichville,Plateau,5.30587,-3.998069,19.8,50,0.396,Congestionne,6069,653,2026-05-20,15,mercredi,2026-05-20T15:29:35Z,principal,NA,Treichville
AX_07,Rond-point Treichville,Treichville,Plateau,5.307293,-4.011812,9.6,40,0.24,Bloque,2586,570,2026-05-20,15,mercredi,2026-05-20T15:29:36Z,principal,NA,Treichville
AX_08,Gare Lagunaire Bvd Lagunaire,Plateau/Treichville,Plateau,5.312868,-4.010077,18.5,60,0.308,Congestionne,3992,475,2026-05-20,15,mercredi,2026-05-20T15:29:38Z,principal,NA,Plateau
AX_09,Carrefour de l Indenie (Adjame),Adjame,Plateau,5.341379,-4.020257,23.3,50,0.466,Congestionne,4314,408,2026-05-20,15,mercredi,2026-05-20T15:29:39Z,principal,NA,Adjamé
AX_10,Adjame Mosquee (Bvd Nangui Abrogoua),Adjame,Plateau,5.354097,-4.026506,27.6,55,0.502,Modere,5369,429,2026-05-20,15,mercredi,2026-05-20T15:29:40Z,principal,NA,Adjamé
AX_11,Echangeur de la Ferraille (Adjame),Adjame,Plateau,5.308686,-3.964053,16.2,50,0.324,Congestionne,9501,1294,2026-05-20,15,mercredi,2026-05-20T15:29:41Z,principal,NA,Adjamé
AX_12,Feux Autoroute Nord entree Adjame,Adjame,Plateau,5.299899,-3.998254,16.5,100,0.165,Bloque,4252,566,2026-05-20,15,mercredi,2026-05-20T15:29:43Z,principal,NA,Adjamé
AX_13,Carrefour Universite (Cocody),Cocody,Cocody,5.334383,-3.938384,18.2,60,0.303,Congestionne,8812,1103,2026-05-20,15,mercredi,2026-05-20T15:29:44Z,principal,NA,Cocody
AX_14,2 Plateaux Vallon (Bvd Mitterrand),Cocody,Cocody,5.362127,-3.98962,11.4,60,0.19,Bloque,1354,271,2026-05-20,15,mercredi,2026-05-20T15:29:45Z,principal,NA,Cocody
AX_15,Abobo Gare Mairie (Route Abobo),Abobo,Plateau,5.420996,-4.01901,33.8,90,0.376,Congestionne,13296,917,2026-05-20,15,mercredi,2026-05-20T15:29:46Z,principal,NA,Abobo
AX_16,Gare Yopougon Autoroute Yopougon,Yopougon,Plateau,5.369048,-3.999911,22.6,100,0.226,Bloque,8791,887,2026-05-20,15,mercredi,2026-05-20T15:29:47Z,principal,NA,Yopougon
AX_17,Clinique Fraternite (Bvd Fraternite),Yopougon,Plateau,5.349303,-4.021832,23.9,50,0.478,Congestionne,4855,463,2026-05-20,15,mercredi,2026-05-20T15:29:49Z,principal,NA,Yopougon
AX_18,Carrefour Jatak (Route de Dabou),Yopougon,Plateau,5.321877,-4.1035450000000004,26.3,90,0.292,Bloque,18601,1612,2026-05-20,15,mercredi,2026-05-20T15:29:50Z,principal,NA,Yopougon
AX_19,Lycee Bingerville (Route Bingerville),Bingerville,Cocody,5.357895,-3.890668,24.2,70,0.346,Congestionne,13218,1343,2026-05-20,15,mercredi,2026-05-20T15:29:51Z,principal,NA,Bingerville
AX_20,Rond-point Marcory (Bvd de la Paix),Marcory,Plateau,5.303988,-4.003239,18.1,50,0.362,Congestionne,4123,514,2026-05-20,15,mercredi,2026-05-20T15:29:52Z,principal,NA,Marcory
AX_01,Pont HKB (Henri Konan Bedie),Cocody/Marcory,Plateau,5.329775,-3.981814,15.7,80,0.196,Bloque,10854,1140,2026-05-20,16,mercredi,2026-05-20T16:00:48Z,principal,NA,Cocody
AX_02,Pont De Gaulle,Plateau/Treichville,Plateau,5.317516,-4.016406,11,60,0.183,Bloque,1224,176,2026-05-20,16,mercredi,2026-05-20T16:00:49Z,principal,NA,Plateau
AX_03,Pont Felix Houphouet-Boigny,Plateau/Treichville,Plateau,5.328028,-4.017425,14.3,60,0.238,Bloque,2414,269,2026-05-20,16,mercredi,2026-05-20T16:00:50Z,principal,NA,Plateau
AX_04,Boulevard VGE (Giscard d Estaing),Plateau/Port-Bouet,Plateau,5.284092,-3.960922,16.4,100,0.164,Bloque,9720,944,2026-05-20,16,mercredi,2026-05-20T16:00:52Z,principal,NA,Plateau
AX_05,5eme Pont acces Saint-Jean,Cocody/Plateau,Plateau,5.335149,-3.996117,16.9,80,0.211,Bloque,7035,685,2026-05-20,16,mercredi,2026-05-20T16:00:53Z,principal,NA,Cocody
AX_06,Marche Bellville (Bvd Marseille),Treichville,Plateau,5.30587,-3.998069,14.3,50,0.286,Bloque,6069,653,2026-05-20,16,mercredi,2026-05-20T16:00:54Z,principal,NA,Treichville
AX_07,Rond-point Treichville,Treichville,Plateau,5.307293,-4.011812,7,40,0.175,Bloque,2586,570,2026-05-20,16,mercredi,2026-05-20T16:00:55Z,principal,NA,Treichville
AX_08,Gare Lagunaire Bvd Lagunaire,Plateau/Treichville,Plateau,5.312868,-4.010077,13.4,60,0.223,Bloque,3992,475,2026-05-20,16,mercredi,2026-05-20T16:00:57Z,principal,NA,Plateau
AX_09,Carrefour de l Indenie (Adjame),Adjame,Plateau,5.341379,-4.020257,16.8,50,0.336,Congestionne,4314,408,2026-05-20,16,mercredi,2026-05-20T16:00:58Z,principal,NA,Adjamé
AX_10,Adjame Mosquee (Bvd Nangui Abrogoua),Adjame,Plateau,5.354097,-4.026506,19.9,55,0.362,Congestionne,5369,429,2026-05-20,16,mercredi,2026-05-20T16:00:59Z,principal,NA,Adjamé
AX_11,Echangeur de la Ferraille (Adjame),Adjame,Plateau,5.308686,-3.964053,11.7,50,0.234,Bloque,9501,1294,2026-05-20,16,mercredi,2026-05-20T16:01:00Z,principal,NA,Adjamé
AX_12,Feux Autoroute Nord entree Adjame,Adjame,Plateau,5.299899,-3.998254,11.9,100,0.119,Bloque,4252,566,2026-05-20,16,mercredi,2026-05-20T16:01:01Z,principal,NA,Adjamé
AX_13,Carrefour Universite (Cocody),Cocody,Cocody,5.334383,-3.938384,13.2,60,0.22,Bloque,8812,1103,2026-05-20,16,mercredi,2026-05-20T16:01:03Z,principal,NA,Cocody
AX_14,2 Plateaux Vallon (Bvd Mitterrand),Cocody,Cocody,5.362127,-3.98962,8.2,60,0.137,Bloque,1354,271,2026-05-20,16,mercredi,2026-05-20T16:01:04Z,principal,NA,Cocody
AX_15,Abobo Gare Mairie (Route Abobo),Abobo,Plateau,5.420996,-4.01901,24.4,90,0.271,Bloque,13296,917,2026-05-20,16,mercredi,2026-05-20T16:01:05Z,principal,NA,Abobo
AX_16,Gare Yopougon Autoroute Yopougon,Yopougon,Plateau,5.369048,-3.999911,16.3,100,0.163,Bloque,8791,887,2026-05-20,16,mercredi,2026-05-20T16:01:06Z,principal,NA,Yopougon
AX_17,Clinique Fraternite (Bvd Fraternite),Yopougon,Plateau,5.349303,-4.021832,17.3,50,0.346,Congestionne,4855,463,2026-05-20,16,mercredi,2026-05-20T16:01:07Z,principal,NA,Yopougon
AX_18,Carrefour Jatak (Route de Dabou),Yopougon,Plateau,5.321877,-4.1035450000000004,19,90,0.211,Bloque,18601,1612,2026-05-20,16,mercredi,2026-05-20T16:01:09Z,principal,NA,Yopougon
AX_19,Lycee Bingerville (Route Bingerville),Bingerville,Cocody,5.357895,-3.890668,17.5,70,0.25,Bloque,13218,1343,2026-05-20,16,mercredi,2026-05-20T16:01:10Z,principal,NA,Bingerville
AX_20,Rond-point Marcory (Bvd de la Paix),Marcory,Plateau,5.303988,-4.003239,13.1,50,0.262,Bloque,4123,514,2026-05-20,16,mercredi,2026-05-20T16:01:11Z,principal,NA,Marcory
AX_01,Pont HKB (Henri Konan Bedie),Cocody/Marcory,Plateau,5.329775,-3.981814,11.5,80,0.144,Bloque,10854,1140,2026-05-20,17,mercredi,2026-05-20T17:03:27Z,principal,NA,Cocody
AX_02,Pont De Gaulle,Plateau/Treichville,Plateau,5.317516,-4.016406,8.1,60,0.135,Bloque,1224,176,2026-05-20,17,mercredi,2026-05-20T17:03:28Z,principal,NA,Plateau
AX_03,Pont Felix Houphouet-Boigny,Plateau/Treichville,Plateau,5.328028,-4.017425,10.4,60,0.173,Bloque,2414,269,2026-05-20,17,mercredi,2026-05-20T17:03:29Z,principal,NA,Plateau
AX_04,Boulevard VGE (Giscard d Estaing),Plateau/Port-Bouet,Plateau,5.284092,-3.960922,12,100,0.12,Bloque,9720,944,2026-05-20,17,mercredi,2026-05-20T17:03:31Z,principal,NA,Plateau
AX_05,5eme Pont acces Saint-Jean,Cocody/Plateau,Plateau,5.335149,-3.996117,12.4,80,0.155,Bloque,7035,685,2026-05-20,17,mercredi,2026-05-20T17:03:32Z,principal,NA,Cocody
AX_06,Marche Bellville (Bvd Marseille),Treichville,Plateau,5.30587,-3.998069,10.4,50,0.208,Bloque,6069,653,2026-05-20,17,mercredi,2026-05-20T17:03:33Z,principal,NA,Treichville
AX_07,Rond-point Treichville,Treichville,Plateau,5.307293,-4.011812,5.1,40,0.128,Bloque,2586,570,2026-05-20,17,mercredi,2026-05-20T17:03:35Z,principal,NA,Treichville
AX_08,Gare Lagunaire Bvd Lagunaire,Plateau/Treichville,Plateau,5.312868,-4.010077,9.8,60,0.163,Bloque,3992,475,2026-05-20,17,mercredi,2026-05-20T17:03:36Z,principal,NA,Plateau
AX_09,Carrefour de l Indenie (Adjame),Adjame,Plateau,5.341379,-4.020257,12.3,50,0.246,Bloque,4314,408,2026-05-20,17,mercredi,2026-05-20T17:03:37Z,principal,NA,Adjamé
AX_10,Adjame Mosquee (Bvd Nangui Abrogoua),Adjame,Plateau,5.354097,-4.026506,14.6,55,0.265,Bloque,5369,429,2026-05-20,17,mercredi,2026-05-20T17:03:38Z,principal,NA,Adjamé
AX_11,Echangeur de la Ferraille (Adjame),Adjame,Plateau,5.308686,-3.964053,8.5,50,0.17,Bloque,9501,1294,2026-05-20,17,mercredi,2026-05-20T17:03:40Z,principal,NA,Adjamé
AX_12,Feux Autoroute Nord entree Adjame,Adjame,Plateau,5.299899,-3.998254,8.7,100,0.087,Bloque,4252,566,2026-05-20,17,mercredi,2026-05-20T17:03:41Z,principal,NA,Adjamé
AX_13,Carrefour Universite (Cocody),Cocody,Cocody,5.334383,-3.938384,9.6,60,0.16,Bloque,8812,1103,2026-05-20,17,mercredi,2026-05-20T17:03:42Z,principal,NA,Cocody
AX_14,2 Plateaux Vallon (Bvd Mitterrand),Cocody,Cocody,5.362127,-3.98962,6,60,0.1,Bloque,1354,271,2026-05-20,17,mercredi,2026-05-20T17:03:43Z,principal,NA,Cocody
AX_15,Abobo Gare Mairie (Route Abobo),Abobo,Plateau,5.420996,-4.01901,17.9,90,0.199,Bloque,13296,917,2026-05-20,17,mercredi,2026-05-20T17:03:44Z,principal,NA,Abobo
AX_16,Gare Yopougon Autoroute Yopougon,Yopougon,Plateau,5.369048,-3.999911,11.9,100,0.119,Bloque,8791,887,2026-05-20,17,mercredi,2026-05-20T17:03:46Z,principal,NA,Yopougon
AX_17,Clinique Fraternite (Bvd Fraternite),Yopougon,Plateau,5.349303,-4.021832,12.6,50,0.252,Bloque,4855,463,2026-05-20,17,mercredi,2026-05-20T17:03:47Z,principal,NA,Yopougon
AX_18,Carrefour Jatak (Route de Dabou),Yopougon,Plateau,5.321877,-4.1035450000000004,13.9,90,0.154,Bloque,18601,1612,2026-05-20,17,mercredi,2026-05-20T17:03:48Z,principal,NA,Yopougon
AX_19,Lycee Bingerville (Route Bingerville),Bingerville,Cocody,5.357895,-3.890668,12.8,70,0.183,Bloque,13218,1343,2026-05-20,17,mercredi,2026-05-20T17:03:49Z,principal,NA,Bingerville
AX_20,Rond-point Marcory (Bvd de la Paix),Marcory,Plateau,5.303988,-4.003239,9.6,50,0.192,Bloque,4123,514,2026-05-20,17,mercredi,2026-05-20T17:03:51Z,principal,NA,Marcory
AX_01,Pont HKB (Henri Konan Bedie),Cocody/Marcory,Plateau,5.329775,-3.981814,23.5,80,0.294,Bloque,10854,1140,2026-05-20,20,mercredi,2026-05-20T20:34:15Z,principal,NA,Cocody
AX_02,Pont De Gaulle,Plateau/Treichville,Plateau,5.317516,-4.016406,16.6,60,0.277,Bloque,1224,176,2026-05-20,20,mercredi,2026-05-20T20:34:16Z,principal,NA,Plateau
AX_03,Pont Felix Houphouet-Boigny,Plateau/Treichville,Plateau,5.328028,-4.017425,21.4,60,0.357,Congestionne,2414,269,2026-05-20,20,mercredi,2026-05-20T20:34:17Z,principal,NA,Plateau
AX_04,Boulevard VGE (Giscard d Estaing),Plateau/Port-Bouet,Plateau,5.284092,-3.960922,24.6,100,0.246,Bloque,9720,944,2026-05-20,20,mercredi,2026-05-20T20:34:19Z,principal,NA,Plateau
AX_05,5eme Pont acces Saint-Jean,Cocody/Plateau,Plateau,5.335149,-3.996117,25.4,80,0.318,Congestionne,7035,685,2026-05-20,20,mercredi,2026-05-20T20:34:20Z,principal,NA,Cocody
AX_06,Marche Bellville (Bvd Marseille),Treichville,Plateau,5.30587,-3.998069,21.4,50,0.428,Congestionne,6069,653,2026-05-20,20,mercredi,2026-05-20T20:34:21Z,principal,NA,Treichville
AX_07,Rond-point Treichville,Treichville,Plateau,5.307293,-4.011812,10.4,40,0.26,Bloque,2586,570,2026-05-20,20,mercredi,2026-05-20T20:34:22Z,principal,NA,Treichville
AX_08,Gare Lagunaire Bvd Lagunaire,Plateau/Treichville,Plateau,5.312868,-4.010077,20.1,60,0.335,Congestionne,3992,475,2026-05-20,20,mercredi,2026-05-20T20:34:23Z,principal,NA,Plateau
AX_09,Carrefour de l Indenie (Adjame),Adjame,Plateau,5.341379,-4.020257,25.3,50,0.506,Modere,4314,408,2026-05-20,20,mercredi,2026-05-20T20:34:25Z,principal,NA,Adjamé
AX_10,Adjame Mosquee (Bvd Nangui Abrogoua),Adjame,Plateau,5.354097,-4.026506,29.9,55,0.544,Modere,5369,429,2026-05-20,20,mercredi,2026-05-20T20:34:26Z,principal,NA,Adjamé
AX_11,Echangeur de la Ferraille (Adjame),Adjame,Plateau,5.308686,-3.964053,17.5,50,0.35,Congestionne,9501,1294,2026-05-20,20,mercredi,2026-05-20T20:34:27Z,principal,NA,Adjamé
AX_12,Feux Autoroute Nord entree Adjame,Adjame,Plateau,5.299899,-3.998254,17.9,100,0.179,Bloque,4252,566,2026-05-20,20,mercredi,2026-05-20T20:34:28Z,principal,NA,Adjamé
AX_13,Carrefour Universite (Cocody),Cocody,Cocody,5.334383,-3.938384,19.8,60,0.33,Congestionne,8812,1103,2026-05-20,20,mercredi,2026-05-20T20:34:29Z,principal,NA,Cocody
AX_14,2 Plateaux Vallon (Bvd Mitterrand),Cocody,Cocody,5.362127,-3.98962,12.4,60,0.207,Bloque,1354,271,2026-05-20,20,mercredi,2026-05-20T20:34:31Z,principal,NA,Cocody
AX_15,Abobo Gare Mairie (Route Abobo),Abobo,Plateau,5.420996,-4.01901,36.6,90,0.407,Congestionne,13296,917,2026-05-20,20,mercredi,2026-05-20T20:34:32Z,principal,NA,Abobo
AX_16,Gare Yopougon Autoroute Yopougon,Yopougon,Plateau,5.369048,-3.999911,24.5,100,0.245,Bloque,8791,887,2026-05-20,20,mercredi,2026-05-20T20:34:33Z,principal,NA,Yopougon
AX_17,Clinique Fraternite (Bvd Fraternite),Yopougon,Plateau,5.349303,-4.021832,25.9,50,0.518,Modere,4855,463,2026-05-20,20,mercredi,2026-05-20T20:34:34Z,principal,NA,Yopougon
AX_18,Carrefour Jatak (Route de Dabou),Yopougon,Plateau,5.321877,-4.1035450000000004,28.5,90,0.317,Congestionne,18601,1612,2026-05-20,20,mercredi,2026-05-20T20:34:35Z,principal,NA,Yopougon
AX_19,Lycee Bingerville (Route Bingerville),Bingerville,Cocody,5.357895,-3.890668,26.2,70,0.374,Congestionne,13218,1343,2026-05-20,20,mercredi,2026-05-20T20:34:37Z,principal,NA,Bingerville
AX_20,Rond-point Marcory (Bvd de la Paix),Marcory,Plateau,5.303988,-4.003239,19.6,50,0.392,Congestionne,4123,514,2026-05-20,20,mercredi,2026-05-20T20:34:38Z,principal,NA,Marcory
AX_01,Pont HKB (Henri Konan Bedie),Cocody/Marcory,Plateau,5.329775,-3.981814,26.6,80,0.332,Congestionne,10854,1140,2026-05-20,21,mercredi,2026-05-20T21:05:42Z,principal,NA,Cocody
AX_02,Pont De Gaulle,Plateau/Treichville,Plateau,5.317516,-4.016406,18.7,60,0.312,Congestionne,1224,176,2026-05-20,21,mercredi,2026-05-20T21:05:43Z,principal,NA,Plateau
AX_03,Pont Felix Houphouet-Boigny,Plateau/Treichville,Plateau,5.328028,-4.017425,24.2,60,0.403,Congestionne,2414,269,2026-05-20,21,mercredi,2026-05-20T21:05:44Z,principal,NA,Plateau
AX_04,Boulevard VGE (Giscard d Estaing),Plateau/Port-Bouet,Plateau,5.284092,-3.960922,27.8,100,0.278,Bloque,9720,944,2026-05-20,21,mercredi,2026-05-20T21:05:46Z,principal,NA,Plateau
AX_05,5eme Pont acces Saint-Jean,Cocody/Plateau,Plateau,5.335149,-3.996117,28.7,80,0.359,Congestionne,7035,685,2026-05-20,21,mercredi,2026-05-20T21:05:47Z,principal,NA,Cocody
AX_06,Marche Bellville (Bvd Marseille),Treichville,Plateau,5.30587,-3.998069,24.2,50,0.484,Congestionne,6069,653,2026-05-20,21,mercredi,2026-05-20T21:05:48Z,principal,NA,Treichville
AX_07,Rond-point Treichville,Treichville,Plateau,5.307293,-4.011812,11.8,40,0.295,Bloque,2586,570,2026-05-20,21,mercredi,2026-05-20T21:05:49Z,principal,NA,Treichville
AX_08,Gare Lagunaire Bvd Lagunaire,Plateau/Treichville,Plateau,5.312868,-4.010077,22.7,60,0.378,Congestionne,3992,475,2026-05-20,21,mercredi,2026-05-20T21:05:50Z,principal,NA,Plateau
AX_09,Carrefour de l Indenie (Adjame),Adjame,Plateau,5.341379,-4.020257,28.5,50,0.57,Modere,4314,408,2026-05-20,21,mercredi,2026-05-20T21:05:52Z,principal,NA,Adjamé
AX_10,Adjame Mosquee (Bvd Nangui Abrogoua),Adjame,Plateau,5.354097,-4.026506,33.7,55,0.613,Modere,5369,429,2026-05-20,21,mercredi,2026-05-20T21:05:53Z,principal,NA,Adjamé
AX_11,Echangeur de la Ferraille (Adjame),Adjame,Plateau,5.308686,-3.964053,19.7,50,0.394,Congestionne,9501,1294,2026-05-20,21,mercredi,2026-05-20T21:05:54Z,principal,NA,Adjamé
AX_12,Feux Autoroute Nord entree Adjame,Adjame,Plateau,5.299899,-3.998254,20.2,100,0.202,Bloque,4252,566,2026-05-20,21,mercredi,2026-05-20T21:05:55Z,principal,NA,Adjamé
AX_13,Carrefour Universite (Cocody),Cocody,Cocody,5.334383,-3.938384,22.3,60,0.372,Congestionne,8812,1103,2026-05-20,21,mercredi,2026-05-20T21:05:56Z,principal,NA,Cocody
AX_14,2 Plateaux Vallon (Bvd Mitterrand),Cocody,Cocody,5.362127,-3.98962,13.9,60,0.232,Bloque,1354,271,2026-05-20,21,mercredi,2026-05-20T21:05:58Z,principal,NA,Cocody
AX_15,Abobo Gare Mairie (Route Abobo),Abobo,Plateau,5.420996,-4.01901,41.3,90,0.459,Congestionne,13296,917,2026-05-20,21,mercredi,2026-05-20T21:05:59Z,principal,NA,Abobo
AX_16,Gare Yopougon Autoroute Yopougon,Yopougon,Plateau,5.369048,-3.999911,27.6,100,0.276,Bloque,8791,887,2026-05-20,21,mercredi,2026-05-20T21:06:00Z,principal,NA,Yopougon
AX_17,Clinique Fraternite (Bvd Fraternite),Yopougon,Plateau,5.349303,-4.021832,29.2,50,0.584,Modere,4855,463,2026-05-20,21,mercredi,2026-05-20T21:06:01Z,principal,NA,Yopougon
AX_18,Carrefour Jatak (Route de Dabou),Yopougon,Plateau,5.321877,-4.1035450000000004,32.1,90,0.357,Congestionne,18601,1612,2026-05-20,21,mercredi,2026-05-20T21:06:03Z,principal,NA,Yopougon
AX_19,Lycee Bingerville (Route Bingerville),Bingerville,Cocody,5.357895,-3.890668,29.6,70,0.423,Congestionne,13218,1343,2026-05-20,21,mercredi,2026-05-20T21:06:04Z,principal,NA,Bingerville
AX_20,Rond-point Marcory (Bvd de la Paix),Marcory,Plateau,5.303988,-4.003239,22.1,50,0.442,Congestionne,4123,514,2026-05-20,21,mercredi,2026-05-20T21:06:05Z,principal,NA,Marcory
AX_01,Pont HKB (Henri Konan Bedie),Cocody/Marcory,Plateau,5.329775,-3.981814,28.4,80,0.355,Congestionne,10854,1140,2026-05-20,22,mercredi,2026-05-20T22:08:46Z,principal,NA,Cocody
AX_02,Pont De Gaulle,Plateau/Treichville,Plateau,5.317516,-4.016406,20,60,0.333,Congestionne,1224,176,2026-05-20,22,mercredi,2026-05-20T22:08:47Z,principal,NA,Plateau
AX_03,Pont Felix Houphouet-Boigny,Plateau/Treichville,Plateau,5.328028,-4.017425,25.8,60,0.43,Congestionne,2414,269,2026-05-20,22,mercredi,2026-05-20T22:08:48Z,principal,NA,Plateau
AX_04,Boulevard VGE (Giscard d Estaing),Plateau/Port-Bouet,Plateau,5.284092,-3.960922,29.6,100,0.296,Bloque,9720,944,2026-05-20,22,mercredi,2026-05-20T22:08:49Z,principal,NA,Plateau
AX_05,5eme Pont acces Saint-Jean,Cocody/Plateau,Plateau,5.335149,-3.996117,30.6,80,0.382,Congestionne,7035,685,2026-05-20,22,mercredi,2026-05-20T22:08:51Z,principal,NA,Cocody
AX_06,Marche Bellville (Bvd Marseille),Treichville,Plateau,5.30587,-3.998069,25.8,50,0.516,Modere,6069,653,2026-05-20,22,mercredi,2026-05-20T22:08:52Z,principal,NA,Treichville
AX_07,Rond-point Treichville,Treichville,Plateau,5.307293,-4.011812,12.6,40,0.315,Congestionne,2586,570,2026-05-20,22,mercredi,2026-05-20T22:08:53Z,principal,NA,Treichville
AX_08,Gare Lagunaire Bvd Lagunaire,Plateau/Treichville,Plateau,5.312868,-4.010077,24.2,60,0.403,Congestionne,3992,475,2026-05-20,22,mercredi,2026-05-20T22:08:54Z,principal,NA,Plateau
AX_09,Carrefour de l Indenie (Adjame),Adjame,Plateau,5.341379,-4.020257,30.4,50,0.608,Modere,4314,408,2026-05-20,22,mercredi,2026-05-20T22:08:56Z,principal,NA,Adjamé
AX_10,Adjame Mosquee (Bvd Nangui Abrogoua),Adjame,Plateau,5.354097,-4.026506,36,55,0.655,Modere,5369,429,2026-05-20,22,mercredi,2026-05-20T22:08:57Z,principal,NA,Adjamé
AX_11,Echangeur de la Ferraille (Adjame),Adjame,Plateau,5.308686,-3.964053,21.1,50,0.422,Congestionne,9501,1294,2026-05-20,22,mercredi,2026-05-20T22:08:58Z,principal,NA,Adjamé
AX_12,Feux Autoroute Nord entree Adjame,Adjame,Plateau,5.299899,-3.998254,21.6,100,0.216,Bloque,4252,566,2026-05-20,22,mercredi,2026-05-20T22:08:59Z,principal,NA,Adjamé
AX_13,Carrefour Universite (Cocody),Cocody,Cocody,5.334383,-3.938384,23.8,60,0.397,Congestionne,8812,1103,2026-05-20,22,mercredi,2026-05-20T22:09:00Z,principal,NA,Cocody
AX_14,2 Plateaux Vallon (Bvd Mitterrand),Cocody,Cocody,5.362127,-3.98962,14.9,60,0.248,Bloque,1354,271,2026-05-20,22,mercredi,2026-05-20T22:09:02Z,principal,NA,Cocody
AX_15,Abobo Gare Mairie (Route Abobo),Abobo,Plateau,5.420996,-4.01901,44.2,90,0.491,Congestionne,13296,917,2026-05-20,22,mercredi,2026-05-20T22:09:03Z,principal,NA,Abobo
AX_16,Gare Yopougon Autoroute Yopougon,Yopougon,Plateau,5.369048,-3.999911,29.5,100,0.295,Bloque,8791,887,2026-05-20,22,mercredi,2026-05-20T22:09:04Z,principal,NA,Yopougon
AX_17,Clinique Fraternite (Bvd Fraternite),Yopougon,Plateau,5.349303,-4.021832,31.2,50,0.624,Modere,4855,463,2026-05-20,22,mercredi,2026-05-20T22:09:05Z,principal,NA,Yopougon
AX_18,Carrefour Jatak (Route de Dabou),Yopougon,Plateau,5.321877,-4.1035450000000004,34.3,90,0.381,Congestionne,18601,1612,2026-05-20,22,mercredi,2026-05-20T22:09:07Z,principal,NA,Yopougon
AX_19,Lycee Bingerville (Route Bingerville),Bingerville,Cocody,5.357895,-3.890668,31.6,70,0.451,Congestionne,13218,1343,2026-05-20,22,mercredi,2026-05-20T22:09:08Z,principal,NA,Bingerville
AX_20,Rond-point Marcory (Bvd de la Paix),Marcory,Plateau,5.303988,-4.003239,23.6,50,0.472,Congestionne,4123,514,2026-05-20,22,mercredi,2026-05-20T22:09:09Z,principal,NA,Marcory
AX_01,Pont HKB (Henri Konan Bedie),Cocody/Marcory,Plateau,5.329775,-3.981814,29.6,80,0.37,Congestionne,10854,1140,2026-05-20,23,mercredi,2026-05-20T23:11:40Z,principal,NA,Cocody
AX_02,Pont De Gaulle,Plateau/Treichville,Plateau,5.317516,-4.016406,20.8,60,0.347,Congestionne,1224,176,2026-05-20,23,mercredi,2026-05-20T23:11:41Z,principal,NA,Plateau
AX_03,Pont Felix Houphouet-Boigny,Plateau/Treichville,Plateau,5.328028,-4.017425,26.9,60,0.448,Congestionne,2414,269,2026-05-20,23,mercredi,2026-05-20T23:11:43Z,principal,NA,Plateau
AX_04,Boulevard VGE (Giscard d Estaing),Plateau/Port-Bouet,Plateau,5.284092,-3.960922,30.9,100,0.309,Congestionne,9720,944,2026-05-20,23,mercredi,2026-05-20T23:11:44Z,principal,NA,Plateau
AX_05,5eme Pont acces Saint-Jean,Cocody/Plateau,Plateau,5.335149,-3.996117,31.9,80,0.399,Congestionne,7035,685,2026-05-20,23,mercredi,2026-05-20T23:11:45Z,principal,NA,Cocody
AX_06,Marche Bellville (Bvd Marseille),Treichville,Plateau,5.30587,-3.998069,26.9,50,0.538,Modere,6069,653,2026-05-20,23,mercredi,2026-05-20T23:11:46Z,principal,NA,Treichville
AX_07,Rond-point Treichville,Treichville,Plateau,5.307293,-4.011812,13.1,40,0.328,Congestionne,2586,570,2026-05-20,23,mercredi,2026-05-20T23:11:47Z,principal,NA,Treichville
AX_08,Gare Lagunaire Bvd Lagunaire,Plateau/Treichville,Plateau,5.312868,-4.010077,25.2,60,0.42,Congestionne,3992,475,2026-05-20,23,mercredi,2026-05-20T23:11:49Z,principal,NA,Plateau
AX_09,Carrefour de l Indenie (Adjame),Adjame,Plateau,5.341379,-4.020257,31.7,50,0.634,Modere,4314,408,2026-05-20,23,mercredi,2026-05-20T23:11:50Z,principal,NA,Adjamé
AX_10,Adjame Mosquee (Bvd Nangui Abrogoua),Adjame,Plateau,5.354097,-4.026506,37.6,55,0.684,Modere,5369,429,2026-05-20,23,mercredi,2026-05-20T23:11:51Z,principal,NA,Adjamé
AX_11,Echangeur de la Ferraille (Adjame),Adjame,Plateau,5.308686,-3.964053,22,50,0.44,Congestionne,9501,1294,2026-05-20,23,mercredi,2026-05-20T23:11:52Z,principal,NA,Adjamé
AX_12,Feux Autoroute Nord entree Adjame,Adjame,Plateau,5.299899,-3.998254,22.5,100,0.225,Bloque,4252,566,2026-05-20,23,mercredi,2026-05-20T23:11:53Z,principal,NA,Adjamé
AX_13,Carrefour Universite (Cocody),Cocody,Cocody,5.334383,-3.938384,24.8,60,0.413,Congestionne,8812,1103,2026-05-20,23,mercredi,2026-05-20T23:11:55Z,principal,NA,Cocody
AX_14,2 Plateaux Vallon (Bvd Mitterrand),Cocody,Cocody,5.362127,-3.98962,15.5,60,0.258,Bloque,1354,271,2026-05-20,23,mercredi,2026-05-20T23:11:56Z,principal,NA,Cocody
AX_15,Abobo Gare Mairie (Route Abobo),Abobo,Plateau,5.420996,-4.01901,46,90,0.511,Modere,13296,917,2026-05-20,23,mercredi,2026-05-20T23:11:57Z,principal,NA,Abobo
AX_16,Gare Yopougon Autoroute Yopougon,Yopougon,Plateau,5.369048,-3.999911,30.8,100,0.308,Congestionne,8791,887,2026-05-20,23,mercredi,2026-05-20T23:11:58Z,principal,NA,Yopougon
AX_17,Clinique Fraternite (Bvd Fraternite),Yopougon,Plateau,5.349303,-4.021832,32.5,50,0.65,Modere,4855,463,2026-05-20,23,mercredi,2026-05-20T23:12:00Z,principal,NA,Yopougon
AX_18,Carrefour Jatak (Route de Dabou),Yopougon,Plateau,5.321877,-4.1035450000000004,35.8,90,0.398,Congestionne,18601,1612,2026-05-20,23,mercredi,2026-05-20T23:12:01Z,principal,NA,Yopougon
AX_19,Lycee Bingerville (Route Bingerville),Bingerville,Cocody,5.357895,-3.890668,33,70,0.471,Congestionne,13218,1343,2026-05-20,23,mercredi,2026-05-20T23:12:02Z,principal,NA,Bingerville
AX_20,Rond-point Marcory (Bvd de la Paix),Marcory,Plateau,5.303988,-4.003239,24.6,50,0.492,Congestionne,4123,514,2026-05-20,23,mercredi,2026-05-20T23:12:03Z,principal,NA,Marcory
AX_01,Pont HKB (Henri Konan Bedie),Cocody/Marcory,Plateau,5.329775,-3.981814,30.2,80,0.378,Congestionne,10854,1140,2026-05-21,0,jeudi,2026-05-21T00:14:27Z,principal,NA,Cocody
AX_02,Pont De Gaulle,Plateau/Treichville,Plateau,5.317516,-4.016406,21.2,60,0.353,Congestionne,1224,176,2026-05-21,0,jeudi,2026-05-21T00:14:29Z,principal,NA,Plateau
AX_03,Pont Felix Houphouet-Boigny,Plateau/Treichville,Plateau,5.328028,-4.017425,27.5,60,0.458,Congestionne,2414,269,2026-05-21,0,jeudi,2026-05-21T00:14:30Z,principal,NA,Plateau
AX_04,Boulevard VGE (Giscard d Estaing),Plateau/Port-Bouet,Plateau,5.284092,-3.960922,31.5,100,0.315,Congestionne,9720,944,2026-05-21,0,jeudi,2026-05-21T00:14:31Z,principal,NA,Plateau
AX_05,5eme Pont acces Saint-Jean,Cocody/Plateau,Plateau,5.335149,-3.996117,32.6,80,0.408,Congestionne,7035,685,2026-05-21,0,jeudi,2026-05-21T00:14:32Z,principal,NA,Cocody
AX_06,Marche Bellville (Bvd Marseille),Treichville,Plateau,5.30587,-3.998069,27.5,50,0.55,Modere,6069,653,2026-05-21,0,jeudi,2026-05-21T00:14:34Z,principal,NA,Treichville
AX_07,Rond-point Treichville,Treichville,Plateau,5.307293,-4.011812,13.4,40,0.335,Congestionne,2586,570,2026-05-21,0,jeudi,2026-05-21T00:14:35Z,principal,NA,Treichville
AX_08,Gare Lagunaire Bvd Lagunaire,Plateau/Treichville,Plateau,5.312868,-4.010077,25.8,60,0.43,Congestionne,3992,475,2026-05-21,0,jeudi,2026-05-21T00:14:36Z,principal,NA,Plateau
AX_09,Carrefour de l Indenie (Adjame),Adjame,Plateau,5.341379,-4.020257,32.4,50,0.648,Modere,4314,408,2026-05-21,0,jeudi,2026-05-21T00:14:37Z,principal,NA,Adjamé
AX_10,Adjame Mosquee (Bvd Nangui Abrogoua),Adjame,Plateau,5.354097,-4.026506,38.3,55,0.696,Modere,5369,429,2026-05-21,0,jeudi,2026-05-21T00:14:38Z,principal,NA,Adjamé
AX_11,Echangeur de la Ferraille (Adjame),Adjame,Plateau,5.308686,-3.964053,22.4,50,0.448,Congestionne,9501,1294,2026-05-21,0,jeudi,2026-05-21T00:14:40Z,principal,NA,Adjamé
AX_12,Feux Autoroute Nord entree Adjame,Adjame,Plateau,5.299899,-3.998254,23,100,0.23,Bloque,4252,566,2026-05-21,0,jeudi,2026-05-21T00:14:41Z,principal,NA,Adjamé
AX_13,Carrefour Universite (Cocody),Cocody,Cocody,5.334383,-3.938384,25.3,60,0.422,Congestionne,8812,1103,2026-05-21,0,jeudi,2026-05-21T00:14:42Z,principal,NA,Cocody
AX_14,2 Plateaux Vallon (Bvd Mitterrand),Cocody,Cocody,5.362127,-3.98962,15.8,60,0.263,Bloque,1354,271,2026-05-21,0,jeudi,2026-05-21T00:14:43Z,principal,NA,Cocody
AX_15,Abobo Gare Mairie (Route Abobo),Abobo,Plateau,5.420996,-4.01901,47,90,0.522,Modere,13296,917,2026-05-21,0,jeudi,2026-05-21T00:14:44Z,principal,NA,Abobo
AX_16,Gare Yopougon Autoroute Yopougon,Yopougon,Plateau,5.369048,-3.999911,31.4,100,0.314,Congestionne,8791,887,2026-05-21,0,jeudi,2026-05-21T00:14:46Z,principal,NA,Yopougon
AX_17,Clinique Fraternite (Bvd Fraternite),Yopougon,Plateau,5.349303,-4.021832,33.2,50,0.664,Modere,4855,463,2026-05-21,0,jeudi,2026-05-21T00:14:47Z,principal,NA,Yopougon
AX_18,Carrefour Jatak (Route de Dabou),Yopougon,Plateau,5.321877,-4.1035450000000004,36.5,90,0.406,Congestionne,18601,1612,2026-05-21,0,jeudi,2026-05-21T00:14:48Z,principal,NA,Yopougon
AX_19,Lycee Bingerville (Route Bingerville),Bingerville,Cocody,5.357895,-3.890668,33.6,70,0.48,Congestionne,13218,1343,2026-05-21,0,jeudi,2026-05-21T00:14:49Z,principal,NA,Bingerville
AX_20,Rond-point Marcory (Bvd de la Paix),Marcory,Plateau,5.303988,-4.003239,25.1,50,0.502,Modere,4123,514,2026-05-21,0,jeudi,2026-05-21T00:14:51Z,principal,NA,Marcory
AX_01,Pont HKB (Henri Konan Bedie),Cocody/Marcory,Plateau,5.329775,-3.981814,30.2,80,0.378,Congestionne,10854,1140,2026-05-21,1,jeudi,2026-05-21T01:17:03Z,principal,NA,Cocody
AX_02,Pont De Gaulle,Plateau/Treichville,Plateau,5.317516,-4.016406,21.2,60,0.353,Congestionne,1224,176,2026-05-21,1,jeudi,2026-05-21T01:17:04Z,principal,NA,Plateau
AX_03,Pont Felix Houphouet-Boigny,Plateau/Treichville,Plateau,5.328028,-4.017425,27.5,60,0.458,Congestionne,2414,269,2026-05-21,1,jeudi,2026-05-21T01:17:05Z,principal,NA,Plateau
AX_04,Boulevard VGE (Giscard d Estaing),Plateau/Port-Bouet,Plateau,5.284092,-3.960922,31.5,100,0.315,Congestionne,9720,944,2026-05-21,1,jeudi,2026-05-21T01:17:06Z,principal,NA,Plateau
AX_05,5eme Pont acces Saint-Jean,Cocody/Plateau,Plateau,5.335149,-3.996117,32.6,80,0.408,Congestionne,7035,685,2026-05-21,1,jeudi,2026-05-21T01:17:07Z,principal,NA,Cocody
AX_06,Marche Bellville (Bvd Marseille),Treichville,Plateau,5.30587,-3.998069,27.5,50,0.55,Modere,6069,653,2026-05-21,1,jeudi,2026-05-21T01:17:09Z,principal,NA,Treichville
AX_07,Rond-point Treichville,Treichville,Plateau,5.307293,-4.011812,13.4,40,0.335,Congestionne,2586,570,2026-05-21,1,jeudi,2026-05-21T01:17:10Z,principal,NA,Treichville
AX_08,Gare Lagunaire Bvd Lagunaire,Plateau/Treichville,Plateau,5.312868,-4.010077,25.8,60,0.43,Congestionne,3992,475,2026-05-21,1,jeudi,2026-05-21T01:17:11Z,principal,NA,Plateau
AX_09,Carrefour de l Indenie (Adjame),Adjame,Plateau,5.341379,-4.020257,32.4,50,0.648,Modere,4314,408,2026-05-21,1,jeudi,2026-05-21T01:17:12Z,principal,NA,Adjamé
AX_10,Adjame Mosquee (Bvd Nangui Abrogoua),Adjame,Plateau,5.354097,-4.026506,38.3,55,0.696,Modere,5369,429,2026-05-21,1,jeudi,2026-05-21T01:17:13Z,principal,NA,Adjamé
AX_11,Echangeur de la Ferraille (Adjame),Adjame,Plateau,5.308686,-3.964053,22.4,50,0.448,Congestionne,9501,1294,2026-05-21,1,jeudi,2026-05-21T01:17:15Z,principal,NA,Adjamé
AX_12,Feux Autoroute Nord entree Adjame,Adjame,Plateau,5.299899,-3.998254,23,100,0.23,Bloque,4252,566,2026-05-21,1,jeudi,2026-05-21T01:17:16Z,principal,NA,Adjamé
AX_13,Carrefour Universite (Cocody),Cocody,Cocody,5.334383,-3.938384,25.3,60,0.422,Congestionne,8812,1103,2026-05-21,1,jeudi,2026-05-21T01:17:17Z,principal,NA,Cocody
AX_14,2 Plateaux Vallon (Bvd Mitterrand),Cocody,Cocody,5.362127,-3.98962,15.8,60,0.263,Bloque,1354,271,2026-05-21,1,jeudi,2026-05-21T01:17:18Z,principal,NA,Cocody
AX_15,Abobo Gare Mairie (Route Abobo),Abobo,Plateau,5.420996,-4.01901,47,90,0.522,Modere,13296,917,2026-05-21,1,jeudi,2026-05-21T01:17:19Z,principal,NA,Abobo
AX_16,Gare Yopougon Autoroute Yopougon,Yopougon,Plateau,5.369048,-3.999911,31.4,100,0.314,Congestionne,8791,887,2026-05-21,1,jeudi,2026-05-21T01:17:21Z,principal,NA,Yopougon
AX_17,Clinique Fraternite (Bvd Fraternite),Yopougon,Plateau,5.349303,-4.021832,33.2,50,0.664,Modere,4855,463,2026-05-21,1,jeudi,2026-05-21T01:17:22Z,principal,NA,Yopougon
AX_18,Carrefour Jatak (Route de Dabou),Yopougon,Plateau,5.321877,-4.1035450000000004,36.5,90,0.406,Congestionne,18601,1612,2026-05-21,1,jeudi,2026-05-21T01:17:23Z,principal,NA,Yopougon
AX_19,Lycee Bingerville (Route Bingerville),Bingerville,Cocody,5.357895,-3.890668,33.6,70,0.48,Congestionne,13218,1343,2026-05-21,1,jeudi,2026-05-21T01:17:24Z,principal,NA,Bingerville
AX_20,Rond-point Marcory (Bvd de la Paix),Marcory,Plateau,5.303988,-4.003239,25.1,50,0.502,Modere,4123,514,2026-05-21,1,jeudi,2026-05-21T01:17:25Z,principal,NA,Marcory
AX_01,Pont HKB (Henri Konan Bedie),Cocody/Marcory,Plateau,5.329775,-3.981814,30.2,80,0.378,Congestionne,10854,1140,2026-05-21,2,jeudi,2026-05-21T02:19:36Z,principal,NA,Cocody
AX_02,Pont De Gaulle,Plateau/Treichville,Plateau,5.317516,-4.016406,21.2,60,0.353,Congestionne,1224,176,2026-05-21,2,jeudi,2026-05-21T02:19:38Z,principal,NA,Plateau
AX_03,Pont Felix Houphouet-Boigny,Plateau/Treichville,Plateau,5.328028,-4.017425,27.5,60,0.458,Congestionne,2414,269,2026-05-21,2,jeudi,2026-05-21T02:19:39Z,principal,NA,Plateau
AX_04,Boulevard VGE (Giscard d Estaing),Plateau/Port-Bouet,Plateau,5.284092,-3.960922,31.5,100,0.315,Congestionne,9720,944,2026-05-21,2,jeudi,2026-05-21T02:19:40Z,principal,NA,Plateau
AX_05,5eme Pont acces Saint-Jean,Cocody/Plateau,Plateau,5.335149,-3.996117,32.6,80,0.408,Congestionne,7035,685,2026-05-21,2,jeudi,2026-05-21T02:19:41Z,principal,NA,Cocody
AX_06,Marche Bellville (Bvd Marseille),Treichville,Plateau,5.30587,-3.998069,27.5,50,0.55,Modere,6069,653,2026-05-21,2,jeudi,2026-05-21T02:19:42Z,principal,NA,Treichville
AX_07,Rond-point Treichville,Treichville,Plateau,5.307293,-4.011812,13.4,40,0.335,Congestionne,2586,570,2026-05-21,2,jeudi,2026-05-21T02:19:44Z,principal,NA,Treichville
AX_08,Gare Lagunaire Bvd Lagunaire,Plateau/Treichville,Plateau,5.312868,-4.010077,25.8,60,0.43,Congestionne,3992,475,2026-05-21,2,jeudi,2026-05-21T02:19:45Z,principal,NA,Plateau
AX_09,Carrefour de l Indenie (Adjame),Adjame,Plateau,5.341379,-4.020257,32.4,50,0.648,Modere,4314,408,2026-05-21,2,jeudi,2026-05-21T02:19:46Z,principal,NA,Adjamé
AX_10,Adjame Mosquee (Bvd Nangui Abrogoua),Adjame,Plateau,5.354097,-4.026506,38.3,55,0.696,Modere,5369,429,2026-05-21,2,jeudi,2026-05-21T02:19:47Z,principal,NA,Adjamé
AX_11,Echangeur de la Ferraille (Adjame),Adjame,Plateau,5.308686,-3.964053,22.4,50,0.448,Congestionne,9501,1294,2026-05-21,2,jeudi,2026-05-21T02:19:49Z,principal,NA,Adjamé
AX_12,Feux Autoroute Nord entree Adjame,Adjame,Plateau,5.299899,-3.998254,23,100,0.23,Bloque,4252,566,2026-05-21,2,jeudi,2026-05-21T02:19:50Z,principal,NA,Adjamé
AX_13,Carrefour Universite (Cocody),Cocody,Cocody,5.334383,-3.938384,25.3,60,0.422,Congestionne,8812,1103,2026-05-21,2,jeudi,2026-05-21T02:19:51Z,principal,NA,Cocody
AX_14,2 Plateaux Vallon (Bvd Mitterrand),Cocody,Cocody,5.362127,-3.98962,15.8,60,0.263,Bloque,1354,271,2026-05-21,2,jeudi,2026-05-21T02:19:52Z,principal,NA,Cocody
AX_15,Abobo Gare Mairie (Route Abobo),Abobo,Plateau,5.420996,-4.01901,47,90,0.522,Modere,13296,917,2026-05-21,2,jeudi,2026-05-21T02:19:53Z,principal,NA,Abobo
AX_16,Gare Yopougon Autoroute Yopougon,Yopougon,Plateau,5.369048,-3.999911,31.4,100,0.314,Congestionne,8791,887,2026-05-21,2,jeudi,2026-05-21T02:19:55Z,principal,NA,Yopougon
AX_17,Clinique Fraternite (Bvd Fraternite),Yopougon,Plateau,5.349303,-4.021832,33.2,50,0.664,Modere,4855,463,2026-05-21,2,jeudi,2026-05-21T02:19:56Z,principal,NA,Yopougon
AX_18,Carrefour Jatak (Route de Dabou),Yopougon,Plateau,5.321877,-4.1035450000000004,36.5,90,0.406,Congestionne,18601,1612,2026-05-21,2,jeudi,2026-05-21T02:19:57Z,principal,NA,Yopougon
AX_19,Lycee Bingerville (Route Bingerville),Bingerville,Cocody,5.357895,-3.890668,33.6,70,0.48,Congestionne,13218,1343,2026-05-21,2,jeudi,2026-05-21T02:19:58Z,principal,NA,Bingerville
AX_20,Rond-point Marcory (Bvd de la Paix),Marcory,Plateau,5.303988,-4.003239,25.1,50,0.502,Modere,4123,514,2026-05-21,2,jeudi,2026-05-21T02:19:59Z,principal,NA,Marcory
AX_01,Pont HKB (Henri Konan Bedie),Cocody/Marcory,Plateau,5.329775,-3.981814,30.2,80,0.378,Congestionne,10854,1140,2026-05-21,3,jeudi,2026-05-21T03:22:11Z,principal,NA,Cocody
AX_02,Pont De Gaulle,Plateau/Treichville,Plateau,5.317516,-4.016406,21.2,60,0.353,Congestionne,1224,176,2026-05-21,3,jeudi,2026-05-21T03:22:12Z,principal,NA,Plateau
AX_03,Pont Felix Houphouet-Boigny,Plateau/Treichville,Plateau,5.328028,-4.017425,27.5,60,0.458,Congestionne,2414,269,2026-05-21,3,jeudi,2026-05-21T03:22:13Z,principal,NA,Plateau
AX_04,Boulevard VGE (Giscard d Estaing),Plateau/Port-Bouet,Plateau,5.284092,-3.960922,31.5,100,0.315,Congestionne,9720,944,2026-05-21,3,jeudi,2026-05-21T03:22:14Z,principal,NA,Plateau
AX_05,5eme Pont acces Saint-Jean,Cocody/Plateau,Plateau,5.335149,-3.996117,32.6,80,0.408,Congestionne,7035,685,2026-05-21,3,jeudi,2026-05-21T03:22:15Z,principal,NA,Cocody
AX_06,Marche Bellville (Bvd Marseille),Treichville,Plateau,5.30587,-3.998069,27.5,50,0.55,Modere,6069,653,2026-05-21,3,jeudi,2026-05-21T03:22:17Z,principal,NA,Treichville
AX_07,Rond-point Treichville,Treichville,Plateau,5.307293,-4.011812,13.4,40,0.335,Congestionne,2586,570,2026-05-21,3,jeudi,2026-05-21T03:22:18Z,principal,NA,Treichville
AX_08,Gare Lagunaire Bvd Lagunaire,Plateau/Treichville,Plateau,5.312868,-4.010077,25.8,60,0.43,Congestionne,3992,475,2026-05-21,3,jeudi,2026-05-21T03:22:19Z,principal,NA,Plateau
AX_09,Carrefour de l Indenie (Adjame),Adjame,Plateau,5.341379,-4.020257,32.4,50,0.648,Modere,4314,408,2026-05-21,3,jeudi,2026-05-21T03:22:20Z,principal,NA,Adjamé
AX_10,Adjame Mosquee (Bvd Nangui Abrogoua),Adjame,Plateau,5.354097,-4.026506,38.3,55,0.696,Modere,5369,429,2026-05-21,3,jeudi,2026-05-21T03:22:21Z,principal,NA,Adjamé
AX_11,Echangeur de la Ferraille (Adjame),Adjame,Plateau,5.308686,-3.964053,22.4,50,0.448,Congestionne,9501,1294,2026-05-21,3,jeudi,2026-05-21T03:22:23Z,principal,NA,Adjamé
AX_12,Feux Autoroute Nord entree Adjame,Adjame,Plateau,5.299899,-3.998254,23,100,0.23,Bloque,4252,566,2026-05-21,3,jeudi,2026-05-21T03:22:24Z,principal,NA,Adjamé
AX_13,Carrefour Universite (Cocody),Cocody,Cocody,5.334383,-3.938384,25.3,60,0.422,Congestionne,8812,1103,2026-05-21,3,jeudi,2026-05-21T03:22:25Z,principal,NA,Cocody
AX_14,2 Plateaux Vallon (Bvd Mitterrand),Cocody,Cocody,5.362127,-3.98962,15.8,60,0.263,Bloque,1354,271,2026-05-21,3,jeudi,2026-05-21T03:22:26Z,principal,NA,Cocody
AX_15,Abobo Gare Mairie (Route Abobo),Abobo,Plateau,5.420996,-4.01901,47,90,0.522,Modere,13296,917,2026-05-21,3,jeudi,2026-05-21T03:22:28Z,principal,NA,Abobo
AX_16,Gare Yopougon Autoroute Yopougon,Yopougon,Plateau,5.369048,-3.999911,31.4,100,0.314,Congestionne,8791,887,2026-05-21,3,jeudi,2026-05-21T03:22:29Z,principal,NA,Yopougon
AX_17,Clinique Fraternite (Bvd Fraternite),Yopougon,Plateau,5.349303,-4.021832,33.2,50,0.664,Modere,4855,463,2026-05-21,3,jeudi,2026-05-21T03:22:30Z,principal,NA,Yopougon
AX_18,Carrefour Jatak (Route de Dabou),Yopougon,Plateau,5.321877,-4.1035450000000004,36.5,90,0.406,Congestionne,18601,1612,2026-05-21,3,jeudi,2026-05-21T03:22:31Z,principal,NA,Yopougon
AX_19,Lycee Bingerville (Route Bingerville),Bingerville,Cocody,5.357895,-3.890668,33.6,70,0.48,Congestionne,13218,1343,2026-05-21,3,jeudi,2026-05-21T03:22:32Z,principal,NA,Bingerville
AX_20,Rond-point Marcory (Bvd de la Paix),Marcory,Plateau,5.303988,-4.003239,25.1,50,0.502,Modere,4123,514,2026-05-21,3,jeudi,2026-05-21T03:22:34Z,principal,NA,Marcory
AX_01,Pont HKB (Henri Konan Bedie),Cocody/Marcory,Plateau,5.329775,-3.981814,30.2,80,0.378,Congestionne,10854,1140,2026-05-21,4,jeudi,2026-05-21T04:24:45Z,principal,NA,Cocody
AX_02,Pont De Gaulle,Plateau/Treichville,Plateau,5.317516,-4.016406,21.2,60,0.353,Congestionne,1224,176,2026-05-21,4,jeudi,2026-05-21T04:24:46Z,principal,NA,Plateau
AX_03,Pont Felix Houphouet-Boigny,Plateau/Treichville,Plateau,5.328028,-4.017425,27.5,60,0.458,Congestionne,2414,269,2026-05-21,4,jeudi,2026-05-21T04:24:47Z,principal,NA,Plateau
AX_04,Boulevard VGE (Giscard d Estaing),Plateau/Port-Bouet,Plateau,5.284092,-3.960922,31.5,100,0.315,Congestionne,9720,944,2026-05-21,4,jeudi,2026-05-21T04:24:49Z,principal,NA,Plateau
AX_05,5eme Pont acces Saint-Jean,Cocody/Plateau,Plateau,5.335149,-3.996117,32.6,80,0.408,Congestionne,7035,685,2026-05-21,4,jeudi,2026-05-21T04:24:50Z,principal,NA,Cocody
AX_06,Marche Bellville (Bvd Marseille),Treichville,Plateau,5.30587,-3.998069,27.5,50,0.55,Modere,6069,653,2026-05-21,4,jeudi,2026-05-21T04:24:51Z,principal,NA,Treichville
AX_07,Rond-point Treichville,Treichville,Plateau,5.307293,-4.011812,13.4,40,0.335,Congestionne,2586,570,2026-05-21,4,jeudi,2026-05-21T04:24:52Z,principal,NA,Treichville
AX_08,Gare Lagunaire Bvd Lagunaire,Plateau/Treichville,Plateau,5.312868,-4.010077,25.8,60,0.43,Congestionne,3992,475,2026-05-21,4,jeudi,2026-05-21T04:24:53Z,principal,NA,Plateau
AX_09,Carrefour de l Indenie (Adjame),Adjame,Plateau,5.341379,-4.020257,32.4,50,0.648,Modere,4314,408,2026-05-21,4,jeudi,2026-05-21T04:24:55Z,principal,NA,Adjamé
AX_10,Adjame Mosquee (Bvd Nangui Abrogoua),Adjame,Plateau,5.354097,-4.026506,38.3,55,0.696,Modere,5369,429,2026-05-21,4,jeudi,2026-05-21T04:24:56Z,principal,NA,Adjamé
AX_11,Echangeur de la Ferraille (Adjame),Adjame,Plateau,5.308686,-3.964053,22.4,50,0.448,Congestionne,9501,1294,2026-05-21,4,jeudi,2026-05-21T04:24:57Z,principal,NA,Adjamé
AX_12,Feux Autoroute Nord entree Adjame,Adjame,Plateau,5.299899,-3.998254,23,100,0.23,Bloque,4252,566,2026-05-21,4,jeudi,2026-05-21T04:24:58Z,principal,NA,Adjamé
AX_13,Carrefour Universite (Cocody),Cocody,Cocody,5.334383,-3.938384,25.3,60,0.422,Congestionne,8812,1103,2026-05-21,4,jeudi,2026-05-21T04:25:00Z,principal,NA,Cocody
AX_14,2 Plateaux Vallon (Bvd Mitterrand),Cocody,Cocody,5.362127,-3.98962,15.8,60,0.263,Bloque,1354,271,2026-05-21,4,jeudi,2026-05-21T04:25:01Z,principal,NA,Cocody
AX_15,Abobo Gare Mairie (Route Abobo),Abobo,Plateau,5.420996,-4.01901,47,90,0.522,Modere,13296,917,2026-05-21,4,jeudi,2026-05-21T04:25:02Z,principal,NA,Abobo
AX_16,Gare Yopougon Autoroute Yopougon,Yopougon,Plateau,5.369048,-3.999911,31.4,100,0.314,Congestionne,8791,887,2026-05-21,4,jeudi,2026-05-21T04:25:03Z,principal,NA,Yopougon
AX_17,Clinique Fraternite (Bvd Fraternite),Yopougon,Plateau,5.349303,-4.021832,33.2,50,0.664,Modere,4855,463,2026-05-21,4,jeudi,2026-05-21T04:25:05Z,principal,NA,Yopougon
AX_18,Carrefour Jatak (Route de Dabou),Yopougon,Plateau,5.321877,-4.1035450000000004,36.5,90,0.406,Congestionne,18601,1612,2026-05-21,4,jeudi,2026-05-21T04:25:06Z,principal,NA,Yopougon
AX_19,Lycee Bingerville (Route Bingerville),Bingerville,Cocody,5.357895,-3.890668,33.6,70,0.48,Congestionne,13218,1343,2026-05-21,4,jeudi,2026-05-21T04:25:07Z,principal,NA,Bingerville
AX_20,Rond-point Marcory (Bvd de la Paix),Marcory,Plateau,5.303988,-4.003239,25.1,50,0.502,Modere,4123,514,2026-05-21,4,jeudi,2026-05-21T04:25:08Z,principal,NA,Marcory
AX_01,Pont HKB (Henri Konan Bedie),Cocody/Marcory,Plateau,5.329775,-3.981814,27.8,80,0.348,Congestionne,10854,1140,2026-05-21,5,jeudi,2026-05-21T05:27:19Z,principal,NA,Cocody
AX_02,Pont De Gaulle,Plateau/Treichville,Plateau,5.317516,-4.016406,19.6,60,0.327,Congestionne,1224,176,2026-05-21,5,jeudi,2026-05-21T05:27:20Z,principal,NA,Plateau
AX_03,Pont Felix Houphouet-Boigny,Plateau/Treichville,Plateau,5.328028,-4.017425,25.3,60,0.422,Congestionne,2414,269,2026-05-21,5,jeudi,2026-05-21T05:27:22Z,principal,NA,Plateau
AX_04,Boulevard VGE (Giscard d Estaing),Plateau/Port-Bouet,Plateau,5.284092,-3.960922,29,100,0.29,Bloque,9720,944,2026-05-21,5,jeudi,2026-05-21T05:27:23Z,principal,NA,Plateau
AX_05,5eme Pont acces Saint-Jean,Cocody/Plateau,Plateau,5.335149,-3.996117,30,80,0.375,Congestionne,7035,685,2026-05-21,5,jeudi,2026-05-21T05:27:24Z,principal,NA,Cocody
AX_06,Marche Bellville (Bvd Marseille),Treichville,Plateau,5.30587,-3.998069,25.3,50,0.506,Modere,6069,653,2026-05-21,5,jeudi,2026-05-21T05:27:25Z,principal,NA,Treichville
AX_07,Rond-point Treichville,Treichville,Plateau,5.307293,-4.011812,12.3,40,0.308,Congestionne,2586,570,2026-05-21,5,jeudi,2026-05-21T05:27:26Z,principal,NA,Treichville
AX_08,Gare Lagunaire Bvd Lagunaire,Plateau/Treichville,Plateau,5.312868,-4.010077,23.7,60,0.395,Congestionne,3992,475,2026-05-21,5,jeudi,2026-05-21T05:27:28Z,principal,NA,Plateau
AX_09,Carrefour de l Indenie (Adjame),Adjame,Plateau,5.341379,-4.020257,29.8,50,0.596,Modere,4314,408,2026-05-21,5,jeudi,2026-05-21T05:27:29Z,principal,NA,Adjamé
AX_10,Adjame Mosquee (Bvd Nangui Abrogoua),Adjame,Plateau,5.354097,-4.026506,35.3,55,0.642,Modere,5369,429,2026-05-21,5,jeudi,2026-05-21T05:27:30Z,principal,NA,Adjamé
AX_11,Echangeur de la Ferraille (Adjame),Adjame,Plateau,5.308686,-3.964053,20.6,50,0.412,Congestionne,9501,1294,2026-05-21,5,jeudi,2026-05-21T05:27:31Z,principal,NA,Adjamé
AX_12,Feux Autoroute Nord entree Adjame,Adjame,Plateau,5.299899,-3.998254,21.1,100,0.211,Bloque,4252,566,2026-05-21,5,jeudi,2026-05-21T05:27:32Z,principal,NA,Adjamé
AX_13,Carrefour Universite (Cocody),Cocody,Cocody,5.334383,-3.938384,23.3,60,0.388,Congestionne,8812,1103,2026-05-21,5,jeudi,2026-05-21T05:27:34Z,principal,NA,Cocody
AX_14,2 Plateaux Vallon (Bvd Mitterrand),Cocody,Cocody,5.362127,-3.98962,14.6,60,0.243,Bloque,1354,271,2026-05-21,5,jeudi,2026-05-21T05:27:35Z,principal,NA,Cocody
AX_15,Abobo Gare Mairie (Route Abobo),Abobo,Plateau,5.420996,-4.01901,43.2,90,0.48,Congestionne,13296,917,2026-05-21,5,jeudi,2026-05-21T05:27:36Z,principal,NA,Abobo
AX_16,Gare Yopougon Autoroute Yopougon,Yopougon,Plateau,5.369048,-3.999911,28.9,100,0.289,Bloque,8791,887,2026-05-21,5,jeudi,2026-05-21T05:27:37Z,principal,NA,Yopougon
AX_17,Clinique Fraternite (Bvd Fraternite),Yopougon,Plateau,5.349303,-4.021832,30.5,50,0.61,Modere,4855,463,2026-05-21,5,jeudi,2026-05-21T05:27:38Z,principal,NA,Yopougon
AX_18,Carrefour Jatak (Route de Dabou),Yopougon,Plateau,5.321877,-4.1035450000000004,33.6,90,0.373,Congestionne,18601,1612,2026-05-21,5,jeudi,2026-05-21T05:27:40Z,principal,NA,Yopougon
AX_19,Lycee Bingerville (Route Bingerville),Bingerville,Cocody,5.357895,-3.890668,30.9,70,0.441,Congestionne,13218,1343,2026-05-21,5,jeudi,2026-05-21T05:27:41Z,principal,NA,Bingerville
AX_20,Rond-point Marcory (Bvd de la Paix),Marcory,Plateau,5.303988,-4.003239,23.1,50,0.462,Congestionne,4123,514,2026-05-21,5,jeudi,2026-05-21T05:27:42Z,principal,NA,Marcory
AX_01,Pont HKB (Henri Konan Bedie),Cocody/Marcory,Plateau,5.329775,-3.981814,22.6,80,0.283,Bloque,10854,1140,2026-05-21,6,jeudi,2026-05-21T06:29:54Z,principal,NA,Cocody
AX_02,Pont De Gaulle,Plateau/Treichville,Plateau,5.317516,-4.016406,15.9,60,0.265,Bloque,1224,176,2026-05-21,6,jeudi,2026-05-21T06:29:55Z,principal,NA,Plateau
AX_03,Pont Felix Houphouet-Boigny,Plateau/Treichville,Plateau,5.328028,-4.017425,20.6,60,0.343,Congestionne,2414,269,2026-05-21,6,jeudi,2026-05-21T06:29:56Z,principal,NA,Plateau
AX_04,Boulevard VGE (Giscard d Estaing),Plateau/Port-Bouet,Plateau,5.284092,-3.960922,23.7,100,0.237,Bloque,9720,944,2026-05-21,6,jeudi,2026-05-21T06:29:57Z,principal,NA,Plateau
AX_05,5eme Pont acces Saint-Jean,Cocody/Plateau,Plateau,5.335149,-3.996117,24.4,80,0.305,Congestionne,7035,685,2026-05-21,6,jeudi,2026-05-21T06:29:58Z,principal,NA,Cocody
AX_06,Marche Bellville (Bvd Marseille),Treichville,Plateau,5.30587,-3.998069,20.6,50,0.412,Congestionne,6069,653,2026-05-21,6,jeudi,2026-05-21T06:30:00Z,principal,NA,Treichville
AX_07,Rond-point Treichville,Treichville,Plateau,5.307293,-4.011812,10,40,0.25,Bloque,2586,570,2026-05-21,6,jeudi,2026-05-21T06:30:01Z,principal,NA,Treichville
AX_08,Gare Lagunaire Bvd Lagunaire,Plateau/Treichville,Plateau,5.312868,-4.010077,19.3,60,0.322,Congestionne,3992,475,2026-05-21,6,jeudi,2026-05-21T06:30:02Z,principal,NA,Plateau
AX_09,Carrefour de l Indenie (Adjame),Adjame,Plateau,5.341379,-4.020257,24.3,50,0.486,Congestionne,4314,408,2026-05-21,6,jeudi,2026-05-21T06:30:04Z,principal,NA,Adjamé
AX_10,Adjame Mosquee (Bvd Nangui Abrogoua),Adjame,Plateau,5.354097,-4.026506,28.8,55,0.524,Modere,5369,429,2026-05-21,6,jeudi,2026-05-21T06:30:05Z,principal,NA,Adjamé
AX_11,Echangeur de la Ferraille (Adjame),Adjame,Plateau,5.308686,-3.964053,16.8,50,0.336,Congestionne,9501,1294,2026-05-21,6,jeudi,2026-05-21T06:30:06Z,principal,NA,Adjamé
AX_12,Feux Autoroute Nord entree Adjame,Adjame,Plateau,5.299899,-3.998254,17.2,100,0.172,Bloque,4252,566,2026-05-21,6,jeudi,2026-05-21T06:30:07Z,principal,NA,Adjamé
AX_13,Carrefour Universite (Cocody),Cocody,Cocody,5.334383,-3.938384,19,60,0.317,Congestionne,8812,1103,2026-05-21,6,jeudi,2026-05-21T06:30:09Z,principal,NA,Cocody
AX_14,2 Plateaux Vallon (Bvd Mitterrand),Cocody,Cocody,5.362127,-3.98962,11.9,60,0.198,Bloque,1354,271,2026-05-21,6,jeudi,2026-05-21T06:30:10Z,principal,NA,Cocody
AX_15,Abobo Gare Mairie (Route Abobo),Abobo,Plateau,5.420996,-4.01901,35.2,90,0.391,Congestionne,13296,917,2026-05-21,6,jeudi,2026-05-21T06:30:11Z,principal,NA,Abobo
AX_16,Gare Yopougon Autoroute Yopougon,Yopougon,Plateau,5.369048,-3.999911,23.6,100,0.236,Bloque,8791,887,2026-05-21,6,jeudi,2026-05-21T06:30:12Z,principal,NA,Yopougon
AX_17,Clinique Fraternite (Bvd Fraternite),Yopougon,Plateau,5.349303,-4.021832,24.9,50,0.498,Congestionne,4855,463,2026-05-21,6,jeudi,2026-05-21T06:30:13Z,principal,NA,Yopougon
AX_18,Carrefour Jatak (Route de Dabou),Yopougon,Plateau,5.321877,-4.1035450000000004,27.4,90,0.304,Congestionne,18601,1612,2026-05-21,6,jeudi,2026-05-21T06:30:15Z,principal,NA,Yopougon
AX_19,Lycee Bingerville (Route Bingerville),Bingerville,Cocody,5.357895,-3.890668,25.2,70,0.36,Congestionne,13218,1343,2026-05-21,6,jeudi,2026-05-21T06:30:16Z,principal,NA,Bingerville
AX_20,Rond-point Marcory (Bvd de la Paix),Marcory,Plateau,5.303988,-4.003239,18.9,50,0.378,Congestionne,4123,514,2026-05-21,6,jeudi,2026-05-21T06:30:17Z,principal,NA,Marcory
AX_01,Pont HKB (Henri Konan Bedie),Cocody/Marcory,Plateau,5.329775,-3.981814,15.7,80,0.196,Bloque,10854,1140,2026-05-21,7,jeudi,2026-05-21T07:01:11Z,principal,NA,Cocody
AX_02,Pont De Gaulle,Plateau/Treichville,Plateau,5.317516,-4.016406,11,60,0.183,Bloque,1224,176,2026-05-21,7,jeudi,2026-05-21T07:01:12Z,principal,NA,Plateau
AX_03,Pont Felix Houphouet-Boigny,Plateau/Treichville,Plateau,5.328028,-4.017425,14.3,60,0.238,Bloque,2414,269,2026-05-21,7,jeudi,2026-05-21T07:01:13Z,principal,NA,Plateau
AX_04,Boulevard VGE (Giscard d Estaing),Plateau/Port-Bouet,Plateau,5.284092,-3.960922,16.4,100,0.164,Bloque,9720,944,2026-05-21,7,jeudi,2026-05-21T07:01:15Z,principal,NA,Plateau
AX_05,5eme Pont acces Saint-Jean,Cocody/Plateau,Plateau,5.335149,-3.996117,16.9,80,0.211,Bloque,7035,685,2026-05-21,7,jeudi,2026-05-21T07:01:16Z,principal,NA,Cocody
AX_06,Marche Bellville (Bvd Marseille),Treichville,Plateau,5.30587,-3.998069,14.3,50,0.286,Bloque,6069,653,2026-05-21,7,jeudi,2026-05-21T07:01:17Z,principal,NA,Treichville
AX_07,Rond-point Treichville,Treichville,Plateau,5.307293,-4.011812,7,40,0.175,Bloque,2586,570,2026-05-21,7,jeudi,2026-05-21T07:01:18Z,principal,NA,Treichville
AX_08,Gare Lagunaire Bvd Lagunaire,Plateau/Treichville,Plateau,5.312868,-4.010077,13.4,60,0.223,Bloque,3992,475,2026-05-21,7,jeudi,2026-05-21T07:01:19Z,principal,NA,Plateau
AX_09,Carrefour de l Indenie (Adjame),Adjame,Plateau,5.341379,-4.020257,16.8,50,0.336,Congestionne,4314,408,2026-05-21,7,jeudi,2026-05-21T07:01:21Z,principal,NA,Adjamé
AX_10,Adjame Mosquee (Bvd Nangui Abrogoua),Adjame,Plateau,5.354097,-4.026506,19.9,55,0.362,Congestionne,5369,429,2026-05-21,7,jeudi,2026-05-21T07:01:22Z,principal,NA,Adjamé
AX_11,Echangeur de la Ferraille (Adjame),Adjame,Plateau,5.308686,-3.964053,11.7,50,0.234,Bloque,9501,1294,2026-05-21,7,jeudi,2026-05-21T07:01:23Z,principal,NA,Adjamé
AX_12,Feux Autoroute Nord entree Adjame,Adjame,Plateau,5.299899,-3.998254,11.9,100,0.119,Bloque,4252,566,2026-05-21,7,jeudi,2026-05-21T07:01:24Z,principal,NA,Adjamé
AX_13,Carrefour Universite (Cocody),Cocody,Cocody,5.334383,-3.938384,13.2,60,0.22,Bloque,8812,1103,2026-05-21,7,jeudi,2026-05-21T07:01:25Z,principal,NA,Cocody
AX_14,2 Plateaux Vallon (Bvd Mitterrand),Cocody,Cocody,5.362127,-3.98962,8.2,60,0.137,Bloque,1354,271,2026-05-21,7,jeudi,2026-05-21T07:01:27Z,principal,NA,Cocody
AX_15,Abobo Gare Mairie (Route Abobo),Abobo,Plateau,5.420996,-4.01901,24.4,90,0.271,Bloque,13296,917,2026-05-21,7,jeudi,2026-05-21T07:01:28Z,principal,NA,Abobo
AX_16,Gare Yopougon Autoroute Yopougon,Yopougon,Plateau,5.369048,-3.999911,16.3,100,0.163,Bloque,8791,887,2026-05-21,7,jeudi,2026-05-21T07:01:29Z,principal,NA,Yopougon
AX_17,Clinique Fraternite (Bvd Fraternite),Yopougon,Plateau,5.349303,-4.021832,17.3,50,0.346,Congestionne,4855,463,2026-05-21,7,jeudi,2026-05-21T07:01:30Z,principal,NA,Yopougon
AX_18,Carrefour Jatak (Route de Dabou),Yopougon,Plateau,5.321877,-4.1035450000000004,19,90,0.211,Bloque,18601,1612,2026-05-21,7,jeudi,2026-05-21T07:01:32Z,principal,NA,Yopougon
AX_19,Lycee Bingerville (Route Bingerville),Bingerville,Cocody,5.357895,-3.890668,17.5,70,0.25,Bloque,13218,1343,2026-05-21,7,jeudi,2026-05-21T07:01:33Z,principal,NA,Bingerville
AX_20,Rond-point Marcory (Bvd de la Paix),Marcory,Plateau,5.303988,-4.003239,13.1,50,0.262,Bloque,4123,514,2026-05-21,7,jeudi,2026-05-21T07:01:34Z,principal,NA,Marcory
AX_01,Pont HKB (Henri Konan Bedie),Cocody/Marcory,Plateau,5.329775,-3.981814,11.5,80,0.144,Bloque,10854,1140,2026-05-21,8,jeudi,2026-05-21T08:03:45Z,principal,NA,Cocody
AX_02,Pont De Gaulle,Plateau/Treichville,Plateau,5.317516,-4.016406,8.1,60,0.135,Bloque,1224,176,2026-05-21,8,jeudi,2026-05-21T08:03:46Z,principal,NA,Plateau
AX_03,Pont Felix Houphouet-Boigny,Plateau/Treichville,Plateau,5.328028,-4.017425,10.4,60,0.173,Bloque,2414,269,2026-05-21,8,jeudi,2026-05-21T08:03:48Z,principal,NA,Plateau
AX_04,Boulevard VGE (Giscard d Estaing),Plateau/Port-Bouet,Plateau,5.284092,-3.960922,12,100,0.12,Bloque,9720,944,2026-05-21,8,jeudi,2026-05-21T08:03:49Z,principal,NA,Plateau
AX_05,5eme Pont acces Saint-Jean,Cocody/Plateau,Plateau,5.335149,-3.996117,12.4,80,0.155,Bloque,7035,685,2026-05-21,8,jeudi,2026-05-21T08:03:50Z,principal,NA,Cocody
AX_06,Marche Bellville (Bvd Marseille),Treichville,Plateau,5.30587,-3.998069,10.4,50,0.208,Bloque,6069,653,2026-05-21,8,jeudi,2026-05-21T08:03:51Z,principal,NA,Treichville
AX_07,Rond-point Treichville,Treichville,Plateau,5.307293,-4.011812,5.1,40,0.128,Bloque,2586,570,2026-05-21,8,jeudi,2026-05-21T08:03:53Z,principal,NA,Treichville
AX_08,Gare Lagunaire Bvd Lagunaire,Plateau/Treichville,Plateau,5.312868,-4.010077,9.8,60,0.163,Bloque,3992,475,2026-05-21,8,jeudi,2026-05-21T08:03:54Z,principal,NA,Plateau
AX_09,Carrefour de l Indenie (Adjame),Adjame,Plateau,5.341379,-4.020257,12.3,50,0.246,Bloque,4314,408,2026-05-21,8,jeudi,2026-05-21T08:03:55Z,principal,NA,Adjamé
AX_10,Adjame Mosquee (Bvd Nangui Abrogoua),Adjame,Plateau,5.354097,-4.026506,14.6,55,0.265,Bloque,5369,429,2026-05-21,8,jeudi,2026-05-21T08:03:56Z,principal,NA,Adjamé
AX_11,Echangeur de la Ferraille (Adjame),Adjame,Plateau,5.308686,-3.964053,8.5,50,0.17,Bloque,9501,1294,2026-05-21,8,jeudi,2026-05-21T08:03:57Z,principal,NA,Adjamé
AX_12,Feux Autoroute Nord entree Adjame,Adjame,Plateau,5.299899,-3.998254,8.7,100,0.087,Bloque,4252,566,2026-05-21,8,jeudi,2026-05-21T08:03:59Z,principal,NA,Adjamé
AX_13,Carrefour Universite (Cocody),Cocody,Cocody,5.334383,-3.938384,9.6,60,0.16,Bloque,8812,1103,2026-05-21,8,jeudi,2026-05-21T08:04:00Z,principal,NA,Cocody
AX_14,2 Plateaux Vallon (Bvd Mitterrand),Cocody,Cocody,5.362127,-3.98962,6,60,0.1,Bloque,1354,271,2026-05-21,8,jeudi,2026-05-21T08:04:01Z,principal,NA,Cocody
AX_15,Abobo Gare Mairie (Route Abobo),Abobo,Plateau,5.420996,-4.01901,17.9,90,0.199,Bloque,13296,917,2026-05-21,8,jeudi,2026-05-21T08:04:02Z,principal,NA,Abobo
AX_16,Gare Yopougon Autoroute Yopougon,Yopougon,Plateau,5.369048,-3.999911,11.9,100,0.119,Bloque,8791,887,2026-05-21,8,jeudi,2026-05-21T08:04:03Z,principal,NA,Yopougon
AX_17,Clinique Fraternite (Bvd Fraternite),Yopougon,Plateau,5.349303,-4.021832,12.6,50,0.252,Bloque,4855,463,2026-05-21,8,jeudi,2026-05-21T08:04:05Z,principal,NA,Yopougon
AX_18,Carrefour Jatak (Route de Dabou),Yopougon,Plateau,5.321877,-4.1035450000000004,13.9,90,0.154,Bloque,18601,1612,2026-05-21,8,jeudi,2026-05-21T08:04:06Z,principal,NA,Yopougon
AX_19,Lycee Bingerville (Route Bingerville),Bingerville,Cocody,5.357895,-3.890668,12.8,70,0.183,Bloque,13218,1343,2026-05-21,8,jeudi,2026-05-21T08:04:07Z,principal,NA,Bingerville
AX_20,Rond-point Marcory (Bvd de la Paix),Marcory,Plateau,5.303988,-4.003239,9.6,50,0.192,Bloque,4123,514,2026-05-21,8,jeudi,2026-05-21T08:04:08Z,principal,NA,Marcory
AX_01,Pont HKB (Henri Konan Bedie),Cocody/Marcory,Plateau,5.329775,-3.981814,21.7,80,0.271,Bloque,10854,1140,2026-05-21,10,jeudi,2026-05-21T10:43:44Z,principal,NA,Cocody
AX_02,Pont De Gaulle,Plateau/Treichville,Plateau,5.317516,-4.016406,15.3,60,0.255,Bloque,1224,176,2026-05-21,10,jeudi,2026-05-21T10:43:46Z,principal,NA,Plateau
AX_03,Pont Felix Houphouet-Boigny,Plateau/Treichville,Plateau,5.328028,-4.017425,19.8,60,0.33,Congestionne,2414,269,2026-05-21,10,jeudi,2026-05-21T10:43:47Z,principal,NA,Plateau
AX_04,Boulevard VGE (Giscard d Estaing),Plateau/Port-Bouet,Plateau,5.284092,-3.960922,22.7,100,0.227,Bloque,9720,944,2026-05-21,10,jeudi,2026-05-21T10:43:48Z,principal,NA,Plateau
AX_05,5eme Pont acces Saint-Jean,Cocody/Plateau,Plateau,5.335149,-3.996117,23.4,80,0.292,Bloque,7035,685,2026-05-21,10,jeudi,2026-05-21T10:43:49Z,principal,NA,Cocody
AX_06,Marche Bellville (Bvd Marseille),Treichville,Plateau,5.30587,-3.998069,19.8,50,0.396,Congestionne,6069,653,2026-05-21,10,jeudi,2026-05-21T10:43:51Z,principal,NA,Treichville
AX_07,Rond-point Treichville,Treichville,Plateau,5.307293,-4.011812,9.6,40,0.24,Bloque,2586,570,2026-05-21,10,jeudi,2026-05-21T10:43:52Z,principal,NA,Treichville
AX_08,Gare Lagunaire Bvd Lagunaire,Plateau/Treichville,Plateau,5.312868,-4.010077,18.5,60,0.308,Congestionne,3992,475,2026-05-21,10,jeudi,2026-05-21T10:43:53Z,principal,NA,Plateau
AX_09,Carrefour de l Indenie (Adjame),Adjame,Plateau,5.341379,-4.020257,23.3,50,0.466,Congestionne,4314,408,2026-05-21,10,jeudi,2026-05-21T10:43:54Z,principal,NA,Adjamé
AX_10,Adjame Mosquee (Bvd Nangui Abrogoua),Adjame,Plateau,5.354097,-4.026506,27.6,55,0.502,Modere,5369,429,2026-05-21,10,jeudi,2026-05-21T10:43:56Z,principal,NA,Adjamé
AX_11,Echangeur de la Ferraille (Adjame),Adjame,Plateau,5.308686,-3.964053,16.2,50,0.324,Congestionne,9501,1294,2026-05-21,10,jeudi,2026-05-21T10:43:57Z,principal,NA,Adjamé
AX_12,Feux Autoroute Nord entree Adjame,Adjame,Plateau,5.299899,-3.998254,16.5,100,0.165,Bloque,4252,566,2026-05-21,10,jeudi,2026-05-21T10:43:58Z,principal,NA,Adjamé
AX_13,Carrefour Universite (Cocody),Cocody,Cocody,5.334383,-3.938384,18.2,60,0.303,Congestionne,8812,1103,2026-05-21,10,jeudi,2026-05-21T10:44:00Z,principal,NA,Cocody
AX_14,2 Plateaux Vallon (Bvd Mitterrand),Cocody,Cocody,5.362127,-3.98962,11.4,60,0.19,Bloque,1354,271,2026-05-21,10,jeudi,2026-05-21T10:44:01Z,principal,NA,Cocody
AX_15,Abobo Gare Mairie (Route Abobo),Abobo,Plateau,5.420996,-4.01901,33.8,90,0.376,Congestionne,13296,917,2026-05-21,10,jeudi,2026-05-21T10:44:02Z,principal,NA,Abobo
AX_16,Gare Yopougon Autoroute Yopougon,Yopougon,Plateau,5.369048,-3.999911,22.6,100,0.226,Bloque,8791,887,2026-05-21,10,jeudi,2026-05-21T10:44:03Z,principal,NA,Yopougon
AX_17,Clinique Fraternite (Bvd Fraternite),Yopougon,Plateau,5.349303,-4.021832,23.9,50,0.478,Congestionne,4855,463,2026-05-21,10,jeudi,2026-05-21T10:44:04Z,principal,NA,Yopougon
AX_18,Carrefour Jatak (Route de Dabou),Yopougon,Plateau,5.321877,-4.1035450000000004,26.3,90,0.292,Bloque,18601,1612,2026-05-21,10,jeudi,2026-05-21T10:44:06Z,principal,NA,Yopougon
AX_19,Lycee Bingerville (Route Bingerville),Bingerville,Cocody,5.357895,-3.890668,24.2,70,0.346,Congestionne,13218,1343,2026-05-21,10,jeudi,2026-05-21T10:44:07Z,principal,NA,Bingerville
AX_20,Rond-point Marcory (Bvd de la Paix),Marcory,Plateau,5.303988,-4.003239,18.1,50,0.362,Congestionne,4123,514,2026-05-21,10,jeudi,2026-05-21T10:44:08Z,principal,NA,Marcory
AX_01,Pont HKB (Henri Konan Bedie),Cocody/Marcory,Plateau,5.329775,-3.981814,24.1,80,0.301,Congestionne,10854,1140,2026-05-21,11,jeudi,2026-05-21T11:27:38Z,principal,NA,Cocody
AX_02,Pont De Gaulle,Plateau/Treichville,Plateau,5.317516,-4.016406,17,60,0.283,Bloque,1224,176,2026-05-21,11,jeudi,2026-05-21T11:27:40Z,principal,NA,Plateau
AX_03,Pont Felix Houphouet-Boigny,Plateau/Treichville,Plateau,5.328028,-4.017425,22,60,0.367,Congestionne,2414,269,2026-05-21,11,jeudi,2026-05-21T11:27:41Z,principal,NA,Plateau
AX_04,Boulevard VGE (Giscard d Estaing),Plateau/Port-Bouet,Plateau,5.284092,-3.960922,25.2,100,0.252,Bloque,9720,944,2026-05-21,11,jeudi,2026-05-21T11:27:43Z,principal,NA,Plateau
AX_05,5eme Pont acces Saint-Jean,Cocody/Plateau,Plateau,5.335149,-3.996117,26,80,0.325,Congestionne,7035,685,2026-05-21,11,jeudi,2026-05-21T11:27:44Z,principal,NA,Cocody
AX_06,Marche Bellville (Bvd Marseille),Treichville,Plateau,5.30587,-3.998069,22,50,0.44,Congestionne,6069,653,2026-05-21,11,jeudi,2026-05-21T11:27:45Z,principal,NA,Treichville
AX_07,Rond-point Treichville,Treichville,Plateau,5.307293,-4.011812,10.7,40,0.267,Bloque,2586,570,2026-05-21,11,jeudi,2026-05-21T11:27:47Z,principal,NA,Treichville
AX_08,Gare Lagunaire Bvd Lagunaire,Plateau/Treichville,Plateau,5.312868,-4.010077,20.6,60,0.343,Congestionne,3992,475,2026-05-21,11,jeudi,2026-05-21T11:27:48Z,principal,NA,Plateau
AX_09,Carrefour de l Indenie (Adjame),Adjame,Plateau,5.341379,-4.020257,25.9,50,0.518,Modere,4314,408,2026-05-21,11,jeudi,2026-05-21T11:27:49Z,principal,NA,Adjamé
AX_10,Adjame Mosquee (Bvd Nangui Abrogoua),Adjame,Plateau,5.354097,-4.026506,30.7,55,0.558,Modere,5369,429,2026-05-21,11,jeudi,2026-05-21T11:27:51Z,principal,NA,Adjamé
AX_11,Echangeur de la Ferraille (Adjame),Adjame,Plateau,5.308686,-3.964053,18,50,0.36,Congestionne,9501,1294,2026-05-21,11,jeudi,2026-05-21T11:27:52Z,principal,NA,Adjamé
AX_12,Feux Autoroute Nord entree Adjame,Adjame,Plateau,5.299899,-3.998254,18.4,100,0.184,Bloque,4252,566,2026-05-21,11,jeudi,2026-05-21T11:27:53Z,principal,NA,Adjamé
AX_13,Carrefour Universite (Cocody),Cocody,Cocody,5.334383,-3.938384,20.3,60,0.338,Congestionne,8812,1103,2026-05-21,11,jeudi,2026-05-21T11:27:55Z,principal,NA,Cocody
AX_14,2 Plateaux Vallon (Bvd Mitterrand),Cocody,Cocody,5.362127,-3.98962,12.7,60,0.212,Bloque,1354,271,2026-05-21,11,jeudi,2026-05-21T11:27:56Z,principal,NA,Cocody
AX_15,Abobo Gare Mairie (Route Abobo),Abobo,Plateau,5.420996,-4.01901,37.6,90,0.418,Congestionne,13296,917,2026-05-21,11,jeudi,2026-05-21T11:27:57Z,principal,NA,Abobo
AX_16,Gare Yopougon Autoroute Yopougon,Yopougon,Plateau,5.369048,-3.999911,25.1,100,0.251,Bloque,8791,887,2026-05-21,11,jeudi,2026-05-21T11:27:59Z,principal,NA,Yopougon
AX_17,Clinique Fraternite (Bvd Fraternite),Yopougon,Plateau,5.349303,-4.021832,26.5,50,0.53,Modere,4855,463,2026-05-21,11,jeudi,2026-05-21T11:28:00Z,principal,NA,Yopougon
AX_18,Carrefour Jatak (Route de Dabou),Yopougon,Plateau,5.321877,-4.1035450000000004,29.2,90,0.324,Congestionne,18601,1612,2026-05-21,11,jeudi,2026-05-21T11:28:02Z,principal,NA,Yopougon
AX_19,Lycee Bingerville (Route Bingerville),Bingerville,Cocody,5.357895,-3.890668,26.9,70,0.384,Congestionne,13218,1343,2026-05-21,11,jeudi,2026-05-21T11:28:03Z,principal,NA,Bingerville
AX_20,Rond-point Marcory (Bvd de la Paix),Marcory,Plateau,5.303988,-4.003239,20.1,50,0.402,Congestionne,4123,514,2026-05-21,11,jeudi,2026-05-21T11:28:04Z,principal,NA,Marcory
AX_01,Pont HKB (Henri Konan Bedie),Cocody/Marcory,Plateau,5.329775,-3.981814,20.5,80,0.256,Bloque,10854,1140,2026-05-21,12,jeudi,2026-05-21T12:31:04Z,principal,NA,Cocody
AX_02,Pont De Gaulle,Plateau/Treichville,Plateau,5.317516,-4.016406,14.4,60,0.24,Bloque,1224,176,2026-05-21,12,jeudi,2026-05-21T12:31:06Z,principal,NA,Plateau
AX_03,Pont Felix Houphouet-Boigny,Plateau/Treichville,Plateau,5.328028,-4.017425,18.7,60,0.312,Congestionne,2414,269,2026-05-21,12,jeudi,2026-05-21T12:31:07Z,principal,NA,Plateau
AX_04,Boulevard VGE (Giscard d Estaing),Plateau/Port-Bouet,Plateau,5.284092,-3.960922,21.4,100,0.214,Bloque,9720,944,2026-05-21,12,jeudi,2026-05-21T12:31:08Z,principal,NA,Plateau
AX_05,5eme Pont acces Saint-Jean,Cocody/Plateau,Plateau,5.335149,-3.996117,22.1,80,0.276,Bloque,7035,685,2026-05-21,12,jeudi,2026-05-21T12:31:09Z,principal,NA,Cocody
AX_06,Marche Bellville (Bvd Marseille),Treichville,Plateau,5.30587,-3.998069,18.7,50,0.374,Congestionne,6069,653,2026-05-21,12,jeudi,2026-05-21T12:31:11Z,principal,NA,Treichville
AX_07,Rond-point Treichville,Treichville,Plateau,5.307293,-4.011812,9.1,40,0.227,Bloque,2586,570,2026-05-21,12,jeudi,2026-05-21T12:31:12Z,principal,NA,Treichville
AX_08,Gare Lagunaire Bvd Lagunaire,Plateau/Treichville,Plateau,5.312868,-4.010077,17.5,60,0.292,Bloque,3992,475,2026-05-21,12,jeudi,2026-05-21T12:31:13Z,principal,NA,Plateau
AX_09,Carrefour de l Indenie (Adjame),Adjame,Plateau,5.341379,-4.020257,22,50,0.44,Congestionne,4314,408,2026-05-21,12,jeudi,2026-05-21T12:31:15Z,principal,NA,Adjamé
AX_10,Adjame Mosquee (Bvd Nangui Abrogoua),Adjame,Plateau,5.354097,-4.026506,26.1,55,0.475,Congestionne,5369,429,2026-05-21,12,jeudi,2026-05-21T12:31:16Z,principal,NA,Adjamé
AX_11,Echangeur de la Ferraille (Adjame),Adjame,Plateau,5.308686,-3.964053,15.3,50,0.306,Congestionne,9501,1294,2026-05-21,12,jeudi,2026-05-21T12:31:17Z,principal,NA,Adjamé
AX_12,Feux Autoroute Nord entree Adjame,Adjame,Plateau,5.299899,-3.998254,15.6,100,0.156,Bloque,4252,566,2026-05-21,12,jeudi,2026-05-21T12:31:19Z,principal,NA,Adjamé
AX_13,Carrefour Universite (Cocody),Cocody,Cocody,5.334383,-3.938384,17.2,60,0.287,Bloque,8812,1103,2026-05-21,12,jeudi,2026-05-21T12:31:20Z,principal,NA,Cocody
AX_14,2 Plateaux Vallon (Bvd Mitterrand),Cocody,Cocody,5.362127,-3.98962,10.8,60,0.18,Bloque,1354,271,2026-05-21,12,jeudi,2026-05-21T12:31:21Z,principal,NA,Cocody
AX_15,Abobo Gare Mairie (Route Abobo),Abobo,Plateau,5.420996,-4.01901,31.9,90,0.354,Congestionne,13296,917,2026-05-21,12,jeudi,2026-05-21T12:31:22Z,principal,NA,Abobo
AX_16,Gare Yopougon Autoroute Yopougon,Yopougon,Plateau,5.369048,-3.999911,21.4,100,0.214,Bloque,8791,887,2026-05-21,12,jeudi,2026-05-21T12:31:24Z,principal,NA,Yopougon
AX_17,Clinique Fraternite (Bvd Fraternite),Yopougon,Plateau,5.349303,-4.021832,22.6,50,0.452,Congestionne,4855,463,2026-05-21,12,jeudi,2026-05-21T12:31:26Z,principal,NA,Yopougon
AX_18,Carrefour Jatak (Route de Dabou),Yopougon,Plateau,5.321877,-4.1035450000000004,24.8,90,0.276,Bloque,18601,1612,2026-05-21,12,jeudi,2026-05-21T12:31:27Z,principal,NA,Yopougon
AX_19,Lycee Bingerville (Route Bingerville),Bingerville,Cocody,5.357895,-3.890668,22.9,70,0.327,Congestionne,13218,1343,2026-05-21,12,jeudi,2026-05-21T12:31:28Z,principal,NA,Bingerville
AX_20,Rond-point Marcory (Bvd de la Paix),Marcory,Plateau,5.303988,-4.003239,17.1,50,0.342,Congestionne,4123,514,2026-05-21,12,jeudi,2026-05-21T12:31:29Z,principal,NA,Marcory
AX_01,Pont HKB (Henri Konan Bedie),Cocody/Marcory,Plateau,5.329775,-3.981814,23.5,80,0.294,Bloque,10854,1140,2026-05-21,13,jeudi,2026-05-21T13:02:12Z,principal,NA,Cocody
AX_02,Pont De Gaulle,Plateau/Treichville,Plateau,5.317516,-4.016406,16.6,60,0.277,Bloque,1224,176,2026-05-21,13,jeudi,2026-05-21T13:02:13Z,principal,NA,Plateau
AX_03,Pont Felix Houphouet-Boigny,Plateau/Treichville,Plateau,5.328028,-4.017425,21.4,60,0.357,Congestionne,2414,269,2026-05-21,13,jeudi,2026-05-21T13:02:15Z,principal,NA,Plateau
AX_04,Boulevard VGE (Giscard d Estaing),Plateau/Port-Bouet,Plateau,5.284092,-3.960922,24.6,100,0.246,Bloque,9720,944,2026-05-21,13,jeudi,2026-05-21T13:02:16Z,principal,NA,Plateau
AX_05,5eme Pont acces Saint-Jean,Cocody/Plateau,Plateau,5.335149,-3.996117,25.4,80,0.318,Congestionne,7035,685,2026-05-21,13,jeudi,2026-05-21T13:02:17Z,principal,NA,Cocody
AX_06,Marche Bellville (Bvd Marseille),Treichville,Plateau,5.30587,-3.998069,21.4,50,0.428,Congestionne,6069,653,2026-05-21,13,jeudi,2026-05-21T13:02:19Z,principal,NA,Treichville
AX_07,Rond-point Treichville,Treichville,Plateau,5.307293,-4.011812,10.4,40,0.26,Bloque,2586,570,2026-05-21,13,jeudi,2026-05-21T13:02:20Z,principal,NA,Treichville
AX_08,Gare Lagunaire Bvd Lagunaire,Plateau/Treichville,Plateau,5.312868,-4.010077,20.1,60,0.335,Congestionne,3992,475,2026-05-21,13,jeudi,2026-05-21T13:02:21Z,principal,NA,Plateau
AX_09,Carrefour de l Indenie (Adjame),Adjame,Plateau,5.341379,-4.020257,25.3,50,0.506,Modere,4314,408,2026-05-21,13,jeudi,2026-05-21T13:02:23Z,principal,NA,Adjamé
AX_10,Adjame Mosquee (Bvd Nangui Abrogoua),Adjame,Plateau,5.354097,-4.026506,29.9,55,0.544,Modere,5369,429,2026-05-21,13,jeudi,2026-05-21T13:02:24Z,principal,NA,Adjamé
AX_11,Echangeur de la Ferraille (Adjame),Adjame,Plateau,5.308686,-3.964053,17.5,50,0.35,Congestionne,9501,1294,2026-05-21,13,jeudi,2026-05-21T13:02:26Z,principal,NA,Adjamé
AX_12,Feux Autoroute Nord entree Adjame,Adjame,Plateau,5.299899,-3.998254,17.9,100,0.179,Bloque,4252,566,2026-05-21,13,jeudi,2026-05-21T13:02:27Z,principal,NA,Adjamé
AX_13,Carrefour Universite (Cocody),Cocody,Cocody,5.334383,-3.938384,19.8,60,0.33,Congestionne,8812,1103,2026-05-21,13,jeudi,2026-05-21T13:02:29Z,principal,NA,Cocody
AX_14,2 Plateaux Vallon (Bvd Mitterrand),Cocody,Cocody,5.362127,-3.98962,12.4,60,0.207,Bloque,1354,271,2026-05-21,13,jeudi,2026-05-21T13:02:31Z,principal,NA,Cocody
AX_15,Abobo Gare Mairie (Route Abobo),Abobo,Plateau,5.420996,-4.01901,36.6,90,0.407,Congestionne,13296,917,2026-05-21,13,jeudi,2026-05-21T13:02:32Z,principal,NA,Abobo
AX_16,Gare Yopougon Autoroute Yopougon,Yopougon,Plateau,5.369048,-3.999911,24.5,100,0.245,Bloque,8791,887,2026-05-21,13,jeudi,2026-05-21T13:02:33Z,principal,NA,Yopougon
AX_17,Clinique Fraternite (Bvd Fraternite),Yopougon,Plateau,5.349303,-4.021832,25.9,50,0.518,Modere,4855,463,2026-05-21,13,jeudi,2026-05-21T13:02:35Z,principal,NA,Yopougon
AX_18,Carrefour Jatak (Route de Dabou),Yopougon,Plateau,5.321877,-4.1035450000000004,28.5,90,0.317,Congestionne,18601,1612,2026-05-21,13,jeudi,2026-05-21T13:02:36Z,principal,NA,Yopougon
AX_19,Lycee Bingerville (Route Bingerville),Bingerville,Cocody,5.357895,-3.890668,26.2,70,0.374,Congestionne,13218,1343,2026-05-21,13,jeudi,2026-05-21T13:02:38Z,principal,NA,Bingerville
AX_20,Rond-point Marcory (Bvd de la Paix),Marcory,Plateau,5.303988,-4.003239,19.6,50,0.392,Congestionne,4123,514,2026-05-21,13,jeudi,2026-05-21T13:02:39Z,principal,NA,Marcory
AX_01,Pont HKB (Henri Konan Bedie),Cocody/Marcory,Plateau,5.329775,-3.981814,24.8,80,0.31,Congestionne,10854,1140,2026-05-21,14,jeudi,2026-05-21T14:33:37Z,principal,NA,Cocody
AX_02,Pont De Gaulle,Plateau/Treichville,Plateau,5.317516,-4.016406,17.4,60,0.29,Bloque,1224,176,2026-05-21,14,jeudi,2026-05-21T14:33:38Z,principal,NA,Plateau
AX_03,Pont Felix Houphouet-Boigny,Plateau/Treichville,Plateau,5.328028,-4.017425,22.5,60,0.375,Congestionne,2414,269,2026-05-21,14,jeudi,2026-05-21T14:33:39Z,principal,NA,Plateau
AX_04,Boulevard VGE (Giscard d Estaing),Plateau/Port-Bouet,Plateau,5.284092,-3.960922,25.9,100,0.259,Bloque,9720,944,2026-05-21,14,jeudi,2026-05-21T14:33:40Z,principal,NA,Plateau
AX_05,5eme Pont acces Saint-Jean,Cocody/Plateau,Plateau,5.335149,-3.996117,26.7,80,0.334,Congestionne,7035,685,2026-05-21,14,jeudi,2026-05-21T14:33:42Z,principal,NA,Cocody
AX_06,Marche Bellville (Bvd Marseille),Treichville,Plateau,5.30587,-3.998069,22.5,50,0.45,Congestionne,6069,653,2026-05-21,14,jeudi,2026-05-21T14:33:43Z,principal,NA,Treichville
AX_07,Rond-point Treichville,Treichville,Plateau,5.307293,-4.011812,11,40,0.275,Bloque,2586,570,2026-05-21,14,jeudi,2026-05-21T14:33:44Z,principal,NA,Treichville
AX_08,Gare Lagunaire Bvd Lagunaire,Plateau/Treichville,Plateau,5.312868,-4.010077,21.1,60,0.352,Congestionne,3992,475,2026-05-21,14,jeudi,2026-05-21T14:33:45Z,principal,NA,Plateau
AX_09,Carrefour de l Indenie (Adjame),Adjame,Plateau,5.341379,-4.020257,26.6,50,0.532,Modere,4314,408,2026-05-21,14,jeudi,2026-05-21T14:33:46Z,principal,NA,Adjamé
AX_10,Adjame Mosquee (Bvd Nangui Abrogoua),Adjame,Plateau,5.354097,-4.026506,31.4,55,0.571,Modere,5369,429,2026-05-21,14,jeudi,2026-05-21T14:33:48Z,principal,NA,Adjamé
AX_11,Echangeur de la Ferraille (Adjame),Adjame,Plateau,5.308686,-3.964053,18.4,50,0.368,Congestionne,9501,1294,2026-05-21,14,jeudi,2026-05-21T14:33:49Z,principal,NA,Adjamé
AX_12,Feux Autoroute Nord entree Adjame,Adjame,Plateau,5.299899,-3.998254,18.8,100,0.188,Bloque,4252,566,2026-05-21,14,jeudi,2026-05-21T14:33:50Z,principal,NA,Adjamé
AX_13,Carrefour Universite (Cocody),Cocody,Cocody,5.334383,-3.938384,20.8,60,0.347,Congestionne,8812,1103,2026-05-21,14,jeudi,2026-05-21T14:33:51Z,principal,NA,Cocody
AX_14,2 Plateaux Vallon (Bvd Mitterrand),Cocody,Cocody,5.362127,-3.98962,13,60,0.217,Bloque,1354,271,2026-05-21,14,jeudi,2026-05-21T14:33:52Z,principal,NA,Cocody
AX_15,Abobo Gare Mairie (Route Abobo),Abobo,Plateau,5.420996,-4.01901,38.5,90,0.428,Congestionne,13296,917,2026-05-21,14,jeudi,2026-05-21T14:33:54Z,principal,NA,Abobo
AX_16,Gare Yopougon Autoroute Yopougon,Yopougon,Plateau,5.369048,-3.999911,25.8,100,0.258,Bloque,8791,887,2026-05-21,14,jeudi,2026-05-21T14:33:55Z,principal,NA,Yopougon
AX_17,Clinique Fraternite (Bvd Fraternite),Yopougon,Plateau,5.349303,-4.021832,27.2,50,0.544,Modere,4855,463,2026-05-21,14,jeudi,2026-05-21T14:33:56Z,principal,NA,Yopougon
AX_18,Carrefour Jatak (Route de Dabou),Yopougon,Plateau,5.321877,-4.1035450000000004,29.9,90,0.332,Congestionne,18601,1612,2026-05-21,14,jeudi,2026-05-21T14:33:57Z,principal,NA,Yopougon
AX_19,Lycee Bingerville (Route Bingerville),Bingerville,Cocody,5.357895,-3.890668,27.6,70,0.394,Congestionne,13218,1343,2026-05-21,14,jeudi,2026-05-21T14:33:58Z,principal,NA,Bingerville
AX_20,Rond-point Marcory (Bvd de la Paix),Marcory,Plateau,5.303988,-4.003239,20.6,50,0.412,Congestionne,4123,514,2026-05-21,14,jeudi,2026-05-21T14:34:00Z,principal,NA,Marcory
AX_01,Pont HKB (Henri Konan Bedie),Cocody/Marcory,Plateau,5.329775,-3.981814,21.7,80,0.271,Bloque,10854,1140,2026-05-21,15,jeudi,2026-05-21T15:04:55Z,principal,NA,Cocody
AX_02,Pont De Gaulle,Plateau/Treichville,Plateau,5.317516,-4.016406,15.3,60,0.255,Bloque,1224,176,2026-05-21,15,jeudi,2026-05-21T15:04:57Z,principal,NA,Plateau
AX_03,Pont Felix Houphouet-Boigny,Plateau/Treichville,Plateau,5.328028,-4.017425,19.8,60,0.33,Congestionne,2414,269,2026-05-21,15,jeudi,2026-05-21T15:04:58Z,principal,NA,Plateau
AX_04,Boulevard VGE (Giscard d Estaing),Plateau/Port-Bouet,Plateau,5.284092,-3.960922,22.7,100,0.227,Bloque,9720,944,2026-05-21,15,jeudi,2026-05-21T15:04:59Z,principal,NA,Plateau
AX_05,5eme Pont acces Saint-Jean,Cocody/Plateau,Plateau,5.335149,-3.996117,23.4,80,0.292,Bloque,7035,685,2026-05-21,15,jeudi,2026-05-21T15:05:00Z,principal,NA,Cocody
AX_06,Marche Bellville (Bvd Marseille),Treichville,Plateau,5.30587,-3.998069,19.8,50,0.396,Congestionne,6069,653,2026-05-21,15,jeudi,2026-05-21T15:05:02Z,principal,NA,Treichville
AX_07,Rond-point Treichville,Treichville,Plateau,5.307293,-4.011812,9.6,40,0.24,Bloque,2586,570,2026-05-21,15,jeudi,2026-05-21T15:05:03Z,principal,NA,Treichville
AX_08,Gare Lagunaire Bvd Lagunaire,Plateau/Treichville,Plateau,5.312868,-4.010077,18.5,60,0.308,Congestionne,3992,475,2026-05-21,15,jeudi,2026-05-21T15:05:05Z,principal,NA,Plateau
AX_09,Carrefour de l Indenie (Adjame),Adjame,Plateau,5.341379,-4.020257,23.3,50,0.466,Congestionne,4314,408,2026-05-21,15,jeudi,2026-05-21T15:05:06Z,principal,NA,Adjamé
AX_10,Adjame Mosquee (Bvd Nangui Abrogoua),Adjame,Plateau,5.354097,-4.026506,27.6,55,0.502,Modere,5369,429,2026-05-21,15,jeudi,2026-05-21T15:05:07Z,principal,NA,Adjamé
AX_11,Echangeur de la Ferraille (Adjame),Adjame,Plateau,5.308686,-3.964053,16.2,50,0.324,Congestionne,9501,1294,2026-05-21,15,jeudi,2026-05-21T15:05:09Z,principal,NA,Adjamé
AX_12,Feux Autoroute Nord entree Adjame,Adjame,Plateau,5.299899,-3.998254,16.5,100,0.165,Bloque,4252,566,2026-05-21,15,jeudi,2026-05-21T15:05:10Z,principal,NA,Adjamé
AX_13,Carrefour Universite (Cocody),Cocody,Cocody,5.334383,-3.938384,18.2,60,0.303,Congestionne,8812,1103,2026-05-21,15,jeudi,2026-05-21T15:05:12Z,principal,NA,Cocody
AX_14,2 Plateaux Vallon (Bvd Mitterrand),Cocody,Cocody,5.362127,-3.98962,11.4,60,0.19,Bloque,1354,271,2026-05-21,15,jeudi,2026-05-21T15:05:13Z,principal,NA,Cocody
AX_15,Abobo Gare Mairie (Route Abobo),Abobo,Plateau,5.420996,-4.01901,33.8,90,0.376,Congestionne,13296,917,2026-05-21,15,jeudi,2026-05-21T15:05:14Z,principal,NA,Abobo
AX_16,Gare Yopougon Autoroute Yopougon,Yopougon,Plateau,5.369048,-3.999911,22.6,100,0.226,Bloque,8791,887,2026-05-21,15,jeudi,2026-05-21T15:05:16Z,principal,NA,Yopougon
AX_17,Clinique Fraternite (Bvd Fraternite),Yopougon,Plateau,5.349303,-4.021832,23.9,50,0.478,Congestionne,4855,463,2026-05-21,15,jeudi,2026-05-21T15:05:17Z,principal,NA,Yopougon
AX_18,Carrefour Jatak (Route de Dabou),Yopougon,Plateau,5.321877,-4.1035450000000004,26.3,90,0.292,Bloque,18601,1612,2026-05-21,15,jeudi,2026-05-21T15:05:18Z,principal,NA,Yopougon
AX_19,Lycee Bingerville (Route Bingerville),Bingerville,Cocody,5.357895,-3.890668,24.2,70,0.346,Congestionne,13218,1343,2026-05-21,15,jeudi,2026-05-21T15:05:19Z,principal,NA,Bingerville
AX_20,Rond-point Marcory (Bvd de la Paix),Marcory,Plateau,5.303988,-4.003239,18.1,50,0.362,Congestionne,4123,514,2026-05-21,15,jeudi,2026-05-21T15:05:21Z,principal,NA,Marcory
AX_01,Pont HKB (Henri Konan Bedie),Cocody/Marcory,Plateau,5.329775,-3.981814,15.7,80,0.196,Bloque,10854,1140,2026-05-21,16,jeudi,2026-05-21T16:07:38Z,principal,NA,Cocody
AX_02,Pont De Gaulle,Plateau/Treichville,Plateau,5.317516,-4.016406,11,60,0.183,Bloque,1224,176,2026-05-21,16,jeudi,2026-05-21T16:07:39Z,principal,NA,Plateau
AX_03,Pont Felix Houphouet-Boigny,Plateau/Treichville,Plateau,5.328028,-4.017425,14.3,60,0.238,Bloque,2414,269,2026-05-21,16,jeudi,2026-05-21T16:07:40Z,principal,NA,Plateau
AX_04,Boulevard VGE (Giscard d Estaing),Plateau/Port-Bouet,Plateau,5.284092,-3.960922,16.4,100,0.164,Bloque,9720,944,2026-05-21,16,jeudi,2026-05-21T16:07:42Z,principal,NA,Plateau
AX_05,5eme Pont acces Saint-Jean,Cocody/Plateau,Plateau,5.335149,-3.996117,16.9,80,0.211,Bloque,7035,685,2026-05-21,16,jeudi,2026-05-21T16:07:43Z,principal,NA,Cocody
AX_06,Marche Bellville (Bvd Marseille),Treichville,Plateau,5.30587,-3.998069,14.3,50,0.286,Bloque,6069,653,2026-05-21,16,jeudi,2026-05-21T16:07:44Z,principal,NA,Treichville
AX_07,Rond-point Treichville,Treichville,Plateau,5.307293,-4.011812,7,40,0.175,Bloque,2586,570,2026-05-21,16,jeudi,2026-05-21T16:07:46Z,principal,NA,Treichville
AX_08,Gare Lagunaire Bvd Lagunaire,Plateau/Treichville,Plateau,5.312868,-4.010077,13.4,60,0.223,Bloque,3992,475,2026-05-21,16,jeudi,2026-05-21T16:07:47Z,principal,NA,Plateau
AX_09,Carrefour de l Indenie (Adjame),Adjame,Plateau,5.341379,-4.020257,16.8,50,0.336,Congestionne,4314,408,2026-05-21,16,jeudi,2026-05-21T16:07:48Z,principal,NA,Adjamé
AX_10,Adjame Mosquee (Bvd Nangui Abrogoua),Adjame,Plateau,5.354097,-4.026506,19.9,55,0.362,Congestionne,5369,429,2026-05-21,16,jeudi,2026-05-21T16:07:49Z,principal,NA,Adjamé
AX_11,Echangeur de la Ferraille (Adjame),Adjame,Plateau,5.308686,-3.964053,11.7,50,0.234,Bloque,9501,1294,2026-05-21,16,jeudi,2026-05-21T16:07:50Z,principal,NA,Adjamé
AX_12,Feux Autoroute Nord entree Adjame,Adjame,Plateau,5.299899,-3.998254,11.9,100,0.119,Bloque,4252,566,2026-05-21,16,jeudi,2026-05-21T16:07:52Z,principal,NA,Adjamé
AX_13,Carrefour Universite (Cocody),Cocody,Cocody,5.334383,-3.938384,13.2,60,0.22,Bloque,8812,1103,2026-05-21,16,jeudi,2026-05-21T16:07:53Z,principal,NA,Cocody
AX_14,2 Plateaux Vallon (Bvd Mitterrand),Cocody,Cocody,5.362127,-3.98962,8.2,60,0.137,Bloque,1354,271,2026-05-21,16,jeudi,2026-05-21T16:07:54Z,principal,NA,Cocody
AX_15,Abobo Gare Mairie (Route Abobo),Abobo,Plateau,5.420996,-4.01901,24.4,90,0.271,Bloque,13296,917,2026-05-21,16,jeudi,2026-05-21T16:07:55Z,principal,NA,Abobo
AX_16,Gare Yopougon Autoroute Yopougon,Yopougon,Plateau,5.369048,-3.999911,16.3,100,0.163,Bloque,8791,887,2026-05-21,16,jeudi,2026-05-21T16:07:57Z,principal,NA,Yopougon
AX_17,Clinique Fraternite (Bvd Fraternite),Yopougon,Plateau,5.349303,-4.021832,17.3,50,0.346,Congestionne,4855,463,2026-05-21,16,jeudi,2026-05-21T16:07:59Z,principal,NA,Yopougon
AX_18,Carrefour Jatak (Route de Dabou),Yopougon,Plateau,5.321877,-4.1035450000000004,19,90,0.211,Bloque,18601,1612,2026-05-21,16,jeudi,2026-05-21T16:08:00Z,principal,NA,Yopougon
AX_19,Lycee Bingerville (Route Bingerville),Bingerville,Cocody,5.357895,-3.890668,17.5,70,0.25,Bloque,13218,1343,2026-05-21,16,jeudi,2026-05-21T16:08:01Z,principal,NA,Bingerville
AX_20,Rond-point Marcory (Bvd de la Paix),Marcory,Plateau,5.303988,-4.003239,13.1,50,0.262,Bloque,4123,514,2026-05-21,16,jeudi,2026-05-21T16:08:03Z,principal,NA,Marcory
AX_01,Pont HKB (Henri Konan Bedie),Cocody/Marcory,Plateau,5.329775,-3.981814,24.8,80,0.31,Congestionne,10854,1140,2026-05-22,14,vendredi,2026-05-22T14:22:46Z,principal,NA,Cocody
AX_02,Pont De Gaulle,Plateau/Treichville,Plateau,5.317516,-4.016406,17.4,60,0.29,Bloque,1224,176,2026-05-22,14,vendredi,2026-05-22T14:22:47Z,principal,NA,Plateau
AX_03,Pont Felix Houphouet-Boigny,Plateau/Treichville,Plateau,5.328028,-4.017425,22.5,60,0.375,Congestionne,2414,269,2026-05-22,14,vendredi,2026-05-22T14:22:48Z,principal,NA,Plateau
AX_04,Boulevard VGE (Giscard d Estaing),Plateau/Port-Bouet,Plateau,5.284092,-3.960922,25.9,100,0.259,Bloque,9720,944,2026-05-22,14,vendredi,2026-05-22T14:22:49Z,principal,NA,Plateau
AX_05,5eme Pont acces Saint-Jean,Cocody/Plateau,Plateau,5.335149,-3.996117,26.7,80,0.334,Congestionne,7035,685,2026-05-22,14,vendredi,2026-05-22T14:22:51Z,principal,NA,Cocody
AX_06,Marche Bellville (Bvd Marseille),Treichville,Plateau,5.30587,-3.998069,22.5,50,0.45,Congestionne,6069,653,2026-05-22,14,vendredi,2026-05-22T14:22:52Z,principal,NA,Treichville
AX_07,Rond-point Treichville,Treichville,Plateau,5.307293,-4.011812,11,40,0.275,Bloque,2586,570,2026-05-22,14,vendredi,2026-05-22T14:22:53Z,principal,NA,Treichville
AX_08,Gare Lagunaire Bvd Lagunaire,Plateau/Treichville,Plateau,5.312868,-4.010077,21.1,60,0.352,Congestionne,3992,475,2026-05-22,14,vendredi,2026-05-22T14:22:54Z,principal,NA,Plateau
AX_09,Carrefour de l Indenie (Adjame),Adjame,Plateau,5.341379,-4.020257,26.6,50,0.532,Modere,4314,408,2026-05-22,14,vendredi,2026-05-22T14:22:56Z,principal,NA,Adjamé
AX_10,Adjame Mosquee (Bvd Nangui Abrogoua),Adjame,Plateau,5.354097,-4.026506,31.4,55,0.571,Modere,5369,429,2026-05-22,14,vendredi,2026-05-22T14:22:57Z,principal,NA,Adjamé
AX_11,Echangeur de la Ferraille (Adjame),Adjame,Plateau,5.308686,-3.964053,18.4,50,0.368,Congestionne,9501,1294,2026-05-22,14,vendredi,2026-05-22T14:22:58Z,principal,NA,Adjamé
AX_12,Feux Autoroute Nord entree Adjame,Adjame,Plateau,5.299899,-3.998254,18.8,100,0.188,Bloque,4252,566,2026-05-22,14,vendredi,2026-05-22T14:22:59Z,principal,NA,Adjamé
AX_13,Carrefour Universite (Cocody),Cocody,Cocody,5.334383,-3.938384,20.8,60,0.347,Congestionne,8812,1103,2026-05-22,14,vendredi,2026-05-22T14:23:01Z,principal,NA,Cocody
AX_14,2 Plateaux Vallon (Bvd Mitterrand),Cocody,Cocody,5.362127,-3.98962,13,60,0.217,Bloque,1354,271,2026-05-22,14,vendredi,2026-05-22T14:23:02Z,principal,NA,Cocody
AX_15,Abobo Gare Mairie (Route Abobo),Abobo,Plateau,5.420996,-4.01901,38.5,90,0.428,Congestionne,13296,917,2026-05-22,14,vendredi,2026-05-22T14:23:03Z,principal,NA,Abobo
AX_16,Gare Yopougon Autoroute Yopougon,Yopougon,Plateau,5.369048,-3.999911,25.8,100,0.258,Bloque,8791,887,2026-05-22,14,vendredi,2026-05-22T14:23:04Z,principal,NA,Yopougon
AX_17,Clinique Fraternite (Bvd Fraternite),Yopougon,Plateau,5.349303,-4.021832,27.2,50,0.544,Modere,4855,463,2026-05-22,14,vendredi,2026-05-22T14:23:05Z,principal,NA,Yopougon
AX_18,Carrefour Jatak (Route de Dabou),Yopougon,Plateau,5.321877,-4.1035450000000004,29.9,90,0.332,Congestionne,18601,1612,2026-05-22,14,vendredi,2026-05-22T14:23:07Z,principal,NA,Yopougon
AX_19,Lycee Bingerville (Route Bingerville),Bingerville,Cocody,5.357895,-3.890668,27.6,70,0.394,Congestionne,13218,1343,2026-05-22,14,vendredi,2026-05-22T14:23:08Z,principal,NA,Bingerville
AX_20,Rond-point Marcory (Bvd de la Paix),Marcory,Plateau,5.303988,-4.003239,20.6,50,0.412,Congestionne,4123,514,2026-05-22,14,vendredi,2026-05-22T14:23:09Z,principal,NA,Marcory
AX_01,Pont HKB (Henri Konan Bedie),Cocody/Marcory,Plateau,5.329775,-3.981814,21.7,80,0.271,Bloque,10854,1140,2026-05-22,15,vendredi,2026-05-22T15:25:24Z,principal,NA,Cocody
AX_02,Pont De Gaulle,Plateau/Treichville,Plateau,5.317516,-4.016406,15.3,60,0.255,Bloque,1224,176,2026-05-22,15,vendredi,2026-05-22T15:25:26Z,principal,NA,Plateau
AX_03,Pont Felix Houphouet-Boigny,Plateau/Treichville,Plateau,5.328028,-4.017425,19.8,60,0.33,Congestionne,2414,269,2026-05-22,15,vendredi,2026-05-22T15:25:27Z,principal,NA,Plateau
AX_04,Boulevard VGE (Giscard d Estaing),Plateau/Port-Bouet,Plateau,5.284092,-3.960922,22.7,100,0.227,Bloque,9720,944,2026-05-22,15,vendredi,2026-05-22T15:25:28Z,principal,NA,Plateau
AX_05,5eme Pont acces Saint-Jean,Cocody/Plateau,Plateau,5.335149,-3.996117,23.4,80,0.292,Bloque,7035,685,2026-05-22,15,vendredi,2026-05-22T15:25:30Z,principal,NA,Cocody
AX_06,Marche Bellville (Bvd Marseille),Treichville,Plateau,5.30587,-3.998069,19.8,50,0.396,Congestionne,6069,653,2026-05-22,15,vendredi,2026-05-22T15:25:31Z,principal,NA,Treichville
AX_07,Rond-point Treichville,Treichville,Plateau,5.307293,-4.011812,9.6,40,0.24,Bloque,2586,570,2026-05-22,15,vendredi,2026-05-22T15:25:32Z,principal,NA,Treichville
AX_08,Gare Lagunaire Bvd Lagunaire,Plateau/Treichville,Plateau,5.312868,-4.010077,18.5,60,0.308,Congestionne,3992,475,2026-05-22,15,vendredi,2026-05-22T15:25:33Z,principal,NA,Plateau
AX_09,Carrefour de l Indenie (Adjame),Adjame,Plateau,5.341379,-4.020257,23.3,50,0.466,Congestionne,4314,408,2026-05-22,15,vendredi,2026-05-22T15:25:35Z,principal,NA,Adjamé
AX_10,Adjame Mosquee (Bvd Nangui Abrogoua),Adjame,Plateau,5.354097,-4.026506,27.6,55,0.502,Modere,5369,429,2026-05-22,15,vendredi,2026-05-22T15:25:36Z,principal,NA,Adjamé
AX_11,Echangeur de la Ferraille (Adjame),Adjame,Plateau,5.308686,-3.964053,16.2,50,0.324,Congestionne,9501,1294,2026-05-22,15,vendredi,2026-05-22T15:25:37Z,principal,NA,Adjamé
AX_12,Feux Autoroute Nord entree Adjame,Adjame,Plateau,5.299899,-3.998254,16.5,100,0.165,Bloque,4252,566,2026-05-22,15,vendredi,2026-05-22T15:25:39Z,principal,NA,Adjamé
AX_13,Carrefour Universite (Cocody),Cocody,Cocody,5.334383,-3.938384,18.2,60,0.303,Congestionne,8812,1103,2026-05-22,15,vendredi,2026-05-22T15:25:40Z,principal,NA,Cocody
AX_14,2 Plateaux Vallon (Bvd Mitterrand),Cocody,Cocody,5.362127,-3.98962,11.4,60,0.19,Bloque,1354,271,2026-05-22,15,vendredi,2026-05-22T15:25:41Z,principal,NA,Cocody
AX_15,Abobo Gare Mairie (Route Abobo),Abobo,Plateau,5.420996,-4.01901,33.8,90,0.376,Congestionne,13296,917,2026-05-22,15,vendredi,2026-05-22T15:25:42Z,principal,NA,Abobo
AX_16,Gare Yopougon Autoroute Yopougon,Yopougon,Plateau,5.369048,-3.999911,22.6,100,0.226,Bloque,8791,887,2026-05-22,15,vendredi,2026-05-22T15:25:44Z,principal,NA,Yopougon
AX_17,Clinique Fraternite (Bvd Fraternite),Yopougon,Plateau,5.349303,-4.021832,23.9,50,0.478,Congestionne,4855,463,2026-05-22,15,vendredi,2026-05-22T15:25:45Z,principal,NA,Yopougon
AX_18,Carrefour Jatak (Route de Dabou),Yopougon,Plateau,5.321877,-4.1035450000000004,26.3,90,0.292,Bloque,18601,1612,2026-05-22,15,vendredi,2026-05-22T15:25:46Z,principal,NA,Yopougon
AX_19,Lycee Bingerville (Route Bingerville),Bingerville,Cocody,5.357895,-3.890668,24.2,70,0.346,Congestionne,13218,1343,2026-05-22,15,vendredi,2026-05-22T15:25:48Z,principal,NA,Bingerville
AX_20,Rond-point Marcory (Bvd de la Paix),Marcory,Plateau,5.303988,-4.003239,18.1,50,0.362,Congestionne,4123,514,2026-05-22,15,vendredi,2026-05-22T15:25:49Z,principal,NA,Marcory
AX_01,Pont HKB (Henri Konan Bedie),Cocody/Marcory,Plateau,5.329775,-3.981814,24.8,80,0.31,Congestionne,10854,1140,2026-05-23,14,samedi,2026-05-23T14:36:07Z,principal,NA,Cocody
AX_02,Pont De Gaulle,Plateau/Treichville,Plateau,5.317516,-4.016406,17.4,60,0.29,Bloque,1224,176,2026-05-23,14,samedi,2026-05-23T14:36:08Z,principal,NA,Plateau
AX_03,Pont Felix Houphouet-Boigny,Plateau/Treichville,Plateau,5.328028,-4.017425,22.5,60,0.375,Congestionne,2414,269,2026-05-23,14,samedi,2026-05-23T14:36:09Z,principal,NA,Plateau
AX_04,Boulevard VGE (Giscard d Estaing),Plateau/Port-Bouet,Plateau,5.284092,-3.960922,25.9,100,0.259,Bloque,9720,944,2026-05-23,14,samedi,2026-05-23T14:36:10Z,principal,NA,Plateau
AX_05,5eme Pont acces Saint-Jean,Cocody/Plateau,Plateau,5.335149,-3.996117,26.7,80,0.334,Congestionne,7035,685,2026-05-23,14,samedi,2026-05-23T14:36:12Z,principal,NA,Cocody
AX_06,Marche Bellville (Bvd Marseille),Treichville,Plateau,5.30587,-3.998069,22.5,50,0.45,Congestionne,6069,653,2026-05-23,14,samedi,2026-05-23T14:36:13Z,principal,NA,Treichville
AX_07,Rond-point Treichville,Treichville,Plateau,5.307293,-4.011812,11,40,0.275,Bloque,2586,570,2026-05-23,14,samedi,2026-05-23T14:36:14Z,principal,NA,Treichville
AX_08,Gare Lagunaire Bvd Lagunaire,Plateau/Treichville,Plateau,5.312868,-4.010077,21.1,60,0.352,Congestionne,3992,475,2026-05-23,14,samedi,2026-05-23T14:36:15Z,principal,NA,Plateau
AX_09,Carrefour de l Indenie (Adjame),Adjame,Plateau,5.341379,-4.020257,26.6,50,0.532,Modere,4314,408,2026-05-23,14,samedi,2026-05-23T14:36:16Z,principal,NA,Adjamé
AX_10,Adjame Mosquee (Bvd Nangui Abrogoua),Adjame,Plateau,5.354097,-4.026506,31.4,55,0.571,Modere,5369,429,2026-05-23,14,samedi,2026-05-23T14:36:18Z,principal,NA,Adjamé
AX_11,Echangeur de la Ferraille (Adjame),Adjame,Plateau,5.308686,-3.964053,18.4,50,0.368,Congestionne,9501,1294,2026-05-23,14,samedi,2026-05-23T14:36:19Z,principal,NA,Adjamé
AX_12,Feux Autoroute Nord entree Adjame,Adjame,Plateau,5.299899,-3.998254,18.8,100,0.188,Bloque,4252,566,2026-05-23,14,samedi,2026-05-23T14:36:20Z,principal,NA,Adjamé
AX_13,Carrefour Universite (Cocody),Cocody,Cocody,5.334383,-3.938384,20.8,60,0.347,Congestionne,8812,1103,2026-05-23,14,samedi,2026-05-23T14:36:21Z,principal,NA,Cocody
AX_14,2 Plateaux Vallon (Bvd Mitterrand),Cocody,Cocody,5.362127,-3.98962,13,60,0.217,Bloque,1354,271,2026-05-23,14,samedi,2026-05-23T14:36:22Z,principal,NA,Cocody
AX_15,Abobo Gare Mairie (Route Abobo),Abobo,Plateau,5.420996,-4.01901,38.5,90,0.428,Congestionne,13296,917,2026-05-23,14,samedi,2026-05-23T14:36:24Z,principal,NA,Abobo
AX_16,Gare Yopougon Autoroute Yopougon,Yopougon,Plateau,5.369048,-3.999911,25.8,100,0.258,Bloque,8791,887,2026-05-23,14,samedi,2026-05-23T14:36:25Z,principal,NA,Yopougon
AX_17,Clinique Fraternite (Bvd Fraternite),Yopougon,Plateau,5.349303,-4.021832,27.2,50,0.544,Modere,4855,463,2026-05-23,14,samedi,2026-05-23T14:36:26Z,principal,NA,Yopougon
AX_18,Carrefour Jatak (Route de Dabou),Yopougon,Plateau,5.321877,-4.1035450000000004,29.9,90,0.332,Congestionne,18601,1612,2026-05-23,14,samedi,2026-05-23T14:36:27Z,principal,NA,Yopougon
AX_19,Lycee Bingerville (Route Bingerville),Bingerville,Cocody,5.357895,-3.890668,27.6,70,0.394,Congestionne,13218,1343,2026-05-23,14,samedi,2026-05-23T14:36:28Z,principal,NA,Bingerville
AX_20,Rond-point Marcory (Bvd de la Paix),Marcory,Plateau,5.303988,-4.003239,20.6,50,0.412,Congestionne,4123,514,2026-05-23,14,samedi,2026-05-23T14:36:30Z,principal,NA,Marcory
AX_01,Pont HKB (Henri Konan Bedie),Cocody/Marcory,Plateau,5.329775,-3.981814,21.7,80,0.271,Bloque,10854,1140,2026-05-23,15,samedi,2026-05-23T15:07:30Z,principal,NA,Cocody
AX_02,Pont De Gaulle,Plateau/Treichville,Plateau,5.317516,-4.016406,15.3,60,0.255,Bloque,1224,176,2026-05-23,15,samedi,2026-05-23T15:07:32Z,principal,NA,Plateau
AX_03,Pont Felix Houphouet-Boigny,Plateau/Treichville,Plateau,5.328028,-4.017425,19.8,60,0.33,Congestionne,2414,269,2026-05-23,15,samedi,2026-05-23T15:07:33Z,principal,NA,Plateau
AX_04,Boulevard VGE (Giscard d Estaing),Plateau/Port-Bouet,Plateau,5.284092,-3.960922,22.7,100,0.227,Bloque,9720,944,2026-05-23,15,samedi,2026-05-23T15:07:34Z,principal,NA,Plateau
AX_05,5eme Pont acces Saint-Jean,Cocody/Plateau,Plateau,5.335149,-3.996117,23.4,80,0.292,Bloque,7035,685,2026-05-23,15,samedi,2026-05-23T15:07:35Z,principal,NA,Cocody
AX_06,Marche Bellville (Bvd Marseille),Treichville,Plateau,5.30587,-3.998069,19.8,50,0.396,Congestionne,6069,653,2026-05-23,15,samedi,2026-05-23T15:07:36Z,principal,NA,Treichville
AX_07,Rond-point Treichville,Treichville,Plateau,5.307293,-4.011812,9.6,40,0.24,Bloque,2586,570,2026-05-23,15,samedi,2026-05-23T15:07:38Z,principal,NA,Treichville
AX_08,Gare Lagunaire Bvd Lagunaire,Plateau/Treichville,Plateau,5.312868,-4.010077,18.5,60,0.308,Congestionne,3992,475,2026-05-23,15,samedi,2026-05-23T15:07:39Z,principal,NA,Plateau
AX_09,Carrefour de l Indenie (Adjame),Adjame,Plateau,5.341379,-4.020257,23.3,50,0.466,Congestionne,4314,408,2026-05-23,15,samedi,2026-05-23T15:07:40Z,principal,NA,Adjamé
AX_10,Adjame Mosquee (Bvd Nangui Abrogoua),Adjame,Plateau,5.354097,-4.026506,27.6,55,0.502,Modere,5369,429,2026-05-23,15,samedi,2026-05-23T15:07:41Z,principal,NA,Adjamé
AX_11,Echangeur de la Ferraille (Adjame),Adjame,Plateau,5.308686,-3.964053,16.2,50,0.324,Congestionne,9501,1294,2026-05-23,15,samedi,2026-05-23T15:07:42Z,principal,NA,Adjamé
AX_12,Feux Autoroute Nord entree Adjame,Adjame,Plateau,5.299899,-3.998254,16.5,100,0.165,Bloque,4252,566,2026-05-23,15,samedi,2026-05-23T15:07:44Z,principal,NA,Adjamé
AX_13,Carrefour Universite (Cocody),Cocody,Cocody,5.334383,-3.938384,18.2,60,0.303,Congestionne,8812,1103,2026-05-23,15,samedi,2026-05-23T15:07:45Z,principal,NA,Cocody
AX_14,2 Plateaux Vallon (Bvd Mitterrand),Cocody,Cocody,5.362127,-3.98962,11.4,60,0.19,Bloque,1354,271,2026-05-23,15,samedi,2026-05-23T15:07:46Z,principal,NA,Cocody
AX_15,Abobo Gare Mairie (Route Abobo),Abobo,Plateau,5.420996,-4.01901,33.8,90,0.376,Congestionne,13296,917,2026-05-23,15,samedi,2026-05-23T15:07:47Z,principal,NA,Abobo
AX_16,Gare Yopougon Autoroute Yopougon,Yopougon,Plateau,5.369048,-3.999911,22.6,100,0.226,Bloque,8791,887,2026-05-23,15,samedi,2026-05-23T15:07:49Z,principal,NA,Yopougon
AX_17,Clinique Fraternite (Bvd Fraternite),Yopougon,Plateau,5.349303,-4.021832,23.9,50,0.478,Congestionne,4855,463,2026-05-23,15,samedi,2026-05-23T15:07:50Z,principal,NA,Yopougon
AX_18,Carrefour Jatak (Route de Dabou),Yopougon,Plateau,5.321877,-4.1035450000000004,26.3,90,0.292,Bloque,18601,1612,2026-05-23,15,samedi,2026-05-23T15:07:51Z,principal,NA,Yopougon
AX_19,Lycee Bingerville (Route Bingerville),Bingerville,Cocody,5.357895,-3.890668,24.2,70,0.346,Congestionne,13218,1343,2026-05-23,15,samedi,2026-05-23T15:07:52Z,principal,NA,Bingerville
AX_20,Rond-point Marcory (Bvd de la Paix),Marcory,Plateau,5.303988,-4.003239,18.1,50,0.362,Congestionne,4123,514,2026-05-23,15,samedi,2026-05-23T15:07:53Z,principal,NA,Marcory
AX_01,Pont HKB (Henri Konan Bedie),Cocody/Marcory,Plateau,5.329775,-3.981814,15.7,80,0.196,Bloque,10854,1140,2026-05-23,16,samedi,2026-05-23T16:10:13Z,principal,NA,Cocody
AX_02,Pont De Gaulle,Plateau/Treichville,Plateau,5.317516,-4.016406,11,60,0.183,Bloque,1224,176,2026-05-23,16,samedi,2026-05-23T16:10:14Z,principal,NA,Plateau
AX_03,Pont Felix Houphouet-Boigny,Plateau/Treichville,Plateau,5.328028,-4.017425,14.3,60,0.238,Bloque,2414,269,2026-05-23,16,samedi,2026-05-23T16:10:16Z,principal,NA,Plateau
AX_04,Boulevard VGE (Giscard d Estaing),Plateau/Port-Bouet,Plateau,5.284092,-3.960922,16.4,100,0.164,Bloque,9720,944,2026-05-23,16,samedi,2026-05-23T16:10:17Z,principal,NA,Plateau
AX_05,5eme Pont acces Saint-Jean,Cocody/Plateau,Plateau,5.335149,-3.996117,16.9,80,0.211,Bloque,7035,685,2026-05-23,16,samedi,2026-05-23T16:10:18Z,principal,NA,Cocody
AX_06,Marche Bellville (Bvd Marseille),Treichville,Plateau,5.30587,-3.998069,14.3,50,0.286,Bloque,6069,653,2026-05-23,16,samedi,2026-05-23T16:10:19Z,principal,NA,Treichville
AX_07,Rond-point Treichville,Treichville,Plateau,5.307293,-4.011812,7,40,0.175,Bloque,2586,570,2026-05-23,16,samedi,2026-05-23T16:10:21Z,principal,NA,Treichville
AX_08,Gare Lagunaire Bvd Lagunaire,Plateau/Treichville,Plateau,5.312868,-4.010077,13.4,60,0.223,Bloque,3992,475,2026-05-23,16,samedi,2026-05-23T16:10:22Z,principal,NA,Plateau
AX_09,Carrefour de l Indenie (Adjame),Adjame,Plateau,5.341379,-4.020257,16.8,50,0.336,Congestionne,4314,408,2026-05-23,16,samedi,2026-05-23T16:10:23Z,principal,NA,Adjamé
AX_10,Adjame Mosquee (Bvd Nangui Abrogoua),Adjame,Plateau,5.354097,-4.026506,19.9,55,0.362,Congestionne,5369,429,2026-05-23,16,samedi,2026-05-23T16:10:24Z,principal,NA,Adjamé
AX_11,Echangeur de la Ferraille (Adjame),Adjame,Plateau,5.308686,-3.964053,11.7,50,0.234,Bloque,9501,1294,2026-05-23,16,samedi,2026-05-23T16:10:25Z,principal,NA,Adjamé
AX_12,Feux Autoroute Nord entree Adjame,Adjame,Plateau,5.299899,-3.998254,11.9,100,0.119,Bloque,4252,566,2026-05-23,16,samedi,2026-05-23T16:10:27Z,principal,NA,Adjamé
AX_13,Carrefour Universite (Cocody),Cocody,Cocody,5.334383,-3.938384,13.2,60,0.22,Bloque,8812,1103,2026-05-23,16,samedi,2026-05-23T16:10:28Z,principal,NA,Cocody
AX_14,2 Plateaux Vallon (Bvd Mitterrand),Cocody,Cocody,5.362127,-3.98962,8.2,60,0.137,Bloque,1354,271,2026-05-23,16,samedi,2026-05-23T16:10:29Z,principal,NA,Cocody
AX_15,Abobo Gare Mairie (Route Abobo),Abobo,Plateau,5.420996,-4.01901,24.4,90,0.271,Bloque,13296,917,2026-05-23,16,samedi,2026-05-23T16:10:30Z,principal,NA,Abobo
AX_16,Gare Yopougon Autoroute Yopougon,Yopougon,Plateau,5.369048,-3.999911,16.3,100,0.163,Bloque,8791,887,2026-05-23,16,samedi,2026-05-23T16:10:31Z,principal,NA,Yopougon
AX_17,Clinique Fraternite (Bvd Fraternite),Yopougon,Plateau,5.349303,-4.021832,17.3,50,0.346,Congestionne,4855,463,2026-05-23,16,samedi,2026-05-23T16:10:33Z,principal,NA,Yopougon
AX_18,Carrefour Jatak (Route de Dabou),Yopougon,Plateau,5.321877,-4.1035450000000004,19,90,0.211,Bloque,18601,1612,2026-05-23,16,samedi,2026-05-23T16:10:34Z,principal,NA,Yopougon
AX_19,Lycee Bingerville (Route Bingerville),Bingerville,Cocody,5.357895,-3.890668,17.5,70,0.25,Bloque,13218,1343,2026-05-23,16,samedi,2026-05-23T16:10:35Z,principal,NA,Bingerville
AX_20,Rond-point Marcory (Bvd de la Paix),Marcory,Plateau,5.303988,-4.003239,13.1,50,0.262,Bloque,4123,514,2026-05-23,16,samedi,2026-05-23T16:10:36Z,principal,NA,Marcory
AX_01,Pont HKB (Henri Konan Bedie),Cocody/Marcory,Plateau,5.329775,-3.981814,20.5,80,0.256,Bloque,10854,1140,2026-05-24,12,dimanche,2026-05-24T12:41:25Z,principal,NA,Cocody
AX_02,Pont De Gaulle,Plateau/Treichville,Plateau,5.317516,-4.016406,14.4,60,0.24,Bloque,1224,176,2026-05-24,12,dimanche,2026-05-24T12:41:26Z,principal,NA,Plateau
AX_03,Pont Felix Houphouet-Boigny,Plateau/Treichville,Plateau,5.328028,-4.017425,18.7,60,0.312,Congestionne,2414,269,2026-05-24,12,dimanche,2026-05-24T12:41:27Z,principal,NA,Plateau
AX_04,Boulevard VGE (Giscard d Estaing),Plateau/Port-Bouet,Plateau,5.284092,-3.960922,21.4,100,0.214,Bloque,9720,944,2026-05-24,12,dimanche,2026-05-24T12:41:28Z,principal,NA,Plateau
AX_05,5eme Pont acces Saint-Jean,Cocody/Plateau,Plateau,5.335149,-3.996117,22.1,80,0.276,Bloque,7035,685,2026-05-24,12,dimanche,2026-05-24T12:41:29Z,principal,NA,Cocody
AX_06,Marche Bellville (Bvd Marseille),Treichville,Plateau,5.30587,-3.998069,18.7,50,0.374,Congestionne,6069,653,2026-05-24,12,dimanche,2026-05-24T12:41:30Z,principal,NA,Treichville
AX_07,Rond-point Treichville,Treichville,Plateau,5.307293,-4.011812,9.1,40,0.227,Bloque,2586,570,2026-05-24,12,dimanche,2026-05-24T12:41:32Z,principal,NA,Treichville
AX_08,Gare Lagunaire Bvd Lagunaire,Plateau/Treichville,Plateau,5.312868,-4.010077,17.5,60,0.292,Bloque,3992,475,2026-05-24,12,dimanche,2026-05-24T12:41:33Z,principal,NA,Plateau
AX_09,Carrefour de l Indenie (Adjame),Adjame,Plateau,5.341379,-4.020257,22,50,0.44,Congestionne,4314,408,2026-05-24,12,dimanche,2026-05-24T12:41:34Z,principal,NA,Adjamé
AX_10,Adjame Mosquee (Bvd Nangui Abrogoua),Adjame,Plateau,5.354097,-4.026506,26.1,55,0.475,Congestionne,5369,429,2026-05-24,12,dimanche,2026-05-24T12:41:35Z,principal,NA,Adjamé
AX_11,Echangeur de la Ferraille (Adjame),Adjame,Plateau,5.308686,-3.964053,15.3,50,0.306,Congestionne,9501,1294,2026-05-24,12,dimanche,2026-05-24T12:41:36Z,principal,NA,Adjamé
AX_12,Feux Autoroute Nord entree Adjame,Adjame,Plateau,5.299899,-3.998254,15.6,100,0.156,Bloque,4252,566,2026-05-24,12,dimanche,2026-05-24T12:41:38Z,principal,NA,Adjamé
AX_13,Carrefour Universite (Cocody),Cocody,Cocody,5.334383,-3.938384,17.2,60,0.287,Bloque,8812,1103,2026-05-24,12,dimanche,2026-05-24T12:41:39Z,principal,NA,Cocody
AX_14,2 Plateaux Vallon (Bvd Mitterrand),Cocody,Cocody,5.362127,-3.98962,10.8,60,0.18,Bloque,1354,271,2026-05-24,12,dimanche,2026-05-24T12:41:40Z,principal,NA,Cocody
AX_15,Abobo Gare Mairie (Route Abobo),Abobo,Plateau,5.420996,-4.01901,31.9,90,0.354,Congestionne,13296,917,2026-05-24,12,dimanche,2026-05-24T12:41:41Z,principal,NA,Abobo
AX_16,Gare Yopougon Autoroute Yopougon,Yopougon,Plateau,5.369048,-3.999911,21.4,100,0.214,Bloque,8791,887,2026-05-24,12,dimanche,2026-05-24T12:41:42Z,principal,NA,Yopougon
AX_17,Clinique Fraternite (Bvd Fraternite),Yopougon,Plateau,5.349303,-4.021832,22.6,50,0.452,Congestionne,4855,463,2026-05-24,12,dimanche,2026-05-24T12:41:44Z,principal,NA,Yopougon
AX_18,Carrefour Jatak (Route de Dabou),Yopougon,Plateau,5.321877,-4.1035450000000004,24.8,90,0.276,Bloque,18601,1612,2026-05-24,12,dimanche,2026-05-24T12:41:45Z,principal,NA,Yopougon
AX_19,Lycee Bingerville (Route Bingerville),Bingerville,Cocody,5.357895,-3.890668,22.9,70,0.327,Congestionne,13218,1343,2026-05-24,12,dimanche,2026-05-24T12:41:46Z,principal,NA,Bingerville
AX_20,Rond-point Marcory (Bvd de la Paix),Marcory,Plateau,5.303988,-4.003239,17.1,50,0.342,Congestionne,4123,514,2026-05-24,12,dimanche,2026-05-24T12:41:47Z,principal,NA,Marcory
AX_01,Pont HKB (Henri Konan Bedie),Cocody/Marcory,Plateau,5.329775,-3.981814,23.5,80,0.294,Bloque,10854,1140,2026-05-24,13,dimanche,2026-05-24T13:12:44Z,principal,NA,Cocody
AX_02,Pont De Gaulle,Plateau/Treichville,Plateau,5.317516,-4.016406,16.6,60,0.277,Bloque,1224,176,2026-05-24,13,dimanche,2026-05-24T13:12:45Z,principal,NA,Plateau
AX_03,Pont Felix Houphouet-Boigny,Plateau/Treichville,Plateau,5.328028,-4.017425,21.4,60,0.357,Congestionne,2414,269,2026-05-24,13,dimanche,2026-05-24T13:12:46Z,principal,NA,Plateau
AX_04,Boulevard VGE (Giscard d Estaing),Plateau/Port-Bouet,Plateau,5.284092,-3.960922,24.6,100,0.246,Bloque,9720,944,2026-05-24,13,dimanche,2026-05-24T13:12:48Z,principal,NA,Plateau
AX_05,5eme Pont acces Saint-Jean,Cocody/Plateau,Plateau,5.335149,-3.996117,25.4,80,0.318,Congestionne,7035,685,2026-05-24,13,dimanche,2026-05-24T13:12:49Z,principal,NA,Cocody
AX_06,Marche Bellville (Bvd Marseille),Treichville,Plateau,5.30587,-3.998069,21.4,50,0.428,Congestionne,6069,653,2026-05-24,13,dimanche,2026-05-24T13:12:50Z,principal,NA,Treichville
AX_07,Rond-point Treichville,Treichville,Plateau,5.307293,-4.011812,10.4,40,0.26,Bloque,2586,570,2026-05-24,13,dimanche,2026-05-24T13:12:51Z,principal,NA,Treichville
AX_08,Gare Lagunaire Bvd Lagunaire,Plateau/Treichville,Plateau,5.312868,-4.010077,20.1,60,0.335,Congestionne,3992,475,2026-05-24,13,dimanche,2026-05-24T13:12:52Z,principal,NA,Plateau
AX_09,Carrefour de l Indenie (Adjame),Adjame,Plateau,5.341379,-4.020257,25.3,50,0.506,Modere,4314,408,2026-05-24,13,dimanche,2026-05-24T13:12:54Z,principal,NA,Adjamé
AX_10,Adjame Mosquee (Bvd Nangui Abrogoua),Adjame,Plateau,5.354097,-4.026506,29.9,55,0.544,Modere,5369,429,2026-05-24,13,dimanche,2026-05-24T13:12:55Z,principal,NA,Adjamé
AX_11,Echangeur de la Ferraille (Adjame),Adjame,Plateau,5.308686,-3.964053,17.5,50,0.35,Congestionne,9501,1294,2026-05-24,13,dimanche,2026-05-24T13:12:56Z,principal,NA,Adjamé
AX_12,Feux Autoroute Nord entree Adjame,Adjame,Plateau,5.299899,-3.998254,17.9,100,0.179,Bloque,4252,566,2026-05-24,13,dimanche,2026-05-24T13:12:57Z,principal,NA,Adjamé
AX_13,Carrefour Universite (Cocody),Cocody,Cocody,5.334383,-3.938384,19.8,60,0.33,Congestionne,8812,1103,2026-05-24,13,dimanche,2026-05-24T13:12:58Z,principal,NA,Cocody
AX_14,2 Plateaux Vallon (Bvd Mitterrand),Cocody,Cocody,5.362127,-3.98962,12.4,60,0.207,Bloque,1354,271,2026-05-24,13,dimanche,2026-05-24T13:13:00Z,principal,NA,Cocody
AX_15,Abobo Gare Mairie (Route Abobo),Abobo,Plateau,5.420996,-4.01901,36.6,90,0.407,Congestionne,13296,917,2026-05-24,13,dimanche,2026-05-24T13:13:01Z,principal,NA,Abobo
AX_16,Gare Yopougon Autoroute Yopougon,Yopougon,Plateau,5.369048,-3.999911,24.5,100,0.245,Bloque,8791,887,2026-05-24,13,dimanche,2026-05-24T13:13:02Z,principal,NA,Yopougon
AX_17,Clinique Fraternite (Bvd Fraternite),Yopougon,Plateau,5.349303,-4.021832,25.9,50,0.518,Modere,4855,463,2026-05-24,13,dimanche,2026-05-24T13:13:03Z,principal,NA,Yopougon
AX_18,Carrefour Jatak (Route de Dabou),Yopougon,Plateau,5.321877,-4.1035450000000004,28.5,90,0.317,Congestionne,18601,1612,2026-05-24,13,dimanche,2026-05-24T13:13:05Z,principal,NA,Yopougon
AX_19,Lycee Bingerville (Route Bingerville),Bingerville,Cocody,5.357895,-3.890668,26.2,70,0.374,Congestionne,13218,1343,2026-05-24,13,dimanche,2026-05-24T13:13:06Z,principal,NA,Bingerville
AX_20,Rond-point Marcory (Bvd de la Paix),Marcory,Plateau,5.303988,-4.003239,19.6,50,0.392,Congestionne,4123,514,2026-05-24,13,dimanche,2026-05-24T13:13:07Z,principal,NA,Marcory
AX_01,Pont HKB (Henri Konan Bedie),Cocody/Marcory,Plateau,5.329775,-3.981814,24.8,80,0.31,Congestionne,10854,1140,2026-05-24,14,dimanche,2026-05-24T14:15:24Z,principal,NA,Cocody
AX_02,Pont De Gaulle,Plateau/Treichville,Plateau,5.317516,-4.016406,17.4,60,0.29,Bloque,1224,176,2026-05-24,14,dimanche,2026-05-24T14:15:26Z,principal,NA,Plateau
AX_03,Pont Felix Houphouet-Boigny,Plateau/Treichville,Plateau,5.328028,-4.017425,22.5,60,0.375,Congestionne,2414,269,2026-05-24,14,dimanche,2026-05-24T14:15:27Z,principal,NA,Plateau
AX_04,Boulevard VGE (Giscard d Estaing),Plateau/Port-Bouet,Plateau,5.284092,-3.960922,25.9,100,0.259,Bloque,9720,944,2026-05-24,14,dimanche,2026-05-24T14:15:28Z,principal,NA,Plateau
AX_05,5eme Pont acces Saint-Jean,Cocody/Plateau,Plateau,5.335149,-3.996117,26.7,80,0.334,Congestionne,7035,685,2026-05-24,14,dimanche,2026-05-24T14:15:29Z,principal,NA,Cocody
AX_06,Marche Bellville (Bvd Marseille),Treichville,Plateau,5.30587,-3.998069,22.5,50,0.45,Congestionne,6069,653,2026-05-24,14,dimanche,2026-05-24T14:15:31Z,principal,NA,Treichville
AX_07,Rond-point Treichville,Treichville,Plateau,5.307293,-4.011812,11,40,0.275,Bloque,2586,570,2026-05-24,14,dimanche,2026-05-24T14:15:32Z,principal,NA,Treichville
AX_08,Gare Lagunaire Bvd Lagunaire,Plateau/Treichville,Plateau,5.312868,-4.010077,21.1,60,0.352,Congestionne,3992,475,2026-05-24,14,dimanche,2026-05-24T14:15:33Z,principal,NA,Plateau
AX_09,Carrefour de l Indenie (Adjame),Adjame,Plateau,5.341379,-4.020257,26.6,50,0.532,Modere,4314,408,2026-05-24,14,dimanche,2026-05-24T14:15:34Z,principal,NA,Adjamé
AX_10,Adjame Mosquee (Bvd Nangui Abrogoua),Adjame,Plateau,5.354097,-4.026506,31.4,55,0.571,Modere,5369,429,2026-05-24,14,dimanche,2026-05-24T14:15:35Z,principal,NA,Adjamé
AX_11,Echangeur de la Ferraille (Adjame),Adjame,Plateau,5.308686,-3.964053,18.4,50,0.368,Congestionne,9501,1294,2026-05-24,14,dimanche,2026-05-24T14:15:37Z,principal,NA,Adjamé
AX_12,Feux Autoroute Nord entree Adjame,Adjame,Plateau,5.299899,-3.998254,18.8,100,0.188,Bloque,4252,566,2026-05-24,14,dimanche,2026-05-24T14:15:38Z,principal,NA,Adjamé
AX_13,Carrefour Universite (Cocody),Cocody,Cocody,5.334383,-3.938384,20.8,60,0.347,Congestionne,8812,1103,2026-05-24,14,dimanche,2026-05-24T14:15:39Z,principal,NA,Cocody
AX_14,2 Plateaux Vallon (Bvd Mitterrand),Cocody,Cocody,5.362127,-3.98962,13,60,0.217,Bloque,1354,271,2026-05-24,14,dimanche,2026-05-24T14:15:40Z,principal,NA,Cocody
AX_15,Abobo Gare Mairie (Route Abobo),Abobo,Plateau,5.420996,-4.01901,38.5,90,0.428,Congestionne,13296,917,2026-05-24,14,dimanche,2026-05-24T14:15:42Z,principal,NA,Abobo
AX_16,Gare Yopougon Autoroute Yopougon,Yopougon,Plateau,5.369048,-3.999911,25.8,100,0.258,Bloque,8791,887,2026-05-24,14,dimanche,2026-05-24T14:15:43Z,principal,NA,Yopougon
AX_17,Clinique Fraternite (Bvd Fraternite),Yopougon,Plateau,5.349303,-4.021832,27.2,50,0.544,Modere,4855,463,2026-05-24,14,dimanche,2026-05-24T14:15:44Z,principal,NA,Yopougon
AX_18,Carrefour Jatak (Route de Dabou),Yopougon,Plateau,5.321877,-4.1035450000000004,29.9,90,0.332,Congestionne,18601,1612,2026-05-24,14,dimanche,2026-05-24T14:15:45Z,principal,NA,Yopougon
AX_19,Lycee Bingerville (Route Bingerville),Bingerville,Cocody,5.357895,-3.890668,27.6,70,0.394,Congestionne,13218,1343,2026-05-24,14,dimanche,2026-05-24T14:15:47Z,principal,NA,Bingerville
AX_20,Rond-point Marcory (Bvd de la Paix),Marcory,Plateau,5.303988,-4.003239,20.6,50,0.412,Congestionne,4123,514,2026-05-24,14,dimanche,2026-05-24T14:15:48Z,principal,NA,Marcory
AX_01,Pont HKB (Henri Konan Bedie),Cocody/Marcory,Plateau,5.329775,-3.981814,21.7,80,0.271,Bloque,10854,1140,2026-05-24,15,dimanche,2026-05-24T15:18:04Z,principal,NA,Cocody
AX_02,Pont De Gaulle,Plateau/Treichville,Plateau,5.317516,-4.016406,15.3,60,0.255,Bloque,1224,176,2026-05-24,15,dimanche,2026-05-24T15:18:05Z,principal,NA,Plateau
AX_03,Pont Felix Houphouet-Boigny,Plateau/Treichville,Plateau,5.328028,-4.017425,19.8,60,0.33,Congestionne,2414,269,2026-05-24,15,dimanche,2026-05-24T15:18:06Z,principal,NA,Plateau
AX_04,Boulevard VGE (Giscard d Estaing),Plateau/Port-Bouet,Plateau,5.284092,-3.960922,22.7,100,0.227,Bloque,9720,944,2026-05-24,15,dimanche,2026-05-24T15:18:07Z,principal,NA,Plateau
AX_05,5eme Pont acces Saint-Jean,Cocody/Plateau,Plateau,5.335149,-3.996117,23.4,80,0.292,Bloque,7035,685,2026-05-24,15,dimanche,2026-05-24T15:18:09Z,principal,NA,Cocody
AX_06,Marche Bellville (Bvd Marseille),Treichville,Plateau,5.30587,-3.998069,19.8,50,0.396,Congestionne,6069,653,2026-05-24,15,dimanche,2026-05-24T15:18:10Z,principal,NA,Treichville
AX_07,Rond-point Treichville,Treichville,Plateau,5.307293,-4.011812,9.6,40,0.24,Bloque,2586,570,2026-05-24,15,dimanche,2026-05-24T15:18:11Z,principal,NA,Treichville
AX_08,Gare Lagunaire Bvd Lagunaire,Plateau/Treichville,Plateau,5.312868,-4.010077,18.5,60,0.308,Congestionne,3992,475,2026-05-24,15,dimanche,2026-05-24T15:18:12Z,principal,NA,Plateau
AX_09,Carrefour de l Indenie (Adjame),Adjame,Plateau,5.341379,-4.020257,23.3,50,0.466,Congestionne,4314,408,2026-05-24,15,dimanche,2026-05-24T15:18:13Z,principal,NA,Adjamé
AX_10,Adjame Mosquee (Bvd Nangui Abrogoua),Adjame,Plateau,5.354097,-4.026506,27.6,55,0.502,Modere,5369,429,2026-05-24,15,dimanche,2026-05-24T15:18:15Z,principal,NA,Adjamé
AX_11,Echangeur de la Ferraille (Adjame),Adjame,Plateau,5.308686,-3.964053,16.2,50,0.324,Congestionne,9501,1294,2026-05-24,15,dimanche,2026-05-24T15:18:16Z,principal,NA,Adjamé
AX_12,Feux Autoroute Nord entree Adjame,Adjame,Plateau,5.299899,-3.998254,16.5,100,0.165,Bloque,4252,566,2026-05-24,15,dimanche,2026-05-24T15:18:17Z,principal,NA,Adjamé
AX_13,Carrefour Universite (Cocody),Cocody,Cocody,5.334383,-3.938384,18.2,60,0.303,Congestionne,8812,1103,2026-05-24,15,dimanche,2026-05-24T15:18:18Z,principal,NA,Cocody
AX_14,2 Plateaux Vallon (Bvd Mitterrand),Cocody,Cocody,5.362127,-3.98962,11.4,60,0.19,Bloque,1354,271,2026-05-24,15,dimanche,2026-05-24T15:18:19Z,principal,NA,Cocody
AX_15,Abobo Gare Mairie (Route Abobo),Abobo,Plateau,5.420996,-4.01901,33.8,90,0.376,Congestionne,13296,917,2026-05-24,15,dimanche,2026-05-24T15:18:21Z,principal,NA,Abobo
AX_16,Gare Yopougon Autoroute Yopougon,Yopougon,Plateau,5.369048,-3.999911,22.6,100,0.226,Bloque,8791,887,2026-05-24,15,dimanche,2026-05-24T15:18:22Z,principal,NA,Yopougon
AX_17,Clinique Fraternite (Bvd Fraternite),Yopougon,Plateau,5.349303,-4.021832,23.9,50,0.478,Congestionne,4855,463,2026-05-24,15,dimanche,2026-05-24T15:18:23Z,principal,NA,Yopougon
AX_18,Carrefour Jatak (Route de Dabou),Yopougon,Plateau,5.321877,-4.1035450000000004,26.3,90,0.292,Bloque,18601,1612,2026-05-24,15,dimanche,2026-05-24T15:18:24Z,principal,NA,Yopougon
AX_19,Lycee Bingerville (Route Bingerville),Bingerville,Cocody,5.357895,-3.890668,24.2,70,0.346,Congestionne,13218,1343,2026-05-24,15,dimanche,2026-05-24T15:18:26Z,principal,NA,Bingerville
AX_20,Rond-point Marcory (Bvd de la Paix),Marcory,Plateau,5.303988,-4.003239,18.1,50,0.362,Congestionne,4123,514,2026-05-24,15,dimanche,2026-05-24T15:18:27Z,principal,NA,Marcory
AX_01,Pont HKB (Henri Konan Bedie),Cocody/Marcory,Plateau,5.329775,-3.981814,15.7,80,0.196,Bloque,10854,1140,2026-05-24,16,dimanche,2026-05-24T16:20:42Z,principal,NA,Cocody
AX_02,Pont De Gaulle,Plateau/Treichville,Plateau,5.317516,-4.016406,11,60,0.183,Bloque,1224,176,2026-05-24,16,dimanche,2026-05-24T16:20:44Z,principal,NA,Plateau
AX_03,Pont Felix Houphouet-Boigny,Plateau/Treichville,Plateau,5.328028,-4.017425,14.3,60,0.238,Bloque,2414,269,2026-05-24,16,dimanche,2026-05-24T16:20:45Z,principal,NA,Plateau
AX_04,Boulevard VGE (Giscard d Estaing),Plateau/Port-Bouet,Plateau,5.284092,-3.960922,16.4,100,0.164,Bloque,9720,944,2026-05-24,16,dimanche,2026-05-24T16:20:46Z,principal,NA,Plateau
AX_05,5eme Pont acces Saint-Jean,Cocody/Plateau,Plateau,5.335149,-3.996117,16.9,80,0.211,Bloque,7035,685,2026-05-24,16,dimanche,2026-05-24T16:20:47Z,principal,NA,Cocody
AX_06,Marche Bellville (Bvd Marseille),Treichville,Plateau,5.30587,-3.998069,14.3,50,0.286,Bloque,6069,653,2026-05-24,16,dimanche,2026-05-24T16:20:48Z,principal,NA,Treichville
AX_07,Rond-point Treichville,Treichville,Plateau,5.307293,-4.011812,7,40,0.175,Bloque,2586,570,2026-05-24,16,dimanche,2026-05-24T16:20:50Z,principal,NA,Treichville
AX_08,Gare Lagunaire Bvd Lagunaire,Plateau/Treichville,Plateau,5.312868,-4.010077,13.4,60,0.223,Bloque,3992,475,2026-05-24,16,dimanche,2026-05-24T16:20:51Z,principal,NA,Plateau
AX_09,Carrefour de l Indenie (Adjame),Adjame,Plateau,5.341379,-4.020257,16.8,50,0.336,Congestionne,4314,408,2026-05-24,16,dimanche,2026-05-24T16:20:52Z,principal,NA,Adjamé
AX_10,Adjame Mosquee (Bvd Nangui Abrogoua),Adjame,Plateau,5.354097,-4.026506,19.9,55,0.362,Congestionne,5369,429,2026-05-24,16,dimanche,2026-05-24T16:20:53Z,principal,NA,Adjamé
AX_11,Echangeur de la Ferraille (Adjame),Adjame,Plateau,5.308686,-3.964053,11.7,50,0.234,Bloque,9501,1294,2026-05-24,16,dimanche,2026-05-24T16:20:55Z,principal,NA,Adjamé
AX_12,Feux Autoroute Nord entree Adjame,Adjame,Plateau,5.299899,-3.998254,11.9,100,0.119,Bloque,4252,566,2026-05-24,16,dimanche,2026-05-24T16:20:56Z,principal,NA,Adjamé
AX_13,Carrefour Universite (Cocody),Cocody,Cocody,5.334383,-3.938384,13.2,60,0.22,Bloque,8812,1103,2026-05-24,16,dimanche,2026-05-24T16:20:57Z,principal,NA,Cocody
AX_14,2 Plateaux Vallon (Bvd Mitterrand),Cocody,Cocody,5.362127,-3.98962,8.2,60,0.137,Bloque,1354,271,2026-05-24,16,dimanche,2026-05-24T16:20:58Z,principal,NA,Cocody
AX_15,Abobo Gare Mairie (Route Abobo),Abobo,Plateau,5.420996,-4.01901,24.4,90,0.271,Bloque,13296,917,2026-05-24,16,dimanche,2026-05-24T16:20:59Z,principal,NA,Abobo
AX_16,Gare Yopougon Autoroute Yopougon,Yopougon,Plateau,5.369048,-3.999911,16.3,100,0.163,Bloque,8791,887,2026-05-24,16,dimanche,2026-05-24T16:21:01Z,principal,NA,Yopougon
AX_17,Clinique Fraternite (Bvd Fraternite),Yopougon,Plateau,5.349303,-4.021832,17.3,50,0.346,Congestionne,4855,463,2026-05-24,16,dimanche,2026-05-24T16:21:02Z,principal,NA,Yopougon
AX_18,Carrefour Jatak (Route de Dabou),Yopougon,Plateau,5.321877,-4.1035450000000004,19,90,0.211,Bloque,18601,1612,2026-05-24,16,dimanche,2026-05-24T16:21:03Z,principal,NA,Yopougon
AX_19,Lycee Bingerville (Route Bingerville),Bingerville,Cocody,5.357895,-3.890668,17.5,70,0.25,Bloque,13218,1343,2026-05-24,16,dimanche,2026-05-24T16:21:04Z,principal,NA,Bingerville
AX_20,Rond-point Marcory (Bvd de la Paix),Marcory,Plateau,5.303988,-4.003239,13.1,50,0.262,Bloque,4123,514,2026-05-24,16,dimanche,2026-05-24T16:21:05Z,principal,NA,Marcory
AX_21,Grand Carrefour Koumassi (VGE),Koumassi,Plateau,5.288328,-3.970538,30.2,80,0.378,Congestionne,8097,713,2026-05-16,14,samedi,2026-05-16T14:01:42Z,complement,NA,Koumassi
AX_22,Boulevard du Caire Koumassi,Koumassi,Plateau,5.29283,-3.961058,25.4,50,0.508,Modere,9501,993,2026-05-16,14,samedi,2026-05-16T14:01:44Z,complement,NA,Koumassi
AX_23,Boulevard FHB Port-Bouet,Port-Bouet,Plateau,5.289733,-3.981778,27,80,0.338,Congestionne,7311,728,2026-05-16,14,samedi,2026-05-16T14:01:45Z,complement,NA,Port-Bouët
AX_24,Aeroport FHB Port-Bouet,Port-Bouet,Plateau,5.259251,-3.940046,29.1,60,0.485,Congestionne,13731,1267,2026-05-16,14,samedi,2026-05-16T14:01:46Z,complement,NA,Port-Bouët
AX_25,4eme Pont cote Attecoube,Attecoube,Plateau,5.329149,-4.051204,31.1,70,0.444,Congestionne,15940,1393,2026-05-16,14,samedi,2026-05-16T14:01:47Z,complement,NA,Attécoubé
AX_26,Marche Attecoube,Attecoube,Plateau,5.348717,-4.034145,29.3,40,0.733,Modere,5882,545,2026-05-16,14,samedi,2026-05-16T14:01:49Z,complement,NA,Attécoubé
AX_27,Mairie Anyama,Anyama,Plateau,5.507137,-4.053472,37.2,90,0.413,Congestionne,25327,1867,2026-05-16,14,samedi,2026-05-16T14:01:50Z,complement,NA,Anyama
AX_28,Marche Anyama,Anyama,Plateau,5.496204,-4.050669,37.4,50,0.748,Modere,24221,1780,2026-05-16,14,samedi,2026-05-16T14:01:51Z,complement,NA,Anyama
AX_29,Carrefour Jacqueville Songon,Songon,Plateau,5.321191,-4.231602,49,90,0.544,Modere,31737,1836,2026-05-16,14,samedi,2026-05-16T14:01:52Z,complement,NA,Songon
AX_30,Marche Bagnon Songon,Songon,Plateau,5.340265,-4.109843,42.7,50,0.854,Fluide,16411,1088,2026-05-16,14,samedi,2026-05-16T14:01:54Z,complement,NA,Songon
AX_21,Grand Carrefour Koumassi (VGE),Koumassi,Plateau,5.288328,-3.970538,26.5,80,0.331,Congestionne,8097,713,2026-05-16,15,samedi,2026-05-16T15:26:42Z,complement,NA,Koumassi
AX_22,Boulevard du Caire Koumassi,Koumassi,Plateau,5.29283,-3.961058,22.3,50,0.446,Congestionne,9501,993,2026-05-16,15,samedi,2026-05-16T15:26:43Z,complement,NA,Koumassi
AX_23,Boulevard FHB Port-Bouet,Port-Bouet,Plateau,5.289733,-3.981778,23.7,80,0.296,Bloque,7311,728,2026-05-16,15,samedi,2026-05-16T15:26:44Z,complement,NA,Port-Bouët
AX_24,Aeroport FHB Port-Bouet,Port-Bouet,Plateau,5.259251,-3.940046,25.6,60,0.427,Congestionne,13731,1267,2026-05-16,15,samedi,2026-05-16T15:26:45Z,complement,NA,Port-Bouët
AX_25,4eme Pont cote Attecoube,Attecoube,Plateau,5.329149,-4.051204,27.3,70,0.39,Congestionne,15940,1393,2026-05-16,15,samedi,2026-05-16T15:26:47Z,complement,NA,Attécoubé
AX_26,Marche Attecoube,Attecoube,Plateau,5.348717,-4.034145,25.8,40,0.645,Modere,5882,545,2026-05-16,15,samedi,2026-05-16T15:26:48Z,complement,NA,Attécoubé
AX_27,Mairie Anyama,Anyama,Plateau,5.507137,-4.053472,32.7,90,0.363,Congestionne,25327,1867,2026-05-16,15,samedi,2026-05-16T15:26:49Z,complement,NA,Anyama
AX_28,Marche Anyama,Anyama,Plateau,5.496204,-4.050669,32.8,50,0.656,Modere,24221,1780,2026-05-16,15,samedi,2026-05-16T15:26:50Z,complement,NA,Anyama
AX_29,Carrefour Jacqueville Songon,Songon,Plateau,5.321191,-4.231602,43,90,0.478,Congestionne,31737,1836,2026-05-16,15,samedi,2026-05-16T15:26:52Z,complement,NA,Songon
AX_30,Marche Bagnon Songon,Songon,Plateau,5.340265,-4.109843,37.5,50,0.75,Modere,16411,1088,2026-05-16,15,samedi,2026-05-16T15:26:53Z,complement,NA,Songon
AX_21,Grand Carrefour Koumassi (VGE),Koumassi,Plateau,5.288328,-3.970538,19.1,80,0.239,Bloque,8097,713,2026-05-16,16,samedi,2026-05-16T16:24:45Z,complement,NA,Koumassi
AX_22,Boulevard du Caire Koumassi,Koumassi,Plateau,5.29283,-3.961058,16.1,50,0.322,Congestionne,9501,993,2026-05-16,16,samedi,2026-05-16T16:24:46Z,complement,NA,Koumassi
AX_23,Boulevard FHB Port-Bouet,Port-Bouet,Plateau,5.289733,-3.981778,17.1,80,0.214,Bloque,7311,728,2026-05-16,16,samedi,2026-05-16T16:24:47Z,complement,NA,Port-Bouët
AX_24,Aeroport FHB Port-Bouet,Port-Bouet,Plateau,5.259251,-3.940046,18.5,60,0.308,Congestionne,13731,1267,2026-05-16,16,samedi,2026-05-16T16:24:48Z,complement,NA,Port-Bouët
AX_25,4eme Pont cote Attecoube,Attecoube,Plateau,5.329149,-4.051204,19.7,70,0.281,Bloque,15940,1393,2026-05-16,16,samedi,2026-05-16T16:24:50Z,complement,NA,Attécoubé
AX_26,Marche Attecoube,Attecoube,Plateau,5.348717,-4.034145,18.6,40,0.465,Congestionne,5882,545,2026-05-16,16,samedi,2026-05-16T16:24:51Z,complement,NA,Attécoubé
AX_27,Mairie Anyama,Anyama,Plateau,5.507137,-4.053472,23.6,90,0.262,Bloque,25327,1867,2026-05-16,16,samedi,2026-05-16T16:24:52Z,complement,NA,Anyama
AX_28,Marche Anyama,Anyama,Plateau,5.496204,-4.050669,23.7,50,0.474,Congestionne,24221,1780,2026-05-16,16,samedi,2026-05-16T16:24:53Z,complement,NA,Anyama
AX_29,Carrefour Jacqueville Songon,Songon,Plateau,5.321191,-4.231602,31.1,90,0.346,Congestionne,31737,1836,2026-05-16,16,samedi,2026-05-16T16:24:55Z,complement,NA,Songon
AX_30,Marche Bagnon Songon,Songon,Plateau,5.340265,-4.109843,27.1,50,0.542,Modere,16411,1088,2026-05-16,16,samedi,2026-05-16T16:24:56Z,complement,NA,Songon
AX_21,Grand Carrefour Koumassi (VGE),Koumassi,Plateau,5.288328,-3.970538,17.7,80,0.221,Bloque,8097,713,2026-05-16,18,samedi,2026-05-16T18:04:28Z,complement,NA,Koumassi
AX_22,Boulevard du Caire Koumassi,Koumassi,Plateau,5.29283,-3.961058,14.9,50,0.298,Bloque,9501,993,2026-05-16,18,samedi,2026-05-16T18:04:29Z,complement,NA,Koumassi
AX_23,Boulevard FHB Port-Bouet,Port-Bouet,Plateau,5.289733,-3.981778,15.8,80,0.198,Bloque,7311,728,2026-05-16,18,samedi,2026-05-16T18:04:30Z,complement,NA,Port-Bouët
AX_24,Aeroport FHB Port-Bouet,Port-Bouet,Plateau,5.259251,-3.940046,17,60,0.283,Bloque,13731,1267,2026-05-16,18,samedi,2026-05-16T18:04:31Z,complement,NA,Port-Bouët
AX_25,4eme Pont cote Attecoube,Attecoube,Plateau,5.329149,-4.051204,18.2,70,0.26,Bloque,15940,1393,2026-05-16,18,samedi,2026-05-16T18:04:33Z,complement,NA,Attécoubé
AX_26,Marche Attecoube,Attecoube,Plateau,5.348717,-4.034145,17.2,40,0.43,Congestionne,5882,545,2026-05-16,18,samedi,2026-05-16T18:04:34Z,complement,NA,Attécoubé
AX_27,Mairie Anyama,Anyama,Plateau,5.507137,-4.053472,21.8,90,0.242,Bloque,25327,1867,2026-05-16,18,samedi,2026-05-16T18:04:35Z,complement,NA,Anyama
AX_28,Marche Anyama,Anyama,Plateau,5.496204,-4.050669,21.9,50,0.438,Congestionne,24221,1780,2026-05-16,18,samedi,2026-05-16T18:04:36Z,complement,NA,Anyama
AX_29,Carrefour Jacqueville Songon,Songon,Plateau,5.321191,-4.231602,28.7,90,0.319,Congestionne,31737,1836,2026-05-16,18,samedi,2026-05-16T18:04:37Z,complement,NA,Songon
AX_30,Marche Bagnon Songon,Songon,Plateau,5.340265,-4.109843,25,50,0.5,Modere,16411,1088,2026-05-16,18,samedi,2026-05-16T18:04:39Z,complement,NA,Songon
AX_21,Grand Carrefour Koumassi (VGE),Koumassi,Plateau,5.288328,-3.970538,22.8,80,0.285,Bloque,8097,713,2026-05-16,19,samedi,2026-05-16T19:06:23Z,complement,NA,Koumassi
AX_22,Boulevard du Caire Koumassi,Koumassi,Plateau,5.29283,-3.961058,19.2,50,0.384,Congestionne,9501,993,2026-05-16,19,samedi,2026-05-16T19:06:24Z,complement,NA,Koumassi
AX_23,Boulevard FHB Port-Bouet,Port-Bouet,Plateau,5.289733,-3.981778,20.4,80,0.255,Bloque,7311,728,2026-05-16,19,samedi,2026-05-16T19:06:26Z,complement,NA,Port-Bouët
AX_24,Aeroport FHB Port-Bouet,Port-Bouet,Plateau,5.259251,-3.940046,22,60,0.367,Congestionne,13731,1267,2026-05-16,19,samedi,2026-05-16T19:06:27Z,complement,NA,Port-Bouët
AX_25,4eme Pont cote Attecoube,Attecoube,Plateau,5.329149,-4.051204,23.5,70,0.336,Congestionne,15940,1393,2026-05-16,19,samedi,2026-05-16T19:06:28Z,complement,NA,Attécoubé
AX_26,Marche Attecoube,Attecoube,Plateau,5.348717,-4.034145,22.2,40,0.555,Modere,5882,545,2026-05-16,19,samedi,2026-05-16T19:06:29Z,complement,NA,Attécoubé
AX_27,Mairie Anyama,Anyama,Plateau,5.507137,-4.053472,28.1,90,0.312,Congestionne,25327,1867,2026-05-16,19,samedi,2026-05-16T19:06:30Z,complement,NA,Anyama
AX_28,Marche Anyama,Anyama,Plateau,5.496204,-4.050669,28.3,50,0.566,Modere,24221,1780,2026-05-16,19,samedi,2026-05-16T19:06:32Z,complement,NA,Anyama
AX_29,Carrefour Jacqueville Songon,Songon,Plateau,5.321191,-4.231602,37,90,0.411,Congestionne,31737,1836,2026-05-16,19,samedi,2026-05-16T19:06:33Z,complement,NA,Songon
AX_30,Marche Bagnon Songon,Songon,Plateau,5.340265,-4.109843,32.3,50,0.646,Modere,16411,1088,2026-05-16,19,samedi,2026-05-16T19:06:34Z,complement,NA,Songon
AX_21,Grand Carrefour Koumassi (VGE),Koumassi,Plateau,5.288328,-3.970538,28.7,80,0.359,Congestionne,8097,713,2026-05-16,20,samedi,2026-05-16T20:22:24Z,complement,NA,Koumassi
AX_22,Boulevard du Caire Koumassi,Koumassi,Plateau,5.29283,-3.961058,24.1,50,0.482,Congestionne,9501,993,2026-05-16,20,samedi,2026-05-16T20:22:26Z,complement,NA,Koumassi
AX_23,Boulevard FHB Port-Bouet,Port-Bouet,Plateau,5.289733,-3.981778,25.7,80,0.321,Congestionne,7311,728,2026-05-16,20,samedi,2026-05-16T20:22:27Z,complement,NA,Port-Bouët
AX_24,Aeroport FHB Port-Bouet,Port-Bouet,Plateau,5.259251,-3.940046,27.7,60,0.462,Congestionne,13731,1267,2026-05-16,20,samedi,2026-05-16T20:22:28Z,complement,NA,Port-Bouët
AX_25,4eme Pont cote Attecoube,Attecoube,Plateau,5.329149,-4.051204,29.6,70,0.423,Congestionne,15940,1393,2026-05-16,20,samedi,2026-05-16T20:22:29Z,complement,NA,Attécoubé
AX_26,Marche Attecoube,Attecoube,Plateau,5.348717,-4.034145,27.9,40,0.698,Modere,5882,545,2026-05-16,20,samedi,2026-05-16T20:22:31Z,complement,NA,Attécoubé
AX_27,Mairie Anyama,Anyama,Plateau,5.507137,-4.053472,35.4,90,0.393,Congestionne,25327,1867,2026-05-16,20,samedi,2026-05-16T20:22:32Z,complement,NA,Anyama
AX_28,Marche Anyama,Anyama,Plateau,5.496204,-4.050669,35.5,50,0.71,Modere,24221,1780,2026-05-16,20,samedi,2026-05-16T20:22:33Z,complement,NA,Anyama
AX_29,Carrefour Jacqueville Songon,Songon,Plateau,5.321191,-4.231602,46.6,90,0.518,Modere,31737,1836,2026-05-16,20,samedi,2026-05-16T20:22:34Z,complement,NA,Songon
AX_30,Marche Bagnon Songon,Songon,Plateau,5.340265,-4.109843,40.7,50,0.814,Fluide,16411,1088,2026-05-16,20,samedi,2026-05-16T20:22:36Z,complement,NA,Songon
AX_21,Grand Carrefour Koumassi (VGE),Koumassi,Plateau,5.288328,-3.970538,34.6,80,0.432,Congestionne,8097,713,2026-05-16,22,samedi,2026-05-16T22:59:45Z,complement,NA,Koumassi
AX_22,Boulevard du Caire Koumassi,Koumassi,Plateau,5.29283,-3.961058,29.1,50,0.582,Modere,9501,993,2026-05-16,22,samedi,2026-05-16T22:59:46Z,complement,NA,Koumassi
AX_23,Boulevard FHB Port-Bouet,Port-Bouet,Plateau,5.289733,-3.981778,31,80,0.388,Congestionne,7311,728,2026-05-16,22,samedi,2026-05-16T22:59:48Z,complement,NA,Port-Bouët
AX_24,Aeroport FHB Port-Bouet,Port-Bouet,Plateau,5.259251,-3.940046,33.4,60,0.557,Modere,13731,1267,2026-05-16,22,samedi,2026-05-16T22:59:49Z,complement,NA,Port-Bouët
AX_25,4eme Pont cote Attecoube,Attecoube,Plateau,5.329149,-4.051204,35.6,70,0.509,Modere,15940,1393,2026-05-16,22,samedi,2026-05-16T22:59:51Z,complement,NA,Attécoubé
AX_26,Marche Attecoube,Attecoube,Plateau,5.348717,-4.034145,33.6,40,0.84,Fluide,5882,545,2026-05-16,22,samedi,2026-05-16T22:59:52Z,complement,NA,Attécoubé
AX_27,Mairie Anyama,Anyama,Plateau,5.507137,-4.053472,42.7,90,0.474,Congestionne,25327,1867,2026-05-16,22,samedi,2026-05-16T22:59:53Z,complement,NA,Anyama
AX_28,Marche Anyama,Anyama,Plateau,5.496204,-4.050669,42.8,50,0.856,Fluide,24221,1780,2026-05-16,22,samedi,2026-05-16T22:59:54Z,complement,NA,Anyama
AX_29,Carrefour Jacqueville Songon,Songon,Plateau,5.321191,-4.231602,56.1,90,0.623,Modere,31737,1836,2026-05-16,22,samedi,2026-05-16T22:59:55Z,complement,NA,Songon
AX_30,Marche Bagnon Songon,Songon,Plateau,5.340265,-4.109843,49,50,0.98,Fluide,16411,1088,2026-05-16,22,samedi,2026-05-16T22:59:57Z,complement,NA,Songon
AX_21,Grand Carrefour Koumassi (VGE),Koumassi,Plateau,5.288328,-3.970538,36.1,80,0.451,Congestionne,8097,713,2026-05-16,23,samedi,2026-05-16T23:30:28Z,complement,NA,Koumassi
AX_22,Boulevard du Caire Koumassi,Koumassi,Plateau,5.29283,-3.961058,30.3,50,0.606,Modere,9501,993,2026-05-16,23,samedi,2026-05-16T23:30:29Z,complement,NA,Koumassi
AX_23,Boulevard FHB Port-Bouet,Port-Bouet,Plateau,5.289733,-3.981778,32.3,80,0.404,Congestionne,7311,728,2026-05-16,23,samedi,2026-05-16T23:30:30Z,complement,NA,Port-Bouët
AX_24,Aeroport FHB Port-Bouet,Port-Bouet,Plateau,5.259251,-3.940046,34.8,60,0.58,Modere,13731,1267,2026-05-16,23,samedi,2026-05-16T23:30:32Z,complement,NA,Port-Bouët
AX_25,4eme Pont cote Attecoube,Attecoube,Plateau,5.329149,-4.051204,37.1,70,0.53,Modere,15940,1393,2026-05-16,23,samedi,2026-05-16T23:30:33Z,complement,NA,Attécoubé
AX_26,Marche Attecoube,Attecoube,Plateau,5.348717,-4.034145,35.1,40,0.878,Fluide,5882,545,2026-05-16,23,samedi,2026-05-16T23:30:34Z,complement,NA,Attécoubé
AX_27,Mairie Anyama,Anyama,Plateau,5.507137,-4.053472,44.5,90,0.494,Congestionne,25327,1867,2026-05-16,23,samedi,2026-05-16T23:30:35Z,complement,NA,Anyama
AX_28,Marche Anyama,Anyama,Plateau,5.496204,-4.050669,44.7,50,0.894,Fluide,24221,1780,2026-05-16,23,samedi,2026-05-16T23:30:37Z,complement,NA,Anyama
AX_29,Carrefour Jacqueville Songon,Songon,Plateau,5.321191,-4.231602,58.5,90,0.65,Modere,31737,1836,2026-05-16,23,samedi,2026-05-16T23:30:38Z,complement,NA,Songon
AX_30,Marche Bagnon Songon,Songon,Plateau,5.340265,-4.109843,51.1,50,1,Fluide,16411,1088,2026-05-16,23,samedi,2026-05-16T23:30:39Z,complement,NA,Songon
AX_21,Grand Carrefour Koumassi (VGE),Koumassi,Plateau,5.288328,-3.970538,36.8,80,0.46,Congestionne,8097,713,2026-05-17,1,dimanche,2026-05-17T01:26:15Z,complement,NA,Koumassi
AX_22,Boulevard du Caire Koumassi,Koumassi,Plateau,5.29283,-3.961058,31,50,0.62,Modere,9501,993,2026-05-17,1,dimanche,2026-05-17T01:26:16Z,complement,NA,Koumassi
AX_23,Boulevard FHB Port-Bouet,Port-Bouet,Plateau,5.289733,-3.981778,32.9,80,0.411,Congestionne,7311,728,2026-05-17,1,dimanche,2026-05-17T01:26:17Z,complement,NA,Port-Bouët
AX_24,Aeroport FHB Port-Bouet,Port-Bouet,Plateau,5.259251,-3.940046,35.5,60,0.592,Modere,13731,1267,2026-05-17,1,dimanche,2026-05-17T01:26:18Z,complement,NA,Port-Bouët
AX_25,4eme Pont cote Attecoube,Attecoube,Plateau,5.329149,-4.051204,37.9,70,0.541,Modere,15940,1393,2026-05-17,1,dimanche,2026-05-17T01:26:20Z,complement,NA,Attécoubé
AX_26,Marche Attecoube,Attecoube,Plateau,5.348717,-4.034145,35.8,40,0.895,Fluide,5882,545,2026-05-17,1,dimanche,2026-05-17T01:26:21Z,complement,NA,Attécoubé
AX_27,Mairie Anyama,Anyama,Plateau,5.507137,-4.053472,45.4,90,0.504,Modere,25327,1867,2026-05-17,1,dimanche,2026-05-17T01:26:22Z,complement,NA,Anyama
AX_28,Marche Anyama,Anyama,Plateau,5.496204,-4.050669,45.6,50,0.912,Fluide,24221,1780,2026-05-17,1,dimanche,2026-05-17T01:26:23Z,complement,NA,Anyama
AX_29,Carrefour Jacqueville Songon,Songon,Plateau,5.321191,-4.231602,59.7,90,0.663,Modere,31737,1836,2026-05-17,1,dimanche,2026-05-17T01:26:25Z,complement,NA,Songon
AX_30,Marche Bagnon Songon,Songon,Plateau,5.340265,-4.109843,52.1,50,1,Fluide,16411,1088,2026-05-17,1,dimanche,2026-05-17T01:26:26Z,complement,NA,Songon
AX_21,Grand Carrefour Koumassi (VGE),Koumassi,Plateau,5.288328,-3.970538,36.8,80,0.46,Congestionne,8097,713,2026-05-17,2,dimanche,2026-05-17T02:05:18Z,complement,NA,Koumassi
AX_22,Boulevard du Caire Koumassi,Koumassi,Plateau,5.29283,-3.961058,31,50,0.62,Modere,9501,993,2026-05-17,2,dimanche,2026-05-17T02:05:19Z,complement,NA,Koumassi
AX_23,Boulevard FHB Port-Bouet,Port-Bouet,Plateau,5.289733,-3.981778,32.9,80,0.411,Congestionne,7311,728,2026-05-17,2,dimanche,2026-05-17T02:05:20Z,complement,NA,Port-Bouët
AX_24,Aeroport FHB Port-Bouet,Port-Bouet,Plateau,5.259251,-3.940046,35.5,60,0.592,Modere,13731,1267,2026-05-17,2,dimanche,2026-05-17T02:05:21Z,complement,NA,Port-Bouët
AX_25,4eme Pont cote Attecoube,Attecoube,Plateau,5.329149,-4.051204,37.9,70,0.541,Modere,15940,1393,2026-05-17,2,dimanche,2026-05-17T02:05:23Z,complement,NA,Attécoubé
AX_26,Marche Attecoube,Attecoube,Plateau,5.348717,-4.034145,35.8,40,0.895,Fluide,5882,545,2026-05-17,2,dimanche,2026-05-17T02:05:24Z,complement,NA,Attécoubé
AX_27,Mairie Anyama,Anyama,Plateau,5.507137,-4.053472,45.4,90,0.504,Modere,25327,1867,2026-05-17,2,dimanche,2026-05-17T02:05:25Z,complement,NA,Anyama
AX_28,Marche Anyama,Anyama,Plateau,5.496204,-4.050669,45.6,50,0.912,Fluide,24221,1780,2026-05-17,2,dimanche,2026-05-17T02:05:26Z,complement,NA,Anyama
AX_29,Carrefour Jacqueville Songon,Songon,Plateau,5.321191,-4.231602,59.7,90,0.663,Modere,31737,1836,2026-05-17,2,dimanche,2026-05-17T02:05:28Z,complement,NA,Songon
AX_30,Marche Bagnon Songon,Songon,Plateau,5.340265,-4.109843,52.1,50,1,Fluide,16411,1088,2026-05-17,2,dimanche,2026-05-17T02:05:29Z,complement,NA,Songon
AX_21,Grand Carrefour Koumassi (VGE),Koumassi,Plateau,5.288328,-3.970538,17.7,80,0.221,Bloque,8097,713,2026-05-17,18,dimanche,2026-05-17T18:24:26Z,complement,NA,Koumassi
AX_22,Boulevard du Caire Koumassi,Koumassi,Plateau,5.29283,-3.961058,14.9,50,0.298,Bloque,9501,993,2026-05-17,18,dimanche,2026-05-17T18:24:27Z,complement,NA,Koumassi
AX_23,Boulevard FHB Port-Bouet,Port-Bouet,Plateau,5.289733,-3.981778,15.8,80,0.198,Bloque,7311,728,2026-05-17,18,dimanche,2026-05-17T18:24:29Z,complement,NA,Port-Bouët
AX_24,Aeroport FHB Port-Bouet,Port-Bouet,Plateau,5.259251,-3.940046,17,60,0.283,Bloque,13731,1267,2026-05-17,18,dimanche,2026-05-17T18:24:30Z,complement,NA,Port-Bouët
AX_25,4eme Pont cote Attecoube,Attecoube,Plateau,5.329149,-4.051204,18.2,70,0.26,Bloque,15940,1393,2026-05-17,18,dimanche,2026-05-17T18:24:31Z,complement,NA,Attécoubé
AX_26,Marche Attecoube,Attecoube,Plateau,5.348717,-4.034145,17.2,40,0.43,Congestionne,5882,545,2026-05-17,18,dimanche,2026-05-17T18:24:32Z,complement,NA,Attécoubé
AX_27,Mairie Anyama,Anyama,Plateau,5.507137,-4.053472,21.8,90,0.242,Bloque,25327,1867,2026-05-17,18,dimanche,2026-05-17T18:24:34Z,complement,NA,Anyama
AX_28,Marche Anyama,Anyama,Plateau,5.496204,-4.050669,21.9,50,0.438,Congestionne,24221,1780,2026-05-17,18,dimanche,2026-05-17T18:24:35Z,complement,NA,Anyama
AX_29,Carrefour Jacqueville Songon,Songon,Plateau,5.321191,-4.231602,28.7,90,0.319,Congestionne,31737,1836,2026-05-17,18,dimanche,2026-05-17T18:24:36Z,complement,NA,Songon
AX_30,Marche Bagnon Songon,Songon,Plateau,5.340265,-4.109843,25,50,0.5,Modere,16411,1088,2026-05-17,18,dimanche,2026-05-17T18:24:37Z,complement,NA,Songon
AX_21,Grand Carrefour Koumassi (VGE),Koumassi,Plateau,5.288328,-3.970538,22.8,80,0.285,Bloque,8097,713,2026-05-17,19,dimanche,2026-05-17T19:27:19Z,complement,NA,Koumassi
AX_22,Boulevard du Caire Koumassi,Koumassi,Plateau,5.29283,-3.961058,19.2,50,0.384,Congestionne,9501,993,2026-05-17,19,dimanche,2026-05-17T19:27:21Z,complement,NA,Koumassi
AX_23,Boulevard FHB Port-Bouet,Port-Bouet,Plateau,5.289733,-3.981778,20.4,80,0.255,Bloque,7311,728,2026-05-17,19,dimanche,2026-05-17T19:27:22Z,complement,NA,Port-Bouët
AX_24,Aeroport FHB Port-Bouet,Port-Bouet,Plateau,5.259251,-3.940046,22,60,0.367,Congestionne,13731,1267,2026-05-17,19,dimanche,2026-05-17T19:27:23Z,complement,NA,Port-Bouët
AX_25,4eme Pont cote Attecoube,Attecoube,Plateau,5.329149,-4.051204,23.5,70,0.336,Congestionne,15940,1393,2026-05-17,19,dimanche,2026-05-17T19:27:24Z,complement,NA,Attécoubé
AX_26,Marche Attecoube,Attecoube,Plateau,5.348717,-4.034145,22.2,40,0.555,Modere,5882,545,2026-05-17,19,dimanche,2026-05-17T19:27:25Z,complement,NA,Attécoubé
AX_27,Mairie Anyama,Anyama,Plateau,5.507137,-4.053472,28.1,90,0.312,Congestionne,25327,1867,2026-05-17,19,dimanche,2026-05-17T19:27:27Z,complement,NA,Anyama
AX_28,Marche Anyama,Anyama,Plateau,5.496204,-4.050669,28.3,50,0.566,Modere,24221,1780,2026-05-17,19,dimanche,2026-05-17T19:27:28Z,complement,NA,Anyama
AX_29,Carrefour Jacqueville Songon,Songon,Plateau,5.321191,-4.231602,37,90,0.411,Congestionne,31737,1836,2026-05-17,19,dimanche,2026-05-17T19:27:29Z,complement,NA,Songon
AX_30,Marche Bagnon Songon,Songon,Plateau,5.340265,-4.109843,32.3,50,0.646,Modere,16411,1088,2026-05-17,19,dimanche,2026-05-17T19:27:30Z,complement,NA,Songon
AX_21,Grand Carrefour Koumassi (VGE),Koumassi,Plateau,5.288328,-3.970538,28.7,80,0.359,Congestionne,8097,713,2026-05-17,20,dimanche,2026-05-17T20:30:09Z,complement,NA,Koumassi
AX_22,Boulevard du Caire Koumassi,Koumassi,Plateau,5.29283,-3.961058,24.1,50,0.482,Congestionne,9501,993,2026-05-17,20,dimanche,2026-05-17T20:30:10Z,complement,NA,Koumassi
AX_23,Boulevard FHB Port-Bouet,Port-Bouet,Plateau,5.289733,-3.981778,25.7,80,0.321,Congestionne,7311,728,2026-05-17,20,dimanche,2026-05-17T20:30:11Z,complement,NA,Port-Bouët
AX_24,Aeroport FHB Port-Bouet,Port-Bouet,Plateau,5.259251,-3.940046,27.7,60,0.462,Congestionne,13731,1267,2026-05-17,20,dimanche,2026-05-17T20:30:12Z,complement,NA,Port-Bouët
AX_25,4eme Pont cote Attecoube,Attecoube,Plateau,5.329149,-4.051204,29.6,70,0.423,Congestionne,15940,1393,2026-05-17,20,dimanche,2026-05-17T20:30:14Z,complement,NA,Attécoubé
AX_26,Marche Attecoube,Attecoube,Plateau,5.348717,-4.034145,27.9,40,0.698,Modere,5882,545,2026-05-17,20,dimanche,2026-05-17T20:30:15Z,complement,NA,Attécoubé
AX_27,Mairie Anyama,Anyama,Plateau,5.507137,-4.053472,35.4,90,0.393,Congestionne,25327,1867,2026-05-17,20,dimanche,2026-05-17T20:30:16Z,complement,NA,Anyama
AX_28,Marche Anyama,Anyama,Plateau,5.496204,-4.050669,35.5,50,0.71,Modere,24221,1780,2026-05-17,20,dimanche,2026-05-17T20:30:17Z,complement,NA,Anyama
AX_29,Carrefour Jacqueville Songon,Songon,Plateau,5.321191,-4.231602,46.6,90,0.518,Modere,31737,1836,2026-05-17,20,dimanche,2026-05-17T20:30:19Z,complement,NA,Songon
AX_30,Marche Bagnon Songon,Songon,Plateau,5.340265,-4.109843,40.7,50,0.814,Fluide,16411,1088,2026-05-17,20,dimanche,2026-05-17T20:30:20Z,complement,NA,Songon
AX_21,Grand Carrefour Koumassi (VGE),Koumassi,Plateau,5.288328,-3.970538,32.4,80,0.405,Congestionne,8097,713,2026-05-17,21,dimanche,2026-05-17T21:01:30Z,complement,NA,Koumassi
AX_22,Boulevard du Caire Koumassi,Koumassi,Plateau,5.29283,-3.961058,27.2,50,0.544,Modere,9501,993,2026-05-17,21,dimanche,2026-05-17T21:01:31Z,complement,NA,Koumassi
AX_23,Boulevard FHB Port-Bouet,Port-Bouet,Plateau,5.289733,-3.981778,29,80,0.362,Congestionne,7311,728,2026-05-17,21,dimanche,2026-05-17T21:01:32Z,complement,NA,Port-Bouët
AX_24,Aeroport FHB Port-Bouet,Port-Bouet,Plateau,5.259251,-3.940046,31.2,60,0.52,Modere,13731,1267,2026-05-17,21,dimanche,2026-05-17T21:01:33Z,complement,NA,Port-Bouët
AX_25,4eme Pont cote Attecoube,Attecoube,Plateau,5.329149,-4.051204,33.4,70,0.477,Congestionne,15940,1393,2026-05-17,21,dimanche,2026-05-17T21:01:35Z,complement,NA,Attécoubé
AX_26,Marche Attecoube,Attecoube,Plateau,5.348717,-4.034145,31.5,40,0.787,Modere,5882,545,2026-05-17,21,dimanche,2026-05-17T21:01:36Z,complement,NA,Attécoubé
AX_27,Mairie Anyama,Anyama,Plateau,5.507137,-4.053472,39.9,90,0.443,Congestionne,25327,1867,2026-05-17,21,dimanche,2026-05-17T21:01:37Z,complement,NA,Anyama
AX_28,Marche Anyama,Anyama,Plateau,5.496204,-4.050669,40.1,50,0.802,Fluide,24221,1780,2026-05-17,21,dimanche,2026-05-17T21:01:38Z,complement,NA,Anyama
AX_29,Carrefour Jacqueville Songon,Songon,Plateau,5.321191,-4.231602,52.5,90,0.583,Modere,31737,1836,2026-05-17,21,dimanche,2026-05-17T21:01:40Z,complement,NA,Songon
AX_30,Marche Bagnon Songon,Songon,Plateau,5.340265,-4.109843,45.9,50,0.918,Fluide,16411,1088,2026-05-17,21,dimanche,2026-05-17T21:01:41Z,complement,NA,Songon
AX_21,Grand Carrefour Koumassi (VGE),Koumassi,Plateau,5.288328,-3.970538,34.6,80,0.432,Congestionne,8097,713,2026-05-17,22,dimanche,2026-05-17T22:04:09Z,complement,NA,Koumassi
AX_22,Boulevard du Caire Koumassi,Koumassi,Plateau,5.29283,-3.961058,29.1,50,0.582,Modere,9501,993,2026-05-17,22,dimanche,2026-05-17T22:04:10Z,complement,NA,Koumassi
AX_23,Boulevard FHB Port-Bouet,Port-Bouet,Plateau,5.289733,-3.981778,31,80,0.388,Congestionne,7311,728,2026-05-17,22,dimanche,2026-05-17T22:04:11Z,complement,NA,Port-Bouët
AX_24,Aeroport FHB Port-Bouet,Port-Bouet,Plateau,5.259251,-3.940046,33.4,60,0.557,Modere,13731,1267,2026-05-17,22,dimanche,2026-05-17T22:04:12Z,complement,NA,Port-Bouët
AX_25,4eme Pont cote Attecoube,Attecoube,Plateau,5.329149,-4.051204,35.6,70,0.509,Modere,15940,1393,2026-05-17,22,dimanche,2026-05-17T22:04:13Z,complement,NA,Attécoubé
AX_26,Marche Attecoube,Attecoube,Plateau,5.348717,-4.034145,33.6,40,0.84,Fluide,5882,545,2026-05-17,22,dimanche,2026-05-17T22:04:15Z,complement,NA,Attécoubé
AX_27,Mairie Anyama,Anyama,Plateau,5.507137,-4.053472,42.7,90,0.474,Congestionne,25327,1867,2026-05-17,22,dimanche,2026-05-17T22:04:16Z,complement,NA,Anyama
AX_28,Marche Anyama,Anyama,Plateau,5.496204,-4.050669,42.8,50,0.856,Fluide,24221,1780,2026-05-17,22,dimanche,2026-05-17T22:04:17Z,complement,NA,Anyama
AX_29,Carrefour Jacqueville Songon,Songon,Plateau,5.321191,-4.231602,56.1,90,0.623,Modere,31737,1836,2026-05-17,22,dimanche,2026-05-17T22:04:18Z,complement,NA,Songon
AX_30,Marche Bagnon Songon,Songon,Plateau,5.340265,-4.109843,49,50,0.98,Fluide,16411,1088,2026-05-17,22,dimanche,2026-05-17T22:04:20Z,complement,NA,Songon
AX_21,Grand Carrefour Koumassi (VGE),Koumassi,Plateau,5.288328,-3.970538,36.1,80,0.451,Congestionne,8097,713,2026-05-17,23,dimanche,2026-05-17T23:06:54Z,complement,NA,Koumassi
AX_22,Boulevard du Caire Koumassi,Koumassi,Plateau,5.29283,-3.961058,30.3,50,0.606,Modere,9501,993,2026-05-17,23,dimanche,2026-05-17T23:06:55Z,complement,NA,Koumassi
AX_23,Boulevard FHB Port-Bouet,Port-Bouet,Plateau,5.289733,-3.981778,32.3,80,0.404,Congestionne,7311,728,2026-05-17,23,dimanche,2026-05-17T23:06:57Z,complement,NA,Port-Bouët
AX_24,Aeroport FHB Port-Bouet,Port-Bouet,Plateau,5.259251,-3.940046,34.8,60,0.58,Modere,13731,1267,2026-05-17,23,dimanche,2026-05-17T23:06:58Z,complement,NA,Port-Bouët
AX_25,4eme Pont cote Attecoube,Attecoube,Plateau,5.329149,-4.051204,37.1,70,0.53,Modere,15940,1393,2026-05-17,23,dimanche,2026-05-17T23:06:59Z,complement,NA,Attécoubé
AX_26,Marche Attecoube,Attecoube,Plateau,5.348717,-4.034145,35.1,40,0.878,Fluide,5882,545,2026-05-17,23,dimanche,2026-05-17T23:07:00Z,complement,NA,Attécoubé
AX_27,Mairie Anyama,Anyama,Plateau,5.507137,-4.053472,44.5,90,0.494,Congestionne,25327,1867,2026-05-17,23,dimanche,2026-05-17T23:07:02Z,complement,NA,Anyama
AX_28,Marche Anyama,Anyama,Plateau,5.496204,-4.050669,44.7,50,0.894,Fluide,24221,1780,2026-05-17,23,dimanche,2026-05-17T23:07:03Z,complement,NA,Anyama
AX_29,Carrefour Jacqueville Songon,Songon,Plateau,5.321191,-4.231602,58.5,90,0.65,Modere,31737,1836,2026-05-17,23,dimanche,2026-05-17T23:07:04Z,complement,NA,Songon
AX_30,Marche Bagnon Songon,Songon,Plateau,5.340265,-4.109843,51.1,50,1,Fluide,16411,1088,2026-05-17,23,dimanche,2026-05-17T23:07:05Z,complement,NA,Songon
AX_21,Grand Carrefour Koumassi (VGE),Koumassi,Plateau,5.288328,-3.970538,28.7,80,0.359,Congestionne,8097,713,2026-05-18,13,lundi,2026-05-18T13:37:18Z,complement,NA,Koumassi
AX_22,Boulevard du Caire Koumassi,Koumassi,Plateau,5.29283,-3.961058,24.1,50,0.482,Congestionne,9501,993,2026-05-18,13,lundi,2026-05-18T13:37:19Z,complement,NA,Koumassi
AX_23,Boulevard FHB Port-Bouet,Port-Bouet,Plateau,5.289733,-3.981778,25.7,80,0.321,Congestionne,7311,728,2026-05-18,13,lundi,2026-05-18T13:37:20Z,complement,NA,Port-Bouët
AX_24,Aeroport FHB Port-Bouet,Port-Bouet,Plateau,5.259251,-3.940046,27.7,60,0.462,Congestionne,13731,1267,2026-05-18,13,lundi,2026-05-18T13:37:21Z,complement,NA,Port-Bouët
AX_25,4eme Pont cote Attecoube,Attecoube,Plateau,5.329149,-4.051204,29.6,70,0.423,Congestionne,15940,1393,2026-05-18,13,lundi,2026-05-18T13:37:23Z,complement,NA,Attécoubé
AX_26,Marche Attecoube,Attecoube,Plateau,5.348717,-4.034145,27.9,40,0.698,Modere,5882,545,2026-05-18,13,lundi,2026-05-18T13:37:24Z,complement,NA,Attécoubé
AX_27,Mairie Anyama,Anyama,Plateau,5.507137,-4.053472,35.4,90,0.393,Congestionne,25327,1867,2026-05-18,13,lundi,2026-05-18T13:37:25Z,complement,NA,Anyama
AX_28,Marche Anyama,Anyama,Plateau,5.496204,-4.050669,35.5,50,0.71,Modere,24221,1780,2026-05-18,13,lundi,2026-05-18T13:37:26Z,complement,NA,Anyama
AX_29,Carrefour Jacqueville Songon,Songon,Plateau,5.321191,-4.231602,46.6,90,0.518,Modere,31737,1836,2026-05-18,13,lundi,2026-05-18T13:37:27Z,complement,NA,Songon
AX_30,Marche Bagnon Songon,Songon,Plateau,5.340265,-4.109843,40.7,50,0.814,Fluide,16411,1088,2026-05-18,13,lundi,2026-05-18T13:37:29Z,complement,NA,Songon
AX_21,Grand Carrefour Koumassi (VGE),Koumassi,Plateau,5.288328,-3.970538,30.2,80,0.378,Congestionne,8097,713,2026-05-18,14,lundi,2026-05-18T14:09:56Z,complement,NA,Koumassi
AX_22,Boulevard du Caire Koumassi,Koumassi,Plateau,5.29283,-3.961058,25.4,50,0.508,Modere,9501,993,2026-05-18,14,lundi,2026-05-18T14:09:57Z,complement,NA,Koumassi
AX_23,Boulevard FHB Port-Bouet,Port-Bouet,Plateau,5.289733,-3.981778,27,80,0.338,Congestionne,7311,728,2026-05-18,14,lundi,2026-05-18T14:09:58Z,complement,NA,Port-Bouët
AX_24,Aeroport FHB Port-Bouet,Port-Bouet,Plateau,5.259251,-3.940046,29.1,60,0.485,Congestionne,13731,1267,2026-05-18,14,lundi,2026-05-18T14:09:59Z,complement,NA,Port-Bouët
AX_25,4eme Pont cote Attecoube,Attecoube,Plateau,5.329149,-4.051204,31.1,70,0.444,Congestionne,15940,1393,2026-05-18,14,lundi,2026-05-18T14:10:01Z,complement,NA,Attécoubé
AX_26,Marche Attecoube,Attecoube,Plateau,5.348717,-4.034145,29.3,40,0.733,Modere,5882,545,2026-05-18,14,lundi,2026-05-18T14:10:02Z,complement,NA,Attécoubé
AX_27,Mairie Anyama,Anyama,Plateau,5.507137,-4.053472,37.2,90,0.413,Congestionne,25327,1867,2026-05-18,14,lundi,2026-05-18T14:10:03Z,complement,NA,Anyama
AX_28,Marche Anyama,Anyama,Plateau,5.496204,-4.050669,37.4,50,0.748,Modere,24221,1780,2026-05-18,14,lundi,2026-05-18T14:10:04Z,complement,NA,Anyama
AX_29,Carrefour Jacqueville Songon,Songon,Plateau,5.321191,-4.231602,49,90,0.544,Modere,31737,1836,2026-05-18,14,lundi,2026-05-18T14:10:06Z,complement,NA,Songon
AX_30,Marche Bagnon Songon,Songon,Plateau,5.340265,-4.109843,42.7,50,0.854,Fluide,16411,1088,2026-05-18,14,lundi,2026-05-18T14:10:07Z,complement,NA,Songon
AX_21,Grand Carrefour Koumassi (VGE),Koumassi,Plateau,5.288328,-3.970538,26.5,80,0.331,Congestionne,8097,713,2026-05-18,15,lundi,2026-05-18T15:12:31Z,complement,NA,Koumassi
AX_22,Boulevard du Caire Koumassi,Koumassi,Plateau,5.29283,-3.961058,22.3,50,0.446,Congestionne,9501,993,2026-05-18,15,lundi,2026-05-18T15:12:33Z,complement,NA,Koumassi
AX_23,Boulevard FHB Port-Bouet,Port-Bouet,Plateau,5.289733,-3.981778,23.7,80,0.296,Bloque,7311,728,2026-05-18,15,lundi,2026-05-18T15:12:34Z,complement,NA,Port-Bouët
AX_24,Aeroport FHB Port-Bouet,Port-Bouet,Plateau,5.259251,-3.940046,25.6,60,0.427,Congestionne,13731,1267,2026-05-18,15,lundi,2026-05-18T15:12:35Z,complement,NA,Port-Bouët
AX_25,4eme Pont cote Attecoube,Attecoube,Plateau,5.329149,-4.051204,27.3,70,0.39,Congestionne,15940,1393,2026-05-18,15,lundi,2026-05-18T15:12:36Z,complement,NA,Attécoubé
AX_26,Marche Attecoube,Attecoube,Plateau,5.348717,-4.034145,25.8,40,0.645,Modere,5882,545,2026-05-18,15,lundi,2026-05-18T15:12:37Z,complement,NA,Attécoubé
AX_27,Mairie Anyama,Anyama,Plateau,5.507137,-4.053472,32.7,90,0.363,Congestionne,25327,1867,2026-05-18,15,lundi,2026-05-18T15:12:39Z,complement,NA,Anyama
AX_28,Marche Anyama,Anyama,Plateau,5.496204,-4.050669,32.8,50,0.656,Modere,24221,1780,2026-05-18,15,lundi,2026-05-18T15:12:40Z,complement,NA,Anyama
AX_29,Carrefour Jacqueville Songon,Songon,Plateau,5.321191,-4.231602,43,90,0.478,Congestionne,31737,1836,2026-05-18,15,lundi,2026-05-18T15:12:41Z,complement,NA,Songon
AX_30,Marche Bagnon Songon,Songon,Plateau,5.340265,-4.109843,37.5,50,0.75,Modere,16411,1088,2026-05-18,15,lundi,2026-05-18T15:12:42Z,complement,NA,Songon
AX_21,Grand Carrefour Koumassi (VGE),Koumassi,Plateau,5.288328,-3.970538,19.1,80,0.239,Bloque,8097,713,2026-05-18,16,lundi,2026-05-18T16:14:55Z,complement,NA,Koumassi
AX_22,Boulevard du Caire Koumassi,Koumassi,Plateau,5.29283,-3.961058,16.1,50,0.322,Congestionne,9501,993,2026-05-18,16,lundi,2026-05-18T16:14:56Z,complement,NA,Koumassi
AX_23,Boulevard FHB Port-Bouet,Port-Bouet,Plateau,5.289733,-3.981778,17.1,80,0.214,Bloque,7311,728,2026-05-18,16,lundi,2026-05-18T16:14:57Z,complement,NA,Port-Bouët
AX_24,Aeroport FHB Port-Bouet,Port-Bouet,Plateau,5.259251,-3.940046,18.5,60,0.308,Congestionne,13731,1267,2026-05-18,16,lundi,2026-05-18T16:14:58Z,complement,NA,Port-Bouët
AX_25,4eme Pont cote Attecoube,Attecoube,Plateau,5.329149,-4.051204,19.7,70,0.281,Bloque,15940,1393,2026-05-18,16,lundi,2026-05-18T16:14:59Z,complement,NA,Attécoubé
AX_26,Marche Attecoube,Attecoube,Plateau,5.348717,-4.034145,18.6,40,0.465,Congestionne,5882,545,2026-05-18,16,lundi,2026-05-18T16:15:01Z,complement,NA,Attécoubé
AX_27,Mairie Anyama,Anyama,Plateau,5.507137,-4.053472,23.6,90,0.262,Bloque,25327,1867,2026-05-18,16,lundi,2026-05-18T16:15:02Z,complement,NA,Anyama
AX_28,Marche Anyama,Anyama,Plateau,5.496204,-4.050669,23.7,50,0.474,Congestionne,24221,1780,2026-05-18,16,lundi,2026-05-18T16:15:03Z,complement,NA,Anyama
AX_29,Carrefour Jacqueville Songon,Songon,Plateau,5.321191,-4.231602,31.1,90,0.346,Congestionne,31737,1836,2026-05-18,16,lundi,2026-05-18T16:15:05Z,complement,NA,Songon
AX_30,Marche Bagnon Songon,Songon,Plateau,5.340265,-4.109843,27.1,50,0.542,Modere,16411,1088,2026-05-18,16,lundi,2026-05-18T16:15:06Z,complement,NA,Songon
AX_21,Grand Carrefour Koumassi (VGE),Koumassi,Plateau,5.288328,-3.970538,14,80,0.175,Bloque,8097,713,2026-05-18,17,lundi,2026-05-18T17:18:15Z,complement,NA,Koumassi
AX_22,Boulevard du Caire Koumassi,Koumassi,Plateau,5.29283,-3.961058,11.8,50,0.236,Bloque,9501,993,2026-05-18,17,lundi,2026-05-18T17:18:17Z,complement,NA,Koumassi
AX_23,Boulevard FHB Port-Bouet,Port-Bouet,Plateau,5.289733,-3.981778,12.5,80,0.156,Bloque,7311,728,2026-05-18,17,lundi,2026-05-18T17:18:18Z,complement,NA,Port-Bouët
AX_24,Aeroport FHB Port-Bouet,Port-Bouet,Plateau,5.259251,-3.940046,13.5,60,0.225,Bloque,13731,1267,2026-05-18,17,lundi,2026-05-18T17:18:20Z,complement,NA,Port-Bouët
AX_25,4eme Pont cote Attecoube,Attecoube,Plateau,5.329149,-4.051204,14.4,70,0.206,Bloque,15940,1393,2026-05-18,17,lundi,2026-05-18T17:18:21Z,complement,NA,Attécoubé
AX_26,Marche Attecoube,Attecoube,Plateau,5.348717,-4.034145,13.6,40,0.34,Congestionne,5882,545,2026-05-18,17,lundi,2026-05-18T17:18:22Z,complement,NA,Attécoubé
AX_27,Mairie Anyama,Anyama,Plateau,5.507137,-4.053472,17.2,90,0.191,Bloque,25327,1867,2026-05-18,17,lundi,2026-05-18T17:18:24Z,complement,NA,Anyama
AX_28,Marche Anyama,Anyama,Plateau,5.496204,-4.050669,17.3,50,0.346,Congestionne,24221,1780,2026-05-18,17,lundi,2026-05-18T17:18:25Z,complement,NA,Anyama
AX_29,Carrefour Jacqueville Songon,Songon,Plateau,5.321191,-4.231602,22.7,90,0.252,Bloque,31737,1836,2026-05-18,17,lundi,2026-05-18T17:18:27Z,complement,NA,Songon
AX_30,Marche Bagnon Songon,Songon,Plateau,5.340265,-4.109843,19.8,50,0.396,Congestionne,16411,1088,2026-05-18,17,lundi,2026-05-18T17:18:28Z,complement,NA,Songon
AX_21,Grand Carrefour Koumassi (VGE),Koumassi,Plateau,5.288328,-3.970538,17.7,80,0.221,Bloque,8097,713,2026-05-18,18,lundi,2026-05-18T18:20:54Z,complement,NA,Koumassi
AX_22,Boulevard du Caire Koumassi,Koumassi,Plateau,5.29283,-3.961058,14.9,50,0.298,Bloque,9501,993,2026-05-18,18,lundi,2026-05-18T18:20:55Z,complement,NA,Koumassi
AX_23,Boulevard FHB Port-Bouet,Port-Bouet,Plateau,5.289733,-3.981778,15.8,80,0.198,Bloque,7311,728,2026-05-18,18,lundi,2026-05-18T18:20:56Z,complement,NA,Port-Bouët
AX_24,Aeroport FHB Port-Bouet,Port-Bouet,Plateau,5.259251,-3.940046,17,60,0.283,Bloque,13731,1267,2026-05-18,18,lundi,2026-05-18T18:20:58Z,complement,NA,Port-Bouët
AX_25,4eme Pont cote Attecoube,Attecoube,Plateau,5.329149,-4.051204,18.2,70,0.26,Bloque,15940,1393,2026-05-18,18,lundi,2026-05-18T18:20:59Z,complement,NA,Attécoubé
AX_26,Marche Attecoube,Attecoube,Plateau,5.348717,-4.034145,17.2,40,0.43,Congestionne,5882,545,2026-05-18,18,lundi,2026-05-18T18:21:00Z,complement,NA,Attécoubé
AX_27,Mairie Anyama,Anyama,Plateau,5.507137,-4.053472,21.8,90,0.242,Bloque,25327,1867,2026-05-18,18,lundi,2026-05-18T18:21:01Z,complement,NA,Anyama
AX_28,Marche Anyama,Anyama,Plateau,5.496204,-4.050669,21.9,50,0.438,Congestionne,24221,1780,2026-05-18,18,lundi,2026-05-18T18:21:03Z,complement,NA,Anyama
AX_29,Carrefour Jacqueville Songon,Songon,Plateau,5.321191,-4.231602,28.7,90,0.319,Congestionne,31737,1836,2026-05-18,18,lundi,2026-05-18T18:21:04Z,complement,NA,Songon
AX_30,Marche Bagnon Songon,Songon,Plateau,5.340265,-4.109843,25,50,0.5,Modere,16411,1088,2026-05-18,18,lundi,2026-05-18T18:21:05Z,complement,NA,Songon
AX_21,Grand Carrefour Koumassi (VGE),Koumassi,Plateau,5.288328,-3.970538,22.8,80,0.285,Bloque,8097,713,2026-05-18,19,lundi,2026-05-18T19:23:46Z,complement,NA,Koumassi
AX_22,Boulevard du Caire Koumassi,Koumassi,Plateau,5.29283,-3.961058,19.2,50,0.384,Congestionne,9501,993,2026-05-18,19,lundi,2026-05-18T19:23:47Z,complement,NA,Koumassi
AX_23,Boulevard FHB Port-Bouet,Port-Bouet,Plateau,5.289733,-3.981778,20.4,80,0.255,Bloque,7311,728,2026-05-18,19,lundi,2026-05-18T19:23:48Z,complement,NA,Port-Bouët
AX_24,Aeroport FHB Port-Bouet,Port-Bouet,Plateau,5.259251,-3.940046,22,60,0.367,Congestionne,13731,1267,2026-05-18,19,lundi,2026-05-18T19:23:49Z,complement,NA,Port-Bouët
AX_25,4eme Pont cote Attecoube,Attecoube,Plateau,5.329149,-4.051204,23.5,70,0.336,Congestionne,15940,1393,2026-05-18,19,lundi,2026-05-18T19:23:51Z,complement,NA,Attécoubé
AX_26,Marche Attecoube,Attecoube,Plateau,5.348717,-4.034145,22.2,40,0.555,Modere,5882,545,2026-05-18,19,lundi,2026-05-18T19:23:52Z,complement,NA,Attécoubé
AX_27,Mairie Anyama,Anyama,Plateau,5.507137,-4.053472,28.1,90,0.312,Congestionne,25327,1867,2026-05-18,19,lundi,2026-05-18T19:23:53Z,complement,NA,Anyama
AX_28,Marche Anyama,Anyama,Plateau,5.496204,-4.050669,28.3,50,0.566,Modere,24221,1780,2026-05-18,19,lundi,2026-05-18T19:23:54Z,complement,NA,Anyama
AX_29,Carrefour Jacqueville Songon,Songon,Plateau,5.321191,-4.231602,37,90,0.411,Congestionne,31737,1836,2026-05-18,19,lundi,2026-05-18T19:23:55Z,complement,NA,Songon
AX_30,Marche Bagnon Songon,Songon,Plateau,5.340265,-4.109843,32.3,50,0.646,Modere,16411,1088,2026-05-18,19,lundi,2026-05-18T19:23:57Z,complement,NA,Songon
AX_21,Grand Carrefour Koumassi (VGE),Koumassi,Plateau,5.288328,-3.970538,28.7,80,0.359,Congestionne,8097,713,2026-05-18,20,lundi,2026-05-18T20:26:05Z,complement,NA,Koumassi
AX_22,Boulevard du Caire Koumassi,Koumassi,Plateau,5.29283,-3.961058,24.1,50,0.482,Congestionne,9501,993,2026-05-18,20,lundi,2026-05-18T20:26:06Z,complement,NA,Koumassi
AX_23,Boulevard FHB Port-Bouet,Port-Bouet,Plateau,5.289733,-3.981778,25.7,80,0.321,Congestionne,7311,728,2026-05-18,20,lundi,2026-05-18T20:26:07Z,complement,NA,Port-Bouët
AX_24,Aeroport FHB Port-Bouet,Port-Bouet,Plateau,5.259251,-3.940046,27.7,60,0.462,Congestionne,13731,1267,2026-05-18,20,lundi,2026-05-18T20:26:09Z,complement,NA,Port-Bouët
AX_25,4eme Pont cote Attecoube,Attecoube,Plateau,5.329149,-4.051204,29.6,70,0.423,Congestionne,15940,1393,2026-05-18,20,lundi,2026-05-18T20:26:10Z,complement,NA,Attécoubé
AX_26,Marche Attecoube,Attecoube,Plateau,5.348717,-4.034145,27.9,40,0.698,Modere,5882,545,2026-05-18,20,lundi,2026-05-18T20:26:11Z,complement,NA,Attécoubé
AX_27,Mairie Anyama,Anyama,Plateau,5.507137,-4.053472,35.4,90,0.393,Congestionne,25327,1867,2026-05-18,20,lundi,2026-05-18T20:26:12Z,complement,NA,Anyama
AX_28,Marche Anyama,Anyama,Plateau,5.496204,-4.050669,35.5,50,0.71,Modere,24221,1780,2026-05-18,20,lundi,2026-05-18T20:26:13Z,complement,NA,Anyama
AX_29,Carrefour Jacqueville Songon,Songon,Plateau,5.321191,-4.231602,46.6,90,0.518,Modere,31737,1836,2026-05-18,20,lundi,2026-05-18T20:26:15Z,complement,NA,Songon
AX_30,Marche Bagnon Songon,Songon,Plateau,5.340265,-4.109843,40.7,50,0.814,Fluide,16411,1088,2026-05-18,20,lundi,2026-05-18T20:26:16Z,complement,NA,Songon
AX_21,Grand Carrefour Koumassi (VGE),Koumassi,Plateau,5.288328,-3.970538,32.4,80,0.405,Congestionne,8097,713,2026-05-18,21,lundi,2026-05-18T21:28:24Z,complement,NA,Koumassi
AX_22,Boulevard du Caire Koumassi,Koumassi,Plateau,5.29283,-3.961058,27.2,50,0.544,Modere,9501,993,2026-05-18,21,lundi,2026-05-18T21:28:26Z,complement,NA,Koumassi
AX_23,Boulevard FHB Port-Bouet,Port-Bouet,Plateau,5.289733,-3.981778,29,80,0.362,Congestionne,7311,728,2026-05-18,21,lundi,2026-05-18T21:28:27Z,complement,NA,Port-Bouët
AX_24,Aeroport FHB Port-Bouet,Port-Bouet,Plateau,5.259251,-3.940046,31.2,60,0.52,Modere,13731,1267,2026-05-18,21,lundi,2026-05-18T21:28:28Z,complement,NA,Port-Bouët
AX_25,4eme Pont cote Attecoube,Attecoube,Plateau,5.329149,-4.051204,33.4,70,0.477,Congestionne,15940,1393,2026-05-18,21,lundi,2026-05-18T21:28:29Z,complement,NA,Attécoubé
AX_26,Marche Attecoube,Attecoube,Plateau,5.348717,-4.034145,31.5,40,0.787,Modere,5882,545,2026-05-18,21,lundi,2026-05-18T21:28:30Z,complement,NA,Attécoubé
AX_27,Mairie Anyama,Anyama,Plateau,5.507137,-4.053472,39.9,90,0.443,Congestionne,25327,1867,2026-05-18,21,lundi,2026-05-18T21:28:32Z,complement,NA,Anyama
AX_28,Marche Anyama,Anyama,Plateau,5.496204,-4.050669,40.1,50,0.802,Fluide,24221,1780,2026-05-18,21,lundi,2026-05-18T21:28:33Z,complement,NA,Anyama
AX_29,Carrefour Jacqueville Songon,Songon,Plateau,5.321191,-4.231602,52.5,90,0.583,Modere,31737,1836,2026-05-18,21,lundi,2026-05-18T21:28:34Z,complement,NA,Songon
AX_30,Marche Bagnon Songon,Songon,Plateau,5.340265,-4.109843,45.9,50,0.918,Fluide,16411,1088,2026-05-18,21,lundi,2026-05-18T21:28:35Z,complement,NA,Songon
AX_21,Grand Carrefour Koumassi (VGE),Koumassi,Plateau,5.288328,-3.970538,34.6,80,0.432,Congestionne,8097,713,2026-05-18,22,lundi,2026-05-18T22:30:54Z,complement,NA,Koumassi
AX_22,Boulevard du Caire Koumassi,Koumassi,Plateau,5.29283,-3.961058,29.1,50,0.582,Modere,9501,993,2026-05-18,22,lundi,2026-05-18T22:30:55Z,complement,NA,Koumassi
AX_23,Boulevard FHB Port-Bouet,Port-Bouet,Plateau,5.289733,-3.981778,31,80,0.388,Congestionne,7311,728,2026-05-18,22,lundi,2026-05-18T22:30:56Z,complement,NA,Port-Bouët
AX_24,Aeroport FHB Port-Bouet,Port-Bouet,Plateau,5.259251,-3.940046,33.4,60,0.557,Modere,13731,1267,2026-05-18,22,lundi,2026-05-18T22:30:57Z,complement,NA,Port-Bouët
AX_25,4eme Pont cote Attecoube,Attecoube,Plateau,5.329149,-4.051204,35.6,70,0.509,Modere,15940,1393,2026-05-18,22,lundi,2026-05-18T22:30:59Z,complement,NA,Attécoubé
AX_26,Marche Attecoube,Attecoube,Plateau,5.348717,-4.034145,33.6,40,0.84,Fluide,5882,545,2026-05-18,22,lundi,2026-05-18T22:31:00Z,complement,NA,Attécoubé
AX_27,Mairie Anyama,Anyama,Plateau,5.507137,-4.053472,42.7,90,0.474,Congestionne,25327,1867,2026-05-18,22,lundi,2026-05-18T22:31:01Z,complement,NA,Anyama
AX_28,Marche Anyama,Anyama,Plateau,5.496204,-4.050669,42.8,50,0.856,Fluide,24221,1780,2026-05-18,22,lundi,2026-05-18T22:31:02Z,complement,NA,Anyama
AX_29,Carrefour Jacqueville Songon,Songon,Plateau,5.321191,-4.231602,56.1,90,0.623,Modere,31737,1836,2026-05-18,22,lundi,2026-05-18T22:31:04Z,complement,NA,Songon
AX_30,Marche Bagnon Songon,Songon,Plateau,5.340265,-4.109843,49,50,0.98,Fluide,16411,1088,2026-05-18,22,lundi,2026-05-18T22:31:05Z,complement,NA,Songon
AX_21,Grand Carrefour Koumassi (VGE),Koumassi,Plateau,5.288328,-3.970538,36.1,80,0.451,Congestionne,8097,713,2026-05-18,23,lundi,2026-05-18T23:02:03Z,complement,NA,Koumassi
AX_22,Boulevard du Caire Koumassi,Koumassi,Plateau,5.29283,-3.961058,30.3,50,0.606,Modere,9501,993,2026-05-18,23,lundi,2026-05-18T23:02:04Z,complement,NA,Koumassi
AX_23,Boulevard FHB Port-Bouet,Port-Bouet,Plateau,5.289733,-3.981778,32.3,80,0.404,Congestionne,7311,728,2026-05-18,23,lundi,2026-05-18T23:02:05Z,complement,NA,Port-Bouët
AX_24,Aeroport FHB Port-Bouet,Port-Bouet,Plateau,5.259251,-3.940046,34.8,60,0.58,Modere,13731,1267,2026-05-18,23,lundi,2026-05-18T23:02:06Z,complement,NA,Port-Bouët
AX_25,4eme Pont cote Attecoube,Attecoube,Plateau,5.329149,-4.051204,37.1,70,0.53,Modere,15940,1393,2026-05-18,23,lundi,2026-05-18T23:02:08Z,complement,NA,Attécoubé
AX_26,Marche Attecoube,Attecoube,Plateau,5.348717,-4.034145,35.1,40,0.878,Fluide,5882,545,2026-05-18,23,lundi,2026-05-18T23:02:09Z,complement,NA,Attécoubé
AX_27,Mairie Anyama,Anyama,Plateau,5.507137,-4.053472,44.5,90,0.494,Congestionne,25327,1867,2026-05-18,23,lundi,2026-05-18T23:02:10Z,complement,NA,Anyama
AX_28,Marche Anyama,Anyama,Plateau,5.496204,-4.050669,44.7,50,0.894,Fluide,24221,1780,2026-05-18,23,lundi,2026-05-18T23:02:11Z,complement,NA,Anyama
AX_29,Carrefour Jacqueville Songon,Songon,Plateau,5.321191,-4.231602,58.5,90,0.65,Modere,31737,1836,2026-05-18,23,lundi,2026-05-18T23:02:12Z,complement,NA,Songon
AX_30,Marche Bagnon Songon,Songon,Plateau,5.340265,-4.109843,51.1,50,1,Fluide,16411,1088,2026-05-18,23,lundi,2026-05-18T23:02:14Z,complement,NA,Songon
AX_21,Grand Carrefour Koumassi (VGE),Koumassi,Plateau,5.288328,-3.970538,36.8,80,0.46,Congestionne,8097,713,2026-05-19,0,mardi,2026-05-19T00:04:25Z,complement,NA,Koumassi
AX_22,Boulevard du Caire Koumassi,Koumassi,Plateau,5.29283,-3.961058,31,50,0.62,Modere,9501,993,2026-05-19,0,mardi,2026-05-19T00:04:26Z,complement,NA,Koumassi
AX_23,Boulevard FHB Port-Bouet,Port-Bouet,Plateau,5.289733,-3.981778,32.9,80,0.411,Congestionne,7311,728,2026-05-19,0,mardi,2026-05-19T00:04:28Z,complement,NA,Port-Bouët
AX_24,Aeroport FHB Port-Bouet,Port-Bouet,Plateau,5.259251,-3.940046,35.5,60,0.592,Modere,13731,1267,2026-05-19,0,mardi,2026-05-19T00:04:29Z,complement,NA,Port-Bouët
AX_25,4eme Pont cote Attecoube,Attecoube,Plateau,5.329149,-4.051204,37.9,70,0.541,Modere,15940,1393,2026-05-19,0,mardi,2026-05-19T00:04:30Z,complement,NA,Attécoubé
AX_26,Marche Attecoube,Attecoube,Plateau,5.348717,-4.034145,35.8,40,0.895,Fluide,5882,545,2026-05-19,0,mardi,2026-05-19T00:04:31Z,complement,NA,Attécoubé
AX_27,Mairie Anyama,Anyama,Plateau,5.507137,-4.053472,45.4,90,0.504,Modere,25327,1867,2026-05-19,0,mardi,2026-05-19T00:04:33Z,complement,NA,Anyama
AX_28,Marche Anyama,Anyama,Plateau,5.496204,-4.050669,45.6,50,0.912,Fluide,24221,1780,2026-05-19,0,mardi,2026-05-19T00:04:34Z,complement,NA,Anyama
AX_29,Carrefour Jacqueville Songon,Songon,Plateau,5.321191,-4.231602,59.7,90,0.663,Modere,31737,1836,2026-05-19,0,mardi,2026-05-19T00:04:35Z,complement,NA,Songon
AX_30,Marche Bagnon Songon,Songon,Plateau,5.340265,-4.109843,52.1,50,1,Fluide,16411,1088,2026-05-19,0,mardi,2026-05-19T00:04:36Z,complement,NA,Songon
AX_21,Grand Carrefour Koumassi (VGE),Koumassi,Plateau,5.288328,-3.970538,36.8,80,0.46,Congestionne,8097,713,2026-05-19,1,mardi,2026-05-19T01:06:59Z,complement,NA,Koumassi
AX_22,Boulevard du Caire Koumassi,Koumassi,Plateau,5.29283,-3.961058,31,50,0.62,Modere,9501,993,2026-05-19,1,mardi,2026-05-19T01:07:00Z,complement,NA,Koumassi
AX_23,Boulevard FHB Port-Bouet,Port-Bouet,Plateau,5.289733,-3.981778,32.9,80,0.411,Congestionne,7311,728,2026-05-19,1,mardi,2026-05-19T01:07:01Z,complement,NA,Port-Bouët
AX_24,Aeroport FHB Port-Bouet,Port-Bouet,Plateau,5.259251,-3.940046,35.5,60,0.592,Modere,13731,1267,2026-05-19,1,mardi,2026-05-19T01:07:02Z,complement,NA,Port-Bouët
AX_25,4eme Pont cote Attecoube,Attecoube,Plateau,5.329149,-4.051204,37.9,70,0.541,Modere,15940,1393,2026-05-19,1,mardi,2026-05-19T01:07:04Z,complement,NA,Attécoubé
AX_26,Marche Attecoube,Attecoube,Plateau,5.348717,-4.034145,35.8,40,0.895,Fluide,5882,545,2026-05-19,1,mardi,2026-05-19T01:07:05Z,complement,NA,Attécoubé
AX_27,Mairie Anyama,Anyama,Plateau,5.507137,-4.053472,45.4,90,0.504,Modere,25327,1867,2026-05-19,1,mardi,2026-05-19T01:07:06Z,complement,NA,Anyama
AX_28,Marche Anyama,Anyama,Plateau,5.496204,-4.050669,45.6,50,0.912,Fluide,24221,1780,2026-05-19,1,mardi,2026-05-19T01:07:07Z,complement,NA,Anyama
AX_29,Carrefour Jacqueville Songon,Songon,Plateau,5.321191,-4.231602,59.7,90,0.663,Modere,31737,1836,2026-05-19,1,mardi,2026-05-19T01:07:09Z,complement,NA,Songon
AX_30,Marche Bagnon Songon,Songon,Plateau,5.340265,-4.109843,52.1,50,1,Fluide,16411,1088,2026-05-19,1,mardi,2026-05-19T01:07:10Z,complement,NA,Songon
AX_21,Grand Carrefour Koumassi (VGE),Koumassi,Plateau,5.288328,-3.970538,36.8,80,0.46,Congestionne,8097,713,2026-05-19,2,mardi,2026-05-19T02:09:32Z,complement,NA,Koumassi
AX_22,Boulevard du Caire Koumassi,Koumassi,Plateau,5.29283,-3.961058,31,50,0.62,Modere,9501,993,2026-05-19,2,mardi,2026-05-19T02:09:33Z,complement,NA,Koumassi
AX_23,Boulevard FHB Port-Bouet,Port-Bouet,Plateau,5.289733,-3.981778,32.9,80,0.411,Congestionne,7311,728,2026-05-19,2,mardi,2026-05-19T02:09:34Z,complement,NA,Port-Bouët
AX_24,Aeroport FHB Port-Bouet,Port-Bouet,Plateau,5.259251,-3.940046,35.5,60,0.592,Modere,13731,1267,2026-05-19,2,mardi,2026-05-19T02:09:35Z,complement,NA,Port-Bouët
AX_25,4eme Pont cote Attecoube,Attecoube,Plateau,5.329149,-4.051204,37.9,70,0.541,Modere,15940,1393,2026-05-19,2,mardi,2026-05-19T02:09:37Z,complement,NA,Attécoubé
AX_26,Marche Attecoube,Attecoube,Plateau,5.348717,-4.034145,35.8,40,0.895,Fluide,5882,545,2026-05-19,2,mardi,2026-05-19T02:09:38Z,complement,NA,Attécoubé
AX_27,Mairie Anyama,Anyama,Plateau,5.507137,-4.053472,45.4,90,0.504,Modere,25327,1867,2026-05-19,2,mardi,2026-05-19T02:09:39Z,complement,NA,Anyama
AX_28,Marche Anyama,Anyama,Plateau,5.496204,-4.050669,45.6,50,0.912,Fluide,24221,1780,2026-05-19,2,mardi,2026-05-19T02:09:40Z,complement,NA,Anyama
AX_29,Carrefour Jacqueville Songon,Songon,Plateau,5.321191,-4.231602,59.7,90,0.663,Modere,31737,1836,2026-05-19,2,mardi,2026-05-19T02:09:42Z,complement,NA,Songon
AX_30,Marche Bagnon Songon,Songon,Plateau,5.340265,-4.109843,52.1,50,1,Fluide,16411,1088,2026-05-19,2,mardi,2026-05-19T02:09:43Z,complement,NA,Songon
AX_21,Grand Carrefour Koumassi (VGE),Koumassi,Plateau,5.288328,-3.970538,36.8,80,0.46,Congestionne,8097,713,2026-05-19,3,mardi,2026-05-19T03:12:06Z,complement,NA,Koumassi
AX_22,Boulevard du Caire Koumassi,Koumassi,Plateau,5.29283,-3.961058,31,50,0.62,Modere,9501,993,2026-05-19,3,mardi,2026-05-19T03:12:07Z,complement,NA,Koumassi
AX_23,Boulevard FHB Port-Bouet,Port-Bouet,Plateau,5.289733,-3.981778,32.9,80,0.411,Congestionne,7311,728,2026-05-19,3,mardi,2026-05-19T03:12:08Z,complement,NA,Port-Bouët
AX_24,Aeroport FHB Port-Bouet,Port-Bouet,Plateau,5.259251,-3.940046,35.5,60,0.592,Modere,13731,1267,2026-05-19,3,mardi,2026-05-19T03:12:09Z,complement,NA,Port-Bouët
AX_25,4eme Pont cote Attecoube,Attecoube,Plateau,5.329149,-4.051204,37.9,70,0.541,Modere,15940,1393,2026-05-19,3,mardi,2026-05-19T03:12:10Z,complement,NA,Attécoubé
AX_26,Marche Attecoube,Attecoube,Plateau,5.348717,-4.034145,35.8,40,0.895,Fluide,5882,545,2026-05-19,3,mardi,2026-05-19T03:12:12Z,complement,NA,Attécoubé
AX_27,Mairie Anyama,Anyama,Plateau,5.507137,-4.053472,45.4,90,0.504,Modere,25327,1867,2026-05-19,3,mardi,2026-05-19T03:12:13Z,complement,NA,Anyama
AX_28,Marche Anyama,Anyama,Plateau,5.496204,-4.050669,45.6,50,0.912,Fluide,24221,1780,2026-05-19,3,mardi,2026-05-19T03:12:14Z,complement,NA,Anyama
AX_29,Carrefour Jacqueville Songon,Songon,Plateau,5.321191,-4.231602,59.7,90,0.663,Modere,31737,1836,2026-05-19,3,mardi,2026-05-19T03:12:15Z,complement,NA,Songon
AX_30,Marche Bagnon Songon,Songon,Plateau,5.340265,-4.109843,52.1,50,1,Fluide,16411,1088,2026-05-19,3,mardi,2026-05-19T03:12:17Z,complement,NA,Songon
AX_21,Grand Carrefour Koumassi (VGE),Koumassi,Plateau,5.288328,-3.970538,36.8,80,0.46,Congestionne,8097,713,2026-05-19,4,mardi,2026-05-19T04:14:39Z,complement,NA,Koumassi
AX_22,Boulevard du Caire Koumassi,Koumassi,Plateau,5.29283,-3.961058,31,50,0.62,Modere,9501,993,2026-05-19,4,mardi,2026-05-19T04:14:41Z,complement,NA,Koumassi
AX_23,Boulevard FHB Port-Bouet,Port-Bouet,Plateau,5.289733,-3.981778,32.9,80,0.411,Congestionne,7311,728,2026-05-19,4,mardi,2026-05-19T04:14:42Z,complement,NA,Port-Bouët
AX_24,Aeroport FHB Port-Bouet,Port-Bouet,Plateau,5.259251,-3.940046,35.5,60,0.592,Modere,13731,1267,2026-05-19,4,mardi,2026-05-19T04:14:43Z,complement,NA,Port-Bouët
AX_25,4eme Pont cote Attecoube,Attecoube,Plateau,5.329149,-4.051204,37.9,70,0.541,Modere,15940,1393,2026-05-19,4,mardi,2026-05-19T04:14:44Z,complement,NA,Attécoubé
AX_26,Marche Attecoube,Attecoube,Plateau,5.348717,-4.034145,35.8,40,0.895,Fluide,5882,545,2026-05-19,4,mardi,2026-05-19T04:14:46Z,complement,NA,Attécoubé
AX_27,Mairie Anyama,Anyama,Plateau,5.507137,-4.053472,45.4,90,0.504,Modere,25327,1867,2026-05-19,4,mardi,2026-05-19T04:14:47Z,complement,NA,Anyama
AX_28,Marche Anyama,Anyama,Plateau,5.496204,-4.050669,45.6,50,0.912,Fluide,24221,1780,2026-05-19,4,mardi,2026-05-19T04:14:48Z,complement,NA,Anyama
AX_29,Carrefour Jacqueville Songon,Songon,Plateau,5.321191,-4.231602,59.7,90,0.663,Modere,31737,1836,2026-05-19,4,mardi,2026-05-19T04:14:49Z,complement,NA,Songon
AX_30,Marche Bagnon Songon,Songon,Plateau,5.340265,-4.109843,52.1,50,1,Fluide,16411,1088,2026-05-19,4,mardi,2026-05-19T04:14:51Z,complement,NA,Songon
AX_21,Grand Carrefour Koumassi (VGE),Koumassi,Plateau,5.288328,-3.970538,33.9,80,0.424,Congestionne,8097,713,2026-05-19,5,mardi,2026-05-19T05:17:14Z,complement,NA,Koumassi
AX_22,Boulevard du Caire Koumassi,Koumassi,Plateau,5.29283,-3.961058,28.5,50,0.57,Modere,9501,993,2026-05-19,5,mardi,2026-05-19T05:17:15Z,complement,NA,Koumassi
AX_23,Boulevard FHB Port-Bouet,Port-Bouet,Plateau,5.289733,-3.981778,30.3,80,0.379,Congestionne,7311,728,2026-05-19,5,mardi,2026-05-19T05:17:16Z,complement,NA,Port-Bouët
AX_24,Aeroport FHB Port-Bouet,Port-Bouet,Plateau,5.259251,-3.940046,32.7,60,0.545,Modere,13731,1267,2026-05-19,5,mardi,2026-05-19T05:17:17Z,complement,NA,Port-Bouët
AX_25,4eme Pont cote Attecoube,Attecoube,Plateau,5.329149,-4.051204,34.9,70,0.499,Congestionne,15940,1393,2026-05-19,5,mardi,2026-05-19T05:17:19Z,complement,NA,Attécoubé
AX_26,Marche Attecoube,Attecoube,Plateau,5.348717,-4.034145,32.9,40,0.823,Fluide,5882,545,2026-05-19,5,mardi,2026-05-19T05:17:20Z,complement,NA,Attécoubé
AX_27,Mairie Anyama,Anyama,Plateau,5.507137,-4.053472,41.8,90,0.464,Congestionne,25327,1867,2026-05-19,5,mardi,2026-05-19T05:17:21Z,complement,NA,Anyama
AX_28,Marche Anyama,Anyama,Plateau,5.496204,-4.050669,41.9,50,0.838,Fluide,24221,1780,2026-05-19,5,mardi,2026-05-19T05:17:22Z,complement,NA,Anyama
AX_29,Carrefour Jacqueville Songon,Songon,Plateau,5.321191,-4.231602,54.9,90,0.61,Modere,31737,1836,2026-05-19,5,mardi,2026-05-19T05:17:23Z,complement,NA,Songon
AX_30,Marche Bagnon Songon,Songon,Plateau,5.340265,-4.109843,48,50,0.96,Fluide,16411,1088,2026-05-19,5,mardi,2026-05-19T05:17:25Z,complement,NA,Songon
AX_21,Grand Carrefour Koumassi (VGE),Koumassi,Plateau,5.288328,-3.970538,27.6,80,0.345,Congestionne,8097,713,2026-05-19,6,mardi,2026-05-19T06:19:33Z,complement,NA,Koumassi
AX_22,Boulevard du Caire Koumassi,Koumassi,Plateau,5.29283,-3.961058,23.2,50,0.464,Congestionne,9501,993,2026-05-19,6,mardi,2026-05-19T06:19:34Z,complement,NA,Koumassi
AX_23,Boulevard FHB Port-Bouet,Port-Bouet,Plateau,5.289733,-3.981778,24.7,80,0.309,Congestionne,7311,728,2026-05-19,6,mardi,2026-05-19T06:19:36Z,complement,NA,Port-Bouët
AX_24,Aeroport FHB Port-Bouet,Port-Bouet,Plateau,5.259251,-3.940046,26.6,60,0.443,Congestionne,13731,1267,2026-05-19,6,mardi,2026-05-19T06:19:37Z,complement,NA,Port-Bouët
AX_25,4eme Pont cote Attecoube,Attecoube,Plateau,5.329149,-4.051204,28.4,70,0.406,Congestionne,15940,1393,2026-05-19,6,mardi,2026-05-19T06:19:39Z,complement,NA,Attécoubé
AX_26,Marche Attecoube,Attecoube,Plateau,5.348717,-4.034145,26.8,40,0.67,Modere,5882,545,2026-05-19,6,mardi,2026-05-19T06:19:40Z,complement,NA,Attécoubé
AX_27,Mairie Anyama,Anyama,Plateau,5.507137,-4.053472,34,90,0.378,Congestionne,25327,1867,2026-05-19,6,mardi,2026-05-19T06:19:41Z,complement,NA,Anyama
AX_28,Marche Anyama,Anyama,Plateau,5.496204,-4.050669,34.2,50,0.684,Modere,24221,1780,2026-05-19,6,mardi,2026-05-19T06:19:42Z,complement,NA,Anyama
AX_29,Carrefour Jacqueville Songon,Songon,Plateau,5.321191,-4.231602,44.8,90,0.498,Congestionne,31737,1836,2026-05-19,6,mardi,2026-05-19T06:19:44Z,complement,NA,Songon
AX_30,Marche Bagnon Songon,Songon,Plateau,5.340265,-4.109843,39.1,50,0.782,Modere,16411,1088,2026-05-19,6,mardi,2026-05-19T06:19:45Z,complement,NA,Songon
AX_21,Grand Carrefour Koumassi (VGE),Koumassi,Plateau,5.288328,-3.970538,20.2,80,0.252,Bloque,8097,713,2026-05-19,9,mardi,2026-05-19T09:38:49Z,complement,NA,Koumassi
AX_22,Boulevard du Caire Koumassi,Koumassi,Plateau,5.29283,-3.961058,17,50,0.34,Congestionne,9501,993,2026-05-19,9,mardi,2026-05-19T09:38:50Z,complement,NA,Koumassi
AX_23,Boulevard FHB Port-Bouet,Port-Bouet,Plateau,5.289733,-3.981778,18.1,80,0.226,Bloque,7311,728,2026-05-19,9,mardi,2026-05-19T09:38:52Z,complement,NA,Port-Bouët
AX_24,Aeroport FHB Port-Bouet,Port-Bouet,Plateau,5.259251,-3.940046,19.5,60,0.325,Congestionne,13731,1267,2026-05-19,9,mardi,2026-05-19T09:38:53Z,complement,NA,Port-Bouët
AX_25,4eme Pont cote Attecoube,Attecoube,Plateau,5.329149,-4.051204,20.8,70,0.297,Bloque,15940,1393,2026-05-19,9,mardi,2026-05-19T09:38:54Z,complement,NA,Attécoubé
AX_26,Marche Attecoube,Attecoube,Plateau,5.348717,-4.034145,19.7,40,0.492,Congestionne,5882,545,2026-05-19,9,mardi,2026-05-19T09:38:56Z,complement,NA,Attécoubé
AX_27,Mairie Anyama,Anyama,Plateau,5.507137,-4.053472,25,90,0.278,Bloque,25327,1867,2026-05-19,9,mardi,2026-05-19T09:38:57Z,complement,NA,Anyama
AX_28,Marche Anyama,Anyama,Plateau,5.496204,-4.050669,25.1,50,0.502,Modere,24221,1780,2026-05-19,9,mardi,2026-05-19T09:38:58Z,complement,NA,Anyama
AX_29,Carrefour Jacqueville Songon,Songon,Plateau,5.321191,-4.231602,32.8,90,0.364,Congestionne,31737,1836,2026-05-19,9,mardi,2026-05-19T09:39:00Z,complement,NA,Songon
AX_30,Marche Bagnon Songon,Songon,Plateau,5.340265,-4.109843,28.7,50,0.574,Modere,16411,1088,2026-05-19,9,mardi,2026-05-19T09:39:01Z,complement,NA,Songon
AX_21,Grand Carrefour Koumassi (VGE),Koumassi,Plateau,5.288328,-3.970538,26.5,80,0.331,Congestionne,8097,713,2026-05-19,10,mardi,2026-05-19T10:10:15Z,complement,NA,Koumassi
AX_22,Boulevard du Caire Koumassi,Koumassi,Plateau,5.29283,-3.961058,22.3,50,0.446,Congestionne,9501,993,2026-05-19,10,mardi,2026-05-19T10:10:16Z,complement,NA,Koumassi
AX_23,Boulevard FHB Port-Bouet,Port-Bouet,Plateau,5.289733,-3.981778,23.7,80,0.296,Bloque,7311,728,2026-05-19,10,mardi,2026-05-19T10:10:18Z,complement,NA,Port-Bouët
AX_24,Aeroport FHB Port-Bouet,Port-Bouet,Plateau,5.259251,-3.940046,25.6,60,0.427,Congestionne,13731,1267,2026-05-19,10,mardi,2026-05-19T10:10:19Z,complement,NA,Port-Bouët
AX_25,4eme Pont cote Attecoube,Attecoube,Plateau,5.329149,-4.051204,27.3,70,0.39,Congestionne,15940,1393,2026-05-19,10,mardi,2026-05-19T10:10:20Z,complement,NA,Attécoubé
AX_26,Marche Attecoube,Attecoube,Plateau,5.348717,-4.034145,25.8,40,0.645,Modere,5882,545,2026-05-19,10,mardi,2026-05-19T10:10:23Z,complement,NA,Attécoubé
AX_27,Mairie Anyama,Anyama,Plateau,5.507137,-4.053472,32.7,90,0.363,Congestionne,25327,1867,2026-05-19,10,mardi,2026-05-19T10:10:24Z,complement,NA,Anyama
AX_28,Marche Anyama,Anyama,Plateau,5.496204,-4.050669,32.8,50,0.656,Modere,24221,1780,2026-05-19,10,mardi,2026-05-19T10:10:25Z,complement,NA,Anyama
AX_29,Carrefour Jacqueville Songon,Songon,Plateau,5.321191,-4.231602,43,90,0.478,Congestionne,31737,1836,2026-05-19,10,mardi,2026-05-19T10:10:27Z,complement,NA,Songon
AX_30,Marche Bagnon Songon,Songon,Plateau,5.340265,-4.109843,37.5,50,0.75,Modere,16411,1088,2026-05-19,10,mardi,2026-05-19T10:10:28Z,complement,NA,Songon
AX_21,Grand Carrefour Koumassi (VGE),Koumassi,Plateau,5.288328,-3.970538,29.4,80,0.368,Congestionne,8097,713,2026-05-19,11,mardi,2026-05-19T11:12:58Z,complement,NA,Koumassi
AX_22,Boulevard du Caire Koumassi,Koumassi,Plateau,5.29283,-3.961058,24.8,50,0.496,Congestionne,9501,993,2026-05-19,11,mardi,2026-05-19T11:13:00Z,complement,NA,Koumassi
AX_23,Boulevard FHB Port-Bouet,Port-Bouet,Plateau,5.289733,-3.981778,26.4,80,0.33,Congestionne,7311,728,2026-05-19,11,mardi,2026-05-19T11:13:01Z,complement,NA,Port-Bouët
AX_24,Aeroport FHB Port-Bouet,Port-Bouet,Plateau,5.259251,-3.940046,28.4,60,0.473,Congestionne,13731,1267,2026-05-19,11,mardi,2026-05-19T11:13:02Z,complement,NA,Port-Bouët
AX_25,4eme Pont cote Attecoube,Attecoube,Plateau,5.329149,-4.051204,30.3,70,0.433,Congestionne,15940,1393,2026-05-19,11,mardi,2026-05-19T11:13:04Z,complement,NA,Attécoubé
AX_26,Marche Attecoube,Attecoube,Plateau,5.348717,-4.034145,28.6,40,0.715,Modere,5882,545,2026-05-19,11,mardi,2026-05-19T11:13:05Z,complement,NA,Attécoubé
AX_27,Mairie Anyama,Anyama,Plateau,5.507137,-4.053472,36.3,90,0.403,Congestionne,25327,1867,2026-05-19,11,mardi,2026-05-19T11:13:06Z,complement,NA,Anyama
AX_28,Marche Anyama,Anyama,Plateau,5.496204,-4.050669,36.5,50,0.73,Modere,24221,1780,2026-05-19,11,mardi,2026-05-19T11:13:08Z,complement,NA,Anyama
AX_29,Carrefour Jacqueville Songon,Songon,Plateau,5.321191,-4.231602,47.8,90,0.531,Modere,31737,1836,2026-05-19,11,mardi,2026-05-19T11:13:09Z,complement,NA,Songon
AX_30,Marche Bagnon Songon,Songon,Plateau,5.340265,-4.109843,41.7,50,0.834,Fluide,16411,1088,2026-05-19,11,mardi,2026-05-19T11:13:10Z,complement,NA,Songon
AX_21,Grand Carrefour Koumassi (VGE),Koumassi,Plateau,5.288328,-3.970538,25,80,0.312,Congestionne,8097,713,2026-05-19,12,mardi,2026-05-19T12:15:37Z,complement,NA,Koumassi
AX_22,Boulevard du Caire Koumassi,Koumassi,Plateau,5.29283,-3.961058,21.1,50,0.422,Congestionne,9501,993,2026-05-19,12,mardi,2026-05-19T12:15:38Z,complement,NA,Koumassi
AX_23,Boulevard FHB Port-Bouet,Port-Bouet,Plateau,5.289733,-3.981778,22.4,80,0.28,Bloque,7311,728,2026-05-19,12,mardi,2026-05-19T12:15:40Z,complement,NA,Port-Bouët
AX_24,Aeroport FHB Port-Bouet,Port-Bouet,Plateau,5.259251,-3.940046,24.1,60,0.402,Congestionne,13731,1267,2026-05-19,12,mardi,2026-05-19T12:15:41Z,complement,NA,Port-Bouët
AX_25,4eme Pont cote Attecoube,Attecoube,Plateau,5.329149,-4.051204,25.8,70,0.369,Congestionne,15940,1393,2026-05-19,12,mardi,2026-05-19T12:15:42Z,complement,NA,Attécoubé
AX_26,Marche Attecoube,Attecoube,Plateau,5.348717,-4.034145,24.3,40,0.608,Modere,5882,545,2026-05-19,12,mardi,2026-05-19T12:15:43Z,complement,NA,Attécoubé
AX_27,Mairie Anyama,Anyama,Plateau,5.507137,-4.053472,30.9,90,0.343,Congestionne,25327,1867,2026-05-19,12,mardi,2026-05-19T12:15:45Z,complement,NA,Anyama
AX_28,Marche Anyama,Anyama,Plateau,5.496204,-4.050669,31,50,0.62,Modere,24221,1780,2026-05-19,12,mardi,2026-05-19T12:15:46Z,complement,NA,Anyama
AX_29,Carrefour Jacqueville Songon,Songon,Plateau,5.321191,-4.231602,40.6,90,0.451,Congestionne,31737,1836,2026-05-19,12,mardi,2026-05-19T12:15:47Z,complement,NA,Songon
AX_30,Marche Bagnon Songon,Songon,Plateau,5.340265,-4.109843,35.4,50,0.708,Modere,16411,1088,2026-05-19,12,mardi,2026-05-19T12:15:49Z,complement,NA,Songon
AX_21,Grand Carrefour Koumassi (VGE),Koumassi,Plateau,5.288328,-3.970538,30.2,80,0.378,Congestionne,8097,713,2026-05-19,14,mardi,2026-05-19T14:20:40Z,complement,NA,Koumassi
AX_22,Boulevard du Caire Koumassi,Koumassi,Plateau,5.29283,-3.961058,25.4,50,0.508,Modere,9501,993,2026-05-19,14,mardi,2026-05-19T14:20:41Z,complement,NA,Koumassi
AX_23,Boulevard FHB Port-Bouet,Port-Bouet,Plateau,5.289733,-3.981778,27,80,0.338,Congestionne,7311,728,2026-05-19,14,mardi,2026-05-19T14:20:42Z,complement,NA,Port-Bouët
AX_24,Aeroport FHB Port-Bouet,Port-Bouet,Plateau,5.259251,-3.940046,29.1,60,0.485,Congestionne,13731,1267,2026-05-19,14,mardi,2026-05-19T14:20:44Z,complement,NA,Port-Bouët
AX_25,4eme Pont cote Attecoube,Attecoube,Plateau,5.329149,-4.051204,31.1,70,0.444,Congestionne,15940,1393,2026-05-19,14,mardi,2026-05-19T14:20:45Z,complement,NA,Attécoubé
AX_26,Marche Attecoube,Attecoube,Plateau,5.348717,-4.034145,29.3,40,0.733,Modere,5882,545,2026-05-19,14,mardi,2026-05-19T14:20:46Z,complement,NA,Attécoubé
AX_27,Mairie Anyama,Anyama,Plateau,5.507137,-4.053472,37.2,90,0.413,Congestionne,25327,1867,2026-05-19,14,mardi,2026-05-19T14:20:47Z,complement,NA,Anyama
AX_28,Marche Anyama,Anyama,Plateau,5.496204,-4.050669,37.4,50,0.748,Modere,24221,1780,2026-05-19,14,mardi,2026-05-19T14:20:49Z,complement,NA,Anyama
AX_29,Carrefour Jacqueville Songon,Songon,Plateau,5.321191,-4.231602,49,90,0.544,Modere,31737,1836,2026-05-19,14,mardi,2026-05-19T14:20:50Z,complement,NA,Songon
AX_30,Marche Bagnon Songon,Songon,Plateau,5.340265,-4.109843,42.7,50,0.854,Fluide,16411,1088,2026-05-19,14,mardi,2026-05-19T14:20:51Z,complement,NA,Songon
AX_21,Grand Carrefour Koumassi (VGE),Koumassi,Plateau,5.288328,-3.970538,26.5,80,0.331,Congestionne,8097,713,2026-05-19,15,mardi,2026-05-19T15:23:23Z,complement,NA,Koumassi
AX_22,Boulevard du Caire Koumassi,Koumassi,Plateau,5.29283,-3.961058,22.3,50,0.446,Congestionne,9501,993,2026-05-19,15,mardi,2026-05-19T15:23:24Z,complement,NA,Koumassi
AX_23,Boulevard FHB Port-Bouet,Port-Bouet,Plateau,5.289733,-3.981778,23.7,80,0.296,Bloque,7311,728,2026-05-19,15,mardi,2026-05-19T15:23:25Z,complement,NA,Port-Bouët
AX_24,Aeroport FHB Port-Bouet,Port-Bouet,Plateau,5.259251,-3.940046,25.6,60,0.427,Congestionne,13731,1267,2026-05-19,15,mardi,2026-05-19T15:23:26Z,complement,NA,Port-Bouët
AX_25,4eme Pont cote Attecoube,Attecoube,Plateau,5.329149,-4.051204,27.3,70,0.39,Congestionne,15940,1393,2026-05-19,15,mardi,2026-05-19T15:23:28Z,complement,NA,Attécoubé
AX_26,Marche Attecoube,Attecoube,Plateau,5.348717,-4.034145,25.8,40,0.645,Modere,5882,545,2026-05-19,15,mardi,2026-05-19T15:23:29Z,complement,NA,Attécoubé
AX_27,Mairie Anyama,Anyama,Plateau,5.507137,-4.053472,32.7,90,0.363,Congestionne,25327,1867,2026-05-19,15,mardi,2026-05-19T15:23:30Z,complement,NA,Anyama
AX_28,Marche Anyama,Anyama,Plateau,5.496204,-4.050669,32.8,50,0.656,Modere,24221,1780,2026-05-19,15,mardi,2026-05-19T15:23:32Z,complement,NA,Anyama
AX_29,Carrefour Jacqueville Songon,Songon,Plateau,5.321191,-4.231602,43,90,0.478,Congestionne,31737,1836,2026-05-19,15,mardi,2026-05-19T15:23:33Z,complement,NA,Songon
AX_30,Marche Bagnon Songon,Songon,Plateau,5.340265,-4.109843,37.5,50,0.75,Modere,16411,1088,2026-05-19,15,mardi,2026-05-19T15:23:34Z,complement,NA,Songon
AX_21,Grand Carrefour Koumassi (VGE),Koumassi,Plateau,5.288328,-3.970538,19.1,80,0.239,Bloque,8097,713,2026-05-19,16,mardi,2026-05-19T16:26:00Z,complement,NA,Koumassi
AX_22,Boulevard du Caire Koumassi,Koumassi,Plateau,5.29283,-3.961058,16.1,50,0.322,Congestionne,9501,993,2026-05-19,16,mardi,2026-05-19T16:26:01Z,complement,NA,Koumassi
AX_23,Boulevard FHB Port-Bouet,Port-Bouet,Plateau,5.289733,-3.981778,17.1,80,0.214,Bloque,7311,728,2026-05-19,16,mardi,2026-05-19T16:26:03Z,complement,NA,Port-Bouët
AX_24,Aeroport FHB Port-Bouet,Port-Bouet,Plateau,5.259251,-3.940046,18.5,60,0.308,Congestionne,13731,1267,2026-05-19,16,mardi,2026-05-19T16:26:04Z,complement,NA,Port-Bouët
AX_25,4eme Pont cote Attecoube,Attecoube,Plateau,5.329149,-4.051204,19.7,70,0.281,Bloque,15940,1393,2026-05-19,16,mardi,2026-05-19T16:26:06Z,complement,NA,Attécoubé
AX_26,Marche Attecoube,Attecoube,Plateau,5.348717,-4.034145,18.6,40,0.465,Congestionne,5882,545,2026-05-19,16,mardi,2026-05-19T16:26:07Z,complement,NA,Attécoubé
AX_27,Mairie Anyama,Anyama,Plateau,5.507137,-4.053472,23.6,90,0.262,Bloque,25327,1867,2026-05-19,16,mardi,2026-05-19T16:26:08Z,complement,NA,Anyama
AX_28,Marche Anyama,Anyama,Plateau,5.496204,-4.050669,23.7,50,0.474,Congestionne,24221,1780,2026-05-19,16,mardi,2026-05-19T16:26:10Z,complement,NA,Anyama
AX_29,Carrefour Jacqueville Songon,Songon,Plateau,5.321191,-4.231602,31.1,90,0.346,Congestionne,31737,1836,2026-05-19,16,mardi,2026-05-19T16:26:11Z,complement,NA,Songon
AX_30,Marche Bagnon Songon,Songon,Plateau,5.340265,-4.109843,27.1,50,0.542,Modere,16411,1088,2026-05-19,16,mardi,2026-05-19T16:26:12Z,complement,NA,Songon
AX_21,Grand Carrefour Koumassi (VGE),Koumassi,Plateau,5.288328,-3.970538,34.6,80,0.432,Congestionne,8097,713,2026-05-19,22,mardi,2026-05-19T22:20:20Z,complement,NA,Koumassi
AX_22,Boulevard du Caire Koumassi,Koumassi,Plateau,5.29283,-3.961058,29.1,50,0.582,Modere,9501,993,2026-05-19,22,mardi,2026-05-19T22:20:21Z,complement,NA,Koumassi
AX_23,Boulevard FHB Port-Bouet,Port-Bouet,Plateau,5.289733,-3.981778,31,80,0.388,Congestionne,7311,728,2026-05-19,22,mardi,2026-05-19T22:20:22Z,complement,NA,Port-Bouët
AX_24,Aeroport FHB Port-Bouet,Port-Bouet,Plateau,5.259251,-3.940046,33.4,60,0.557,Modere,13731,1267,2026-05-19,22,mardi,2026-05-19T22:20:24Z,complement,NA,Port-Bouët
AX_25,4eme Pont cote Attecoube,Attecoube,Plateau,5.329149,-4.051204,35.6,70,0.509,Modere,15940,1393,2026-05-19,22,mardi,2026-05-19T22:20:25Z,complement,NA,Attécoubé
AX_26,Marche Attecoube,Attecoube,Plateau,5.348717,-4.034145,33.6,40,0.84,Fluide,5882,545,2026-05-19,22,mardi,2026-05-19T22:20:26Z,complement,NA,Attécoubé
AX_27,Mairie Anyama,Anyama,Plateau,5.507137,-4.053472,42.7,90,0.474,Congestionne,25327,1867,2026-05-19,22,mardi,2026-05-19T22:20:28Z,complement,NA,Anyama
AX_28,Marche Anyama,Anyama,Plateau,5.496204,-4.050669,42.8,50,0.856,Fluide,24221,1780,2026-05-19,22,mardi,2026-05-19T22:20:29Z,complement,NA,Anyama
AX_29,Carrefour Jacqueville Songon,Songon,Plateau,5.321191,-4.231602,56.1,90,0.623,Modere,31737,1836,2026-05-19,22,mardi,2026-05-19T22:20:30Z,complement,NA,Songon
AX_30,Marche Bagnon Songon,Songon,Plateau,5.340265,-4.109843,49,50,0.98,Fluide,16411,1088,2026-05-19,22,mardi,2026-05-19T22:20:32Z,complement,NA,Songon
AX_21,Grand Carrefour Koumassi (VGE),Koumassi,Plateau,5.288328,-3.970538,29.4,80,0.368,Congestionne,8097,713,2026-05-20,11,mercredi,2026-05-20T11:51:10Z,complement,NA,Koumassi
AX_22,Boulevard du Caire Koumassi,Koumassi,Plateau,5.29283,-3.961058,24.8,50,0.496,Congestionne,9501,993,2026-05-20,11,mercredi,2026-05-20T11:51:12Z,complement,NA,Koumassi
AX_23,Boulevard FHB Port-Bouet,Port-Bouet,Plateau,5.289733,-3.981778,26.4,80,0.33,Congestionne,7311,728,2026-05-20,11,mercredi,2026-05-20T11:51:13Z,complement,NA,Port-Bouët
AX_24,Aeroport FHB Port-Bouet,Port-Bouet,Plateau,5.259251,-3.940046,28.4,60,0.473,Congestionne,13731,1267,2026-05-20,11,mercredi,2026-05-20T11:51:14Z,complement,NA,Port-Bouët
AX_25,4eme Pont cote Attecoube,Attecoube,Plateau,5.329149,-4.051204,30.3,70,0.433,Congestionne,15940,1393,2026-05-20,11,mercredi,2026-05-20T11:51:15Z,complement,NA,Attécoubé
AX_26,Marche Attecoube,Attecoube,Plateau,5.348717,-4.034145,28.6,40,0.715,Modere,5882,545,2026-05-20,11,mercredi,2026-05-20T11:51:16Z,complement,NA,Attécoubé
AX_27,Mairie Anyama,Anyama,Plateau,5.507137,-4.053472,36.3,90,0.403,Congestionne,25327,1867,2026-05-20,11,mercredi,2026-05-20T11:51:18Z,complement,NA,Anyama
AX_28,Marche Anyama,Anyama,Plateau,5.496204,-4.050669,36.5,50,0.73,Modere,24221,1780,2026-05-20,11,mercredi,2026-05-20T11:51:19Z,complement,NA,Anyama
AX_29,Carrefour Jacqueville Songon,Songon,Plateau,5.321191,-4.231602,47.8,90,0.531,Modere,31737,1836,2026-05-20,11,mercredi,2026-05-20T11:51:20Z,complement,NA,Songon
AX_30,Marche Bagnon Songon,Songon,Plateau,5.340265,-4.109843,41.7,50,0.834,Fluide,16411,1088,2026-05-20,11,mercredi,2026-05-20T11:51:21Z,complement,NA,Songon
AX_21,Grand Carrefour Koumassi (VGE),Koumassi,Plateau,5.288328,-3.970538,25,80,0.312,Congestionne,8097,713,2026-05-20,12,mercredi,2026-05-20T12:22:27Z,complement,NA,Koumassi
AX_22,Boulevard du Caire Koumassi,Koumassi,Plateau,5.29283,-3.961058,21.1,50,0.422,Congestionne,9501,993,2026-05-20,12,mercredi,2026-05-20T12:22:28Z,complement,NA,Koumassi
AX_23,Boulevard FHB Port-Bouet,Port-Bouet,Plateau,5.289733,-3.981778,22.4,80,0.28,Bloque,7311,728,2026-05-20,12,mercredi,2026-05-20T12:22:29Z,complement,NA,Port-Bouët
AX_24,Aeroport FHB Port-Bouet,Port-Bouet,Plateau,5.259251,-3.940046,24.1,60,0.402,Congestionne,13731,1267,2026-05-20,12,mercredi,2026-05-20T12:22:31Z,complement,NA,Port-Bouët
AX_25,4eme Pont cote Attecoube,Attecoube,Plateau,5.329149,-4.051204,25.8,70,0.369,Congestionne,15940,1393,2026-05-20,12,mercredi,2026-05-20T12:22:32Z,complement,NA,Attécoubé
AX_26,Marche Attecoube,Attecoube,Plateau,5.348717,-4.034145,24.3,40,0.608,Modere,5882,545,2026-05-20,12,mercredi,2026-05-20T12:22:33Z,complement,NA,Attécoubé
AX_27,Mairie Anyama,Anyama,Plateau,5.507137,-4.053472,30.9,90,0.343,Congestionne,25327,1867,2026-05-20,12,mercredi,2026-05-20T12:22:34Z,complement,NA,Anyama
AX_28,Marche Anyama,Anyama,Plateau,5.496204,-4.050669,31,50,0.62,Modere,24221,1780,2026-05-20,12,mercredi,2026-05-20T12:22:35Z,complement,NA,Anyama
AX_29,Carrefour Jacqueville Songon,Songon,Plateau,5.321191,-4.231602,40.6,90,0.451,Congestionne,31737,1836,2026-05-20,12,mercredi,2026-05-20T12:22:37Z,complement,NA,Songon
AX_30,Marche Bagnon Songon,Songon,Plateau,5.340265,-4.109843,35.4,50,0.708,Modere,16411,1088,2026-05-20,12,mercredi,2026-05-20T12:22:38Z,complement,NA,Songon
AX_21,Grand Carrefour Koumassi (VGE),Koumassi,Plateau,5.288328,-3.970538,28.7,80,0.359,Congestionne,8097,713,2026-05-20,13,mercredi,2026-05-20T13:24:54Z,complement,NA,Koumassi
AX_22,Boulevard du Caire Koumassi,Koumassi,Plateau,5.29283,-3.961058,24.1,50,0.482,Congestionne,9501,993,2026-05-20,13,mercredi,2026-05-20T13:24:55Z,complement,NA,Koumassi
AX_23,Boulevard FHB Port-Bouet,Port-Bouet,Plateau,5.289733,-3.981778,25.7,80,0.321,Congestionne,7311,728,2026-05-20,13,mercredi,2026-05-20T13:24:57Z,complement,NA,Port-Bouët
AX_24,Aeroport FHB Port-Bouet,Port-Bouet,Plateau,5.259251,-3.940046,27.7,60,0.462,Congestionne,13731,1267,2026-05-20,13,mercredi,2026-05-20T13:24:58Z,complement,NA,Port-Bouët
AX_25,4eme Pont cote Attecoube,Attecoube,Plateau,5.329149,-4.051204,29.6,70,0.423,Congestionne,15940,1393,2026-05-20,13,mercredi,2026-05-20T13:24:59Z,complement,NA,Attécoubé
AX_26,Marche Attecoube,Attecoube,Plateau,5.348717,-4.034145,27.9,40,0.698,Modere,5882,545,2026-05-20,13,mercredi,2026-05-20T13:25:00Z,complement,NA,Attécoubé
AX_27,Mairie Anyama,Anyama,Plateau,5.507137,-4.053472,35.4,90,0.393,Congestionne,25327,1867,2026-05-20,13,mercredi,2026-05-20T13:25:02Z,complement,NA,Anyama
AX_28,Marche Anyama,Anyama,Plateau,5.496204,-4.050669,35.5,50,0.71,Modere,24221,1780,2026-05-20,13,mercredi,2026-05-20T13:25:03Z,complement,NA,Anyama
AX_29,Carrefour Jacqueville Songon,Songon,Plateau,5.321191,-4.231602,46.6,90,0.518,Modere,31737,1836,2026-05-20,13,mercredi,2026-05-20T13:25:04Z,complement,NA,Songon
AX_30,Marche Bagnon Songon,Songon,Plateau,5.340265,-4.109843,40.7,50,0.814,Fluide,16411,1088,2026-05-20,13,mercredi,2026-05-20T13:25:05Z,complement,NA,Songon
AX_21,Grand Carrefour Koumassi (VGE),Koumassi,Plateau,5.288328,-3.970538,30.2,80,0.378,Congestionne,8097,713,2026-05-20,14,mercredi,2026-05-20T14:27:18Z,complement,NA,Koumassi
AX_22,Boulevard du Caire Koumassi,Koumassi,Plateau,5.29283,-3.961058,25.4,50,0.508,Modere,9501,993,2026-05-20,14,mercredi,2026-05-20T14:27:19Z,complement,NA,Koumassi
AX_23,Boulevard FHB Port-Bouet,Port-Bouet,Plateau,5.289733,-3.981778,27,80,0.338,Congestionne,7311,728,2026-05-20,14,mercredi,2026-05-20T14:27:20Z,complement,NA,Port-Bouët
AX_24,Aeroport FHB Port-Bouet,Port-Bouet,Plateau,5.259251,-3.940046,29.1,60,0.485,Congestionne,13731,1267,2026-05-20,14,mercredi,2026-05-20T14:27:21Z,complement,NA,Port-Bouët
AX_25,4eme Pont cote Attecoube,Attecoube,Plateau,5.329149,-4.051204,31.1,70,0.444,Congestionne,15940,1393,2026-05-20,14,mercredi,2026-05-20T14:27:23Z,complement,NA,Attécoubé
AX_26,Marche Attecoube,Attecoube,Plateau,5.348717,-4.034145,29.3,40,0.733,Modere,5882,545,2026-05-20,14,mercredi,2026-05-20T14:27:24Z,complement,NA,Attécoubé
AX_27,Mairie Anyama,Anyama,Plateau,5.507137,-4.053472,37.2,90,0.413,Congestionne,25327,1867,2026-05-20,14,mercredi,2026-05-20T14:27:25Z,complement,NA,Anyama
AX_28,Marche Anyama,Anyama,Plateau,5.496204,-4.050669,37.4,50,0.748,Modere,24221,1780,2026-05-20,14,mercredi,2026-05-20T14:27:27Z,complement,NA,Anyama
AX_29,Carrefour Jacqueville Songon,Songon,Plateau,5.321191,-4.231602,49,90,0.544,Modere,31737,1836,2026-05-20,14,mercredi,2026-05-20T14:27:28Z,complement,NA,Songon
AX_30,Marche Bagnon Songon,Songon,Plateau,5.340265,-4.109843,42.7,50,0.854,Fluide,16411,1088,2026-05-20,14,mercredi,2026-05-20T14:27:29Z,complement,NA,Songon
AX_21,Grand Carrefour Koumassi (VGE),Koumassi,Plateau,5.288328,-3.970538,26.5,80,0.331,Congestionne,8097,713,2026-05-20,15,mercredi,2026-05-20T15:29:54Z,complement,NA,Koumassi
AX_22,Boulevard du Caire Koumassi,Koumassi,Plateau,5.29283,-3.961058,22.3,50,0.446,Congestionne,9501,993,2026-05-20,15,mercredi,2026-05-20T15:29:55Z,complement,NA,Koumassi
AX_23,Boulevard FHB Port-Bouet,Port-Bouet,Plateau,5.289733,-3.981778,23.7,80,0.296,Bloque,7311,728,2026-05-20,15,mercredi,2026-05-20T15:29:56Z,complement,NA,Port-Bouët
AX_24,Aeroport FHB Port-Bouet,Port-Bouet,Plateau,5.259251,-3.940046,25.6,60,0.427,Congestionne,13731,1267,2026-05-20,15,mercredi,2026-05-20T15:29:57Z,complement,NA,Port-Bouët
AX_25,4eme Pont cote Attecoube,Attecoube,Plateau,5.329149,-4.051204,27.3,70,0.39,Congestionne,15940,1393,2026-05-20,15,mercredi,2026-05-20T15:29:59Z,complement,NA,Attécoubé
AX_26,Marche Attecoube,Attecoube,Plateau,5.348717,-4.034145,25.8,40,0.645,Modere,5882,545,2026-05-20,15,mercredi,2026-05-20T15:30:00Z,complement,NA,Attécoubé
AX_27,Mairie Anyama,Anyama,Plateau,5.507137,-4.053472,32.7,90,0.363,Congestionne,25327,1867,2026-05-20,15,mercredi,2026-05-20T15:30:01Z,complement,NA,Anyama
AX_28,Marche Anyama,Anyama,Plateau,5.496204,-4.050669,32.8,50,0.656,Modere,24221,1780,2026-05-20,15,mercredi,2026-05-20T15:30:03Z,complement,NA,Anyama
AX_29,Carrefour Jacqueville Songon,Songon,Plateau,5.321191,-4.231602,43,90,0.478,Congestionne,31737,1836,2026-05-20,15,mercredi,2026-05-20T15:30:04Z,complement,NA,Songon
AX_30,Marche Bagnon Songon,Songon,Plateau,5.340265,-4.109843,37.5,50,0.75,Modere,16411,1088,2026-05-20,15,mercredi,2026-05-20T15:30:05Z,complement,NA,Songon
AX_21,Grand Carrefour Koumassi (VGE),Koumassi,Plateau,5.288328,-3.970538,19.1,80,0.239,Bloque,8097,713,2026-05-20,16,mercredi,2026-05-20T16:01:12Z,complement,NA,Koumassi
AX_22,Boulevard du Caire Koumassi,Koumassi,Plateau,5.29283,-3.961058,16.1,50,0.322,Congestionne,9501,993,2026-05-20,16,mercredi,2026-05-20T16:01:14Z,complement,NA,Koumassi
AX_23,Boulevard FHB Port-Bouet,Port-Bouet,Plateau,5.289733,-3.981778,17.1,80,0.214,Bloque,7311,728,2026-05-20,16,mercredi,2026-05-20T16:01:15Z,complement,NA,Port-Bouët
AX_24,Aeroport FHB Port-Bouet,Port-Bouet,Plateau,5.259251,-3.940046,18.5,60,0.308,Congestionne,13731,1267,2026-05-20,16,mercredi,2026-05-20T16:01:16Z,complement,NA,Port-Bouët
AX_25,4eme Pont cote Attecoube,Attecoube,Plateau,5.329149,-4.051204,19.7,70,0.281,Bloque,15940,1393,2026-05-20,16,mercredi,2026-05-20T16:01:17Z,complement,NA,Attécoubé
AX_26,Marche Attecoube,Attecoube,Plateau,5.348717,-4.034145,18.6,40,0.465,Congestionne,5882,545,2026-05-20,16,mercredi,2026-05-20T16:01:19Z,complement,NA,Attécoubé
AX_27,Mairie Anyama,Anyama,Plateau,5.507137,-4.053472,23.6,90,0.262,Bloque,25327,1867,2026-05-20,16,mercredi,2026-05-20T16:01:20Z,complement,NA,Anyama
AX_28,Marche Anyama,Anyama,Plateau,5.496204,-4.050669,23.7,50,0.474,Congestionne,24221,1780,2026-05-20,16,mercredi,2026-05-20T16:01:21Z,complement,NA,Anyama
AX_29,Carrefour Jacqueville Songon,Songon,Plateau,5.321191,-4.231602,31.1,90,0.346,Congestionne,31737,1836,2026-05-20,16,mercredi,2026-05-20T16:01:22Z,complement,NA,Songon
AX_30,Marche Bagnon Songon,Songon,Plateau,5.340265,-4.109843,27.1,50,0.542,Modere,16411,1088,2026-05-20,16,mercredi,2026-05-20T16:01:24Z,complement,NA,Songon
AX_21,Grand Carrefour Koumassi (VGE),Koumassi,Plateau,5.288328,-3.970538,14,80,0.175,Bloque,8097,713,2026-05-20,17,mercredi,2026-05-20T17:03:52Z,complement,NA,Koumassi
AX_22,Boulevard du Caire Koumassi,Koumassi,Plateau,5.29283,-3.961058,11.8,50,0.236,Bloque,9501,993,2026-05-20,17,mercredi,2026-05-20T17:03:53Z,complement,NA,Koumassi
AX_23,Boulevard FHB Port-Bouet,Port-Bouet,Plateau,5.289733,-3.981778,12.5,80,0.156,Bloque,7311,728,2026-05-20,17,mercredi,2026-05-20T17:03:54Z,complement,NA,Port-Bouët
AX_24,Aeroport FHB Port-Bouet,Port-Bouet,Plateau,5.259251,-3.940046,13.5,60,0.225,Bloque,13731,1267,2026-05-20,17,mercredi,2026-05-20T17:03:56Z,complement,NA,Port-Bouët
AX_25,4eme Pont cote Attecoube,Attecoube,Plateau,5.329149,-4.051204,14.4,70,0.206,Bloque,15940,1393,2026-05-20,17,mercredi,2026-05-20T17:03:57Z,complement,NA,Attécoubé
AX_26,Marche Attecoube,Attecoube,Plateau,5.348717,-4.034145,13.6,40,0.34,Congestionne,5882,545,2026-05-20,17,mercredi,2026-05-20T17:03:58Z,complement,NA,Attécoubé
AX_27,Mairie Anyama,Anyama,Plateau,5.507137,-4.053472,17.2,90,0.191,Bloque,25327,1867,2026-05-20,17,mercredi,2026-05-20T17:04:00Z,complement,NA,Anyama
AX_28,Marche Anyama,Anyama,Plateau,5.496204,-4.050669,17.3,50,0.346,Congestionne,24221,1780,2026-05-20,17,mercredi,2026-05-20T17:04:01Z,complement,NA,Anyama
AX_29,Carrefour Jacqueville Songon,Songon,Plateau,5.321191,-4.231602,22.7,90,0.252,Bloque,31737,1836,2026-05-20,17,mercredi,2026-05-20T17:04:02Z,complement,NA,Songon
AX_30,Marche Bagnon Songon,Songon,Plateau,5.340265,-4.109843,19.8,50,0.396,Congestionne,16411,1088,2026-05-20,17,mercredi,2026-05-20T17:04:03Z,complement,NA,Songon
AX_21,Grand Carrefour Koumassi (VGE),Koumassi,Plateau,5.288328,-3.970538,28.7,80,0.359,Congestionne,8097,713,2026-05-20,20,mercredi,2026-05-20T20:34:39Z,complement,NA,Koumassi
AX_22,Boulevard du Caire Koumassi,Koumassi,Plateau,5.29283,-3.961058,24.1,50,0.482,Congestionne,9501,993,2026-05-20,20,mercredi,2026-05-20T20:34:40Z,complement,NA,Koumassi
AX_23,Boulevard FHB Port-Bouet,Port-Bouet,Plateau,5.289733,-3.981778,25.7,80,0.321,Congestionne,7311,728,2026-05-20,20,mercredi,2026-05-20T20:34:42Z,complement,NA,Port-Bouët
AX_24,Aeroport FHB Port-Bouet,Port-Bouet,Plateau,5.259251,-3.940046,27.7,60,0.462,Congestionne,13731,1267,2026-05-20,20,mercredi,2026-05-20T20:34:43Z,complement,NA,Port-Bouët
AX_25,4eme Pont cote Attecoube,Attecoube,Plateau,5.329149,-4.051204,29.6,70,0.423,Congestionne,15940,1393,2026-05-20,20,mercredi,2026-05-20T20:34:44Z,complement,NA,Attécoubé
AX_26,Marche Attecoube,Attecoube,Plateau,5.348717,-4.034145,27.9,40,0.698,Modere,5882,545,2026-05-20,20,mercredi,2026-05-20T20:34:45Z,complement,NA,Attécoubé
AX_27,Mairie Anyama,Anyama,Plateau,5.507137,-4.053472,35.4,90,0.393,Congestionne,25327,1867,2026-05-20,20,mercredi,2026-05-20T20:34:46Z,complement,NA,Anyama
AX_28,Marche Anyama,Anyama,Plateau,5.496204,-4.050669,35.5,50,0.71,Modere,24221,1780,2026-05-20,20,mercredi,2026-05-20T20:34:48Z,complement,NA,Anyama
AX_29,Carrefour Jacqueville Songon,Songon,Plateau,5.321191,-4.231602,46.6,90,0.518,Modere,31737,1836,2026-05-20,20,mercredi,2026-05-20T20:34:49Z,complement,NA,Songon
AX_30,Marche Bagnon Songon,Songon,Plateau,5.340265,-4.109843,40.7,50,0.814,Fluide,16411,1088,2026-05-20,20,mercredi,2026-05-20T20:34:50Z,complement,NA,Songon
AX_21,Grand Carrefour Koumassi (VGE),Koumassi,Plateau,5.288328,-3.970538,32.4,80,0.405,Congestionne,8097,713,2026-05-20,21,mercredi,2026-05-20T21:06:06Z,complement,NA,Koumassi
AX_22,Boulevard du Caire Koumassi,Koumassi,Plateau,5.29283,-3.961058,27.2,50,0.544,Modere,9501,993,2026-05-20,21,mercredi,2026-05-20T21:06:07Z,complement,NA,Koumassi
AX_23,Boulevard FHB Port-Bouet,Port-Bouet,Plateau,5.289733,-3.981778,29,80,0.362,Congestionne,7311,728,2026-05-20,21,mercredi,2026-05-20T21:06:09Z,complement,NA,Port-Bouët
AX_24,Aeroport FHB Port-Bouet,Port-Bouet,Plateau,5.259251,-3.940046,31.2,60,0.52,Modere,13731,1267,2026-05-20,21,mercredi,2026-05-20T21:06:10Z,complement,NA,Port-Bouët
AX_25,4eme Pont cote Attecoube,Attecoube,Plateau,5.329149,-4.051204,33.4,70,0.477,Congestionne,15940,1393,2026-05-20,21,mercredi,2026-05-20T21:06:11Z,complement,NA,Attécoubé
AX_26,Marche Attecoube,Attecoube,Plateau,5.348717,-4.034145,31.5,40,0.787,Modere,5882,545,2026-05-20,21,mercredi,2026-05-20T21:06:12Z,complement,NA,Attécoubé
AX_27,Mairie Anyama,Anyama,Plateau,5.507137,-4.053472,39.9,90,0.443,Congestionne,25327,1867,2026-05-20,21,mercredi,2026-05-20T21:06:14Z,complement,NA,Anyama
AX_28,Marche Anyama,Anyama,Plateau,5.496204,-4.050669,40.1,50,0.802,Fluide,24221,1780,2026-05-20,21,mercredi,2026-05-20T21:06:15Z,complement,NA,Anyama
AX_29,Carrefour Jacqueville Songon,Songon,Plateau,5.321191,-4.231602,52.5,90,0.583,Modere,31737,1836,2026-05-20,21,mercredi,2026-05-20T21:06:16Z,complement,NA,Songon
AX_30,Marche Bagnon Songon,Songon,Plateau,5.340265,-4.109843,45.9,50,0.918,Fluide,16411,1088,2026-05-20,21,mercredi,2026-05-20T21:06:17Z,complement,NA,Songon
AX_21,Grand Carrefour Koumassi (VGE),Koumassi,Plateau,5.288328,-3.970538,34.6,80,0.432,Congestionne,8097,713,2026-05-20,22,mercredi,2026-05-20T22:09:10Z,complement,NA,Koumassi
AX_22,Boulevard du Caire Koumassi,Koumassi,Plateau,5.29283,-3.961058,29.1,50,0.582,Modere,9501,993,2026-05-20,22,mercredi,2026-05-20T22:09:11Z,complement,NA,Koumassi
AX_23,Boulevard FHB Port-Bouet,Port-Bouet,Plateau,5.289733,-3.981778,31,80,0.388,Congestionne,7311,728,2026-05-20,22,mercredi,2026-05-20T22:09:13Z,complement,NA,Port-Bouët
AX_24,Aeroport FHB Port-Bouet,Port-Bouet,Plateau,5.259251,-3.940046,33.4,60,0.557,Modere,13731,1267,2026-05-20,22,mercredi,2026-05-20T22:09:14Z,complement,NA,Port-Bouët
AX_25,4eme Pont cote Attecoube,Attecoube,Plateau,5.329149,-4.051204,35.6,70,0.509,Modere,15940,1393,2026-05-20,22,mercredi,2026-05-20T22:09:15Z,complement,NA,Attécoubé
AX_26,Marche Attecoube,Attecoube,Plateau,5.348717,-4.034145,33.6,40,0.84,Fluide,5882,545,2026-05-20,22,mercredi,2026-05-20T22:09:16Z,complement,NA,Attécoubé
AX_27,Mairie Anyama,Anyama,Plateau,5.507137,-4.053472,42.7,90,0.474,Congestionne,25327,1867,2026-05-20,22,mercredi,2026-05-20T22:09:18Z,complement,NA,Anyama
AX_28,Marche Anyama,Anyama,Plateau,5.496204,-4.050669,42.8,50,0.856,Fluide,24221,1780,2026-05-20,22,mercredi,2026-05-20T22:09:19Z,complement,NA,Anyama
AX_29,Carrefour Jacqueville Songon,Songon,Plateau,5.321191,-4.231602,56.1,90,0.623,Modere,31737,1836,2026-05-20,22,mercredi,2026-05-20T22:09:20Z,complement,NA,Songon
AX_30,Marche Bagnon Songon,Songon,Plateau,5.340265,-4.109843,49,50,0.98,Fluide,16411,1088,2026-05-20,22,mercredi,2026-05-20T22:09:21Z,complement,NA,Songon
AX_21,Grand Carrefour Koumassi (VGE),Koumassi,Plateau,5.288328,-3.970538,36.1,80,0.451,Congestionne,8097,713,2026-05-20,23,mercredi,2026-05-20T23:12:04Z,complement,NA,Koumassi
AX_22,Boulevard du Caire Koumassi,Koumassi,Plateau,5.29283,-3.961058,30.3,50,0.606,Modere,9501,993,2026-05-20,23,mercredi,2026-05-20T23:12:06Z,complement,NA,Koumassi
AX_23,Boulevard FHB Port-Bouet,Port-Bouet,Plateau,5.289733,-3.981778,32.3,80,0.404,Congestionne,7311,728,2026-05-20,23,mercredi,2026-05-20T23:12:07Z,complement,NA,Port-Bouët
AX_24,Aeroport FHB Port-Bouet,Port-Bouet,Plateau,5.259251,-3.940046,34.8,60,0.58,Modere,13731,1267,2026-05-20,23,mercredi,2026-05-20T23:12:08Z,complement,NA,Port-Bouët
AX_25,4eme Pont cote Attecoube,Attecoube,Plateau,5.329149,-4.051204,37.1,70,0.53,Modere,15940,1393,2026-05-20,23,mercredi,2026-05-20T23:12:09Z,complement,NA,Attécoubé
AX_26,Marche Attecoube,Attecoube,Plateau,5.348717,-4.034145,35.1,40,0.878,Fluide,5882,545,2026-05-20,23,mercredi,2026-05-20T23:12:10Z,complement,NA,Attécoubé
AX_27,Mairie Anyama,Anyama,Plateau,5.507137,-4.053472,44.5,90,0.494,Congestionne,25327,1867,2026-05-20,23,mercredi,2026-05-20T23:12:12Z,complement,NA,Anyama
AX_28,Marche Anyama,Anyama,Plateau,5.496204,-4.050669,44.7,50,0.894,Fluide,24221,1780,2026-05-20,23,mercredi,2026-05-20T23:12:13Z,complement,NA,Anyama
AX_29,Carrefour Jacqueville Songon,Songon,Plateau,5.321191,-4.231602,58.5,90,0.65,Modere,31737,1836,2026-05-20,23,mercredi,2026-05-20T23:12:14Z,complement,NA,Songon
AX_30,Marche Bagnon Songon,Songon,Plateau,5.340265,-4.109843,51.1,50,1,Fluide,16411,1088,2026-05-20,23,mercredi,2026-05-20T23:12:15Z,complement,NA,Songon
AX_21,Grand Carrefour Koumassi (VGE),Koumassi,Plateau,5.288328,-3.970538,36.8,80,0.46,Congestionne,8097,713,2026-05-21,0,jeudi,2026-05-21T00:14:52Z,complement,NA,Koumassi
AX_22,Boulevard du Caire Koumassi,Koumassi,Plateau,5.29283,-3.961058,31,50,0.62,Modere,9501,993,2026-05-21,0,jeudi,2026-05-21T00:14:53Z,complement,NA,Koumassi
AX_23,Boulevard FHB Port-Bouet,Port-Bouet,Plateau,5.289733,-3.981778,32.9,80,0.411,Congestionne,7311,728,2026-05-21,0,jeudi,2026-05-21T00:14:54Z,complement,NA,Port-Bouët
AX_24,Aeroport FHB Port-Bouet,Port-Bouet,Plateau,5.259251,-3.940046,35.5,60,0.592,Modere,13731,1267,2026-05-21,0,jeudi,2026-05-21T00:14:55Z,complement,NA,Port-Bouët
AX_25,4eme Pont cote Attecoube,Attecoube,Plateau,5.329149,-4.051204,37.9,70,0.541,Modere,15940,1393,2026-05-21,0,jeudi,2026-05-21T00:14:57Z,complement,NA,Attécoubé
AX_26,Marche Attecoube,Attecoube,Plateau,5.348717,-4.034145,35.8,40,0.895,Fluide,5882,545,2026-05-21,0,jeudi,2026-05-21T00:14:58Z,complement,NA,Attécoubé
AX_27,Mairie Anyama,Anyama,Plateau,5.507137,-4.053472,45.4,90,0.504,Modere,25327,1867,2026-05-21,0,jeudi,2026-05-21T00:14:59Z,complement,NA,Anyama
AX_28,Marche Anyama,Anyama,Plateau,5.496204,-4.050669,45.6,50,0.912,Fluide,24221,1780,2026-05-21,0,jeudi,2026-05-21T00:15:00Z,complement,NA,Anyama
AX_29,Carrefour Jacqueville Songon,Songon,Plateau,5.321191,-4.231602,59.7,90,0.663,Modere,31737,1836,2026-05-21,0,jeudi,2026-05-21T00:15:02Z,complement,NA,Songon
AX_30,Marche Bagnon Songon,Songon,Plateau,5.340265,-4.109843,52.1,50,1,Fluide,16411,1088,2026-05-21,0,jeudi,2026-05-21T00:15:03Z,complement,NA,Songon
AX_21,Grand Carrefour Koumassi (VGE),Koumassi,Plateau,5.288328,-3.970538,36.8,80,0.46,Congestionne,8097,713,2026-05-21,1,jeudi,2026-05-21T01:17:27Z,complement,NA,Koumassi
AX_22,Boulevard du Caire Koumassi,Koumassi,Plateau,5.29283,-3.961058,31,50,0.62,Modere,9501,993,2026-05-21,1,jeudi,2026-05-21T01:17:28Z,complement,NA,Koumassi
AX_23,Boulevard FHB Port-Bouet,Port-Bouet,Plateau,5.289733,-3.981778,32.9,80,0.411,Congestionne,7311,728,2026-05-21,1,jeudi,2026-05-21T01:17:29Z,complement,NA,Port-Bouët
AX_24,Aeroport FHB Port-Bouet,Port-Bouet,Plateau,5.259251,-3.940046,35.5,60,0.592,Modere,13731,1267,2026-05-21,1,jeudi,2026-05-21T01:17:30Z,complement,NA,Port-Bouët
AX_25,4eme Pont cote Attecoube,Attecoube,Plateau,5.329149,-4.051204,37.9,70,0.541,Modere,15940,1393,2026-05-21,1,jeudi,2026-05-21T01:17:31Z,complement,NA,Attécoubé
AX_26,Marche Attecoube,Attecoube,Plateau,5.348717,-4.034145,35.8,40,0.895,Fluide,5882,545,2026-05-21,1,jeudi,2026-05-21T01:17:33Z,complement,NA,Attécoubé
AX_27,Mairie Anyama,Anyama,Plateau,5.507137,-4.053472,45.4,90,0.504,Modere,25327,1867,2026-05-21,1,jeudi,2026-05-21T01:17:34Z,complement,NA,Anyama
AX_28,Marche Anyama,Anyama,Plateau,5.496204,-4.050669,45.6,50,0.912,Fluide,24221,1780,2026-05-21,1,jeudi,2026-05-21T01:17:35Z,complement,NA,Anyama
AX_29,Carrefour Jacqueville Songon,Songon,Plateau,5.321191,-4.231602,59.7,90,0.663,Modere,31737,1836,2026-05-21,1,jeudi,2026-05-21T01:17:36Z,complement,NA,Songon
AX_30,Marche Bagnon Songon,Songon,Plateau,5.340265,-4.109843,52.1,50,1,Fluide,16411,1088,2026-05-21,1,jeudi,2026-05-21T01:17:38Z,complement,NA,Songon
AX_21,Grand Carrefour Koumassi (VGE),Koumassi,Plateau,5.288328,-3.970538,36.8,80,0.46,Congestionne,8097,713,2026-05-21,2,jeudi,2026-05-21T02:20:01Z,complement,NA,Koumassi
AX_22,Boulevard du Caire Koumassi,Koumassi,Plateau,5.29283,-3.961058,31,50,0.62,Modere,9501,993,2026-05-21,2,jeudi,2026-05-21T02:20:02Z,complement,NA,Koumassi
AX_23,Boulevard FHB Port-Bouet,Port-Bouet,Plateau,5.289733,-3.981778,32.9,80,0.411,Congestionne,7311,728,2026-05-21,2,jeudi,2026-05-21T02:20:03Z,complement,NA,Port-Bouët
AX_24,Aeroport FHB Port-Bouet,Port-Bouet,Plateau,5.259251,-3.940046,35.5,60,0.592,Modere,13731,1267,2026-05-21,2,jeudi,2026-05-21T02:20:04Z,complement,NA,Port-Bouët
AX_25,4eme Pont cote Attecoube,Attecoube,Plateau,5.329149,-4.051204,37.9,70,0.541,Modere,15940,1393,2026-05-21,2,jeudi,2026-05-21T02:20:06Z,complement,NA,Attécoubé
AX_26,Marche Attecoube,Attecoube,Plateau,5.348717,-4.034145,35.8,40,0.895,Fluide,5882,545,2026-05-21,2,jeudi,2026-05-21T02:20:07Z,complement,NA,Attécoubé
AX_27,Mairie Anyama,Anyama,Plateau,5.507137,-4.053472,45.4,90,0.504,Modere,25327,1867,2026-05-21,2,jeudi,2026-05-21T02:20:08Z,complement,NA,Anyama
AX_28,Marche Anyama,Anyama,Plateau,5.496204,-4.050669,45.6,50,0.912,Fluide,24221,1780,2026-05-21,2,jeudi,2026-05-21T02:20:09Z,complement,NA,Anyama
AX_29,Carrefour Jacqueville Songon,Songon,Plateau,5.321191,-4.231602,59.7,90,0.663,Modere,31737,1836,2026-05-21,2,jeudi,2026-05-21T02:20:10Z,complement,NA,Songon
AX_30,Marche Bagnon Songon,Songon,Plateau,5.340265,-4.109843,52.1,50,1,Fluide,16411,1088,2026-05-21,2,jeudi,2026-05-21T02:20:12Z,complement,NA,Songon
AX_21,Grand Carrefour Koumassi (VGE),Koumassi,Plateau,5.288328,-3.970538,36.8,80,0.46,Congestionne,8097,713,2026-05-21,3,jeudi,2026-05-21T03:22:35Z,complement,NA,Koumassi
AX_22,Boulevard du Caire Koumassi,Koumassi,Plateau,5.29283,-3.961058,31,50,0.62,Modere,9501,993,2026-05-21,3,jeudi,2026-05-21T03:22:36Z,complement,NA,Koumassi
AX_23,Boulevard FHB Port-Bouet,Port-Bouet,Plateau,5.289733,-3.981778,32.9,80,0.411,Congestionne,7311,728,2026-05-21,3,jeudi,2026-05-21T03:22:37Z,complement,NA,Port-Bouët
AX_24,Aeroport FHB Port-Bouet,Port-Bouet,Plateau,5.259251,-3.940046,35.5,60,0.592,Modere,13731,1267,2026-05-21,3,jeudi,2026-05-21T03:22:39Z,complement,NA,Port-Bouët
AX_25,4eme Pont cote Attecoube,Attecoube,Plateau,5.329149,-4.051204,37.9,70,0.541,Modere,15940,1393,2026-05-21,3,jeudi,2026-05-21T03:22:40Z,complement,NA,Attécoubé
AX_26,Marche Attecoube,Attecoube,Plateau,5.348717,-4.034145,35.8,40,0.895,Fluide,5882,545,2026-05-21,3,jeudi,2026-05-21T03:22:41Z,complement,NA,Attécoubé
AX_27,Mairie Anyama,Anyama,Plateau,5.507137,-4.053472,45.4,90,0.504,Modere,25327,1867,2026-05-21,3,jeudi,2026-05-21T03:22:42Z,complement,NA,Anyama
AX_28,Marche Anyama,Anyama,Plateau,5.496204,-4.050669,45.6,50,0.912,Fluide,24221,1780,2026-05-21,3,jeudi,2026-05-21T03:22:43Z,complement,NA,Anyama
AX_29,Carrefour Jacqueville Songon,Songon,Plateau,5.321191,-4.231602,59.7,90,0.663,Modere,31737,1836,2026-05-21,3,jeudi,2026-05-21T03:22:45Z,complement,NA,Songon
AX_30,Marche Bagnon Songon,Songon,Plateau,5.340265,-4.109843,52.1,50,1,Fluide,16411,1088,2026-05-21,3,jeudi,2026-05-21T03:22:46Z,complement,NA,Songon
AX_21,Grand Carrefour Koumassi (VGE),Koumassi,Plateau,5.288328,-3.970538,36.8,80,0.46,Congestionne,8097,713,2026-05-21,4,jeudi,2026-05-21T04:25:09Z,complement,NA,Koumassi
AX_22,Boulevard du Caire Koumassi,Koumassi,Plateau,5.29283,-3.961058,31,50,0.62,Modere,9501,993,2026-05-21,4,jeudi,2026-05-21T04:25:11Z,complement,NA,Koumassi
AX_23,Boulevard FHB Port-Bouet,Port-Bouet,Plateau,5.289733,-3.981778,32.9,80,0.411,Congestionne,7311,728,2026-05-21,4,jeudi,2026-05-21T04:25:12Z,complement,NA,Port-Bouët
AX_24,Aeroport FHB Port-Bouet,Port-Bouet,Plateau,5.259251,-3.940046,35.5,60,0.592,Modere,13731,1267,2026-05-21,4,jeudi,2026-05-21T04:25:13Z,complement,NA,Port-Bouët
AX_25,4eme Pont cote Attecoube,Attecoube,Plateau,5.329149,-4.051204,37.9,70,0.541,Modere,15940,1393,2026-05-21,4,jeudi,2026-05-21T04:25:14Z,complement,NA,Attécoubé
AX_26,Marche Attecoube,Attecoube,Plateau,5.348717,-4.034145,35.8,40,0.895,Fluide,5882,545,2026-05-21,4,jeudi,2026-05-21T04:25:16Z,complement,NA,Attécoubé
AX_27,Mairie Anyama,Anyama,Plateau,5.507137,-4.053472,45.4,90,0.504,Modere,25327,1867,2026-05-21,4,jeudi,2026-05-21T04:25:17Z,complement,NA,Anyama
AX_28,Marche Anyama,Anyama,Plateau,5.496204,-4.050669,45.6,50,0.912,Fluide,24221,1780,2026-05-21,4,jeudi,2026-05-21T04:25:18Z,complement,NA,Anyama
AX_29,Carrefour Jacqueville Songon,Songon,Plateau,5.321191,-4.231602,59.7,90,0.663,Modere,31737,1836,2026-05-21,4,jeudi,2026-05-21T04:25:19Z,complement,NA,Songon
AX_30,Marche Bagnon Songon,Songon,Plateau,5.340265,-4.109843,52.1,50,1,Fluide,16411,1088,2026-05-21,4,jeudi,2026-05-21T04:25:21Z,complement,NA,Songon
AX_21,Grand Carrefour Koumassi (VGE),Koumassi,Plateau,5.288328,-3.970538,33.9,80,0.424,Congestionne,8097,713,2026-05-21,5,jeudi,2026-05-21T05:27:43Z,complement,NA,Koumassi
AX_22,Boulevard du Caire Koumassi,Koumassi,Plateau,5.29283,-3.961058,28.5,50,0.57,Modere,9501,993,2026-05-21,5,jeudi,2026-05-21T05:27:44Z,complement,NA,Koumassi
AX_23,Boulevard FHB Port-Bouet,Port-Bouet,Plateau,5.289733,-3.981778,30.3,80,0.379,Congestionne,7311,728,2026-05-21,5,jeudi,2026-05-21T05:27:46Z,complement,NA,Port-Bouët
AX_24,Aeroport FHB Port-Bouet,Port-Bouet,Plateau,5.259251,-3.940046,32.7,60,0.545,Modere,13731,1267,2026-05-21,5,jeudi,2026-05-21T05:27:47Z,complement,NA,Port-Bouët
AX_25,4eme Pont cote Attecoube,Attecoube,Plateau,5.329149,-4.051204,34.9,70,0.499,Congestionne,15940,1393,2026-05-21,5,jeudi,2026-05-21T05:27:48Z,complement,NA,Attécoubé
AX_26,Marche Attecoube,Attecoube,Plateau,5.348717,-4.034145,32.9,40,0.823,Fluide,5882,545,2026-05-21,5,jeudi,2026-05-21T05:27:49Z,complement,NA,Attécoubé
AX_27,Mairie Anyama,Anyama,Plateau,5.507137,-4.053472,41.8,90,0.464,Congestionne,25327,1867,2026-05-21,5,jeudi,2026-05-21T05:27:51Z,complement,NA,Anyama
AX_28,Marche Anyama,Anyama,Plateau,5.496204,-4.050669,41.9,50,0.838,Fluide,24221,1780,2026-05-21,5,jeudi,2026-05-21T05:27:52Z,complement,NA,Anyama
AX_29,Carrefour Jacqueville Songon,Songon,Plateau,5.321191,-4.231602,54.9,90,0.61,Modere,31737,1836,2026-05-21,5,jeudi,2026-05-21T05:27:53Z,complement,NA,Songon
AX_30,Marche Bagnon Songon,Songon,Plateau,5.340265,-4.109843,48,50,0.96,Fluide,16411,1088,2026-05-21,5,jeudi,2026-05-21T05:27:54Z,complement,NA,Songon
AX_21,Grand Carrefour Koumassi (VGE),Koumassi,Plateau,5.288328,-3.970538,27.6,80,0.345,Congestionne,8097,713,2026-05-21,6,jeudi,2026-05-21T06:30:18Z,complement,NA,Koumassi
AX_22,Boulevard du Caire Koumassi,Koumassi,Plateau,5.29283,-3.961058,23.2,50,0.464,Congestionne,9501,993,2026-05-21,6,jeudi,2026-05-21T06:30:19Z,complement,NA,Koumassi
AX_23,Boulevard FHB Port-Bouet,Port-Bouet,Plateau,5.289733,-3.981778,24.7,80,0.309,Congestionne,7311,728,2026-05-21,6,jeudi,2026-05-21T06:30:21Z,complement,NA,Port-Bouët
AX_24,Aeroport FHB Port-Bouet,Port-Bouet,Plateau,5.259251,-3.940046,26.6,60,0.443,Congestionne,13731,1267,2026-05-21,6,jeudi,2026-05-21T06:30:22Z,complement,NA,Port-Bouët
AX_25,4eme Pont cote Attecoube,Attecoube,Plateau,5.329149,-4.051204,28.4,70,0.406,Congestionne,15940,1393,2026-05-21,6,jeudi,2026-05-21T06:30:23Z,complement,NA,Attécoubé
AX_26,Marche Attecoube,Attecoube,Plateau,5.348717,-4.034145,26.8,40,0.67,Modere,5882,545,2026-05-21,6,jeudi,2026-05-21T06:30:24Z,complement,NA,Attécoubé
AX_27,Mairie Anyama,Anyama,Plateau,5.507137,-4.053472,34,90,0.378,Congestionne,25327,1867,2026-05-21,6,jeudi,2026-05-21T06:30:25Z,complement,NA,Anyama
AX_28,Marche Anyama,Anyama,Plateau,5.496204,-4.050669,34.2,50,0.684,Modere,24221,1780,2026-05-21,6,jeudi,2026-05-21T06:30:27Z,complement,NA,Anyama
AX_29,Carrefour Jacqueville Songon,Songon,Plateau,5.321191,-4.231602,44.8,90,0.498,Congestionne,31737,1836,2026-05-21,6,jeudi,2026-05-21T06:30:28Z,complement,NA,Songon
AX_30,Marche Bagnon Songon,Songon,Plateau,5.340265,-4.109843,39.1,50,0.782,Modere,16411,1088,2026-05-21,6,jeudi,2026-05-21T06:30:29Z,complement,NA,Songon
AX_21,Grand Carrefour Koumassi (VGE),Koumassi,Plateau,5.288328,-3.970538,19.1,80,0.239,Bloque,8097,713,2026-05-21,7,jeudi,2026-05-21T07:01:35Z,complement,NA,Koumassi
AX_22,Boulevard du Caire Koumassi,Koumassi,Plateau,5.29283,-3.961058,16.1,50,0.322,Congestionne,9501,993,2026-05-21,7,jeudi,2026-05-21T07:01:36Z,complement,NA,Koumassi
AX_23,Boulevard FHB Port-Bouet,Port-Bouet,Plateau,5.289733,-3.981778,17.1,80,0.214,Bloque,7311,728,2026-05-21,7,jeudi,2026-05-21T07:01:38Z,complement,NA,Port-Bouët
AX_24,Aeroport FHB Port-Bouet,Port-Bouet,Plateau,5.259251,-3.940046,18.5,60,0.308,Congestionne,13731,1267,2026-05-21,7,jeudi,2026-05-21T07:01:39Z,complement,NA,Port-Bouët
AX_25,4eme Pont cote Attecoube,Attecoube,Plateau,5.329149,-4.051204,19.7,70,0.281,Bloque,15940,1393,2026-05-21,7,jeudi,2026-05-21T07:01:40Z,complement,NA,Attécoubé
AX_26,Marche Attecoube,Attecoube,Plateau,5.348717,-4.034145,18.6,40,0.465,Congestionne,5882,545,2026-05-21,7,jeudi,2026-05-21T07:01:41Z,complement,NA,Attécoubé
AX_27,Mairie Anyama,Anyama,Plateau,5.507137,-4.053472,23.6,90,0.262,Bloque,25327,1867,2026-05-21,7,jeudi,2026-05-21T07:01:43Z,complement,NA,Anyama
AX_28,Marche Anyama,Anyama,Plateau,5.496204,-4.050669,23.7,50,0.474,Congestionne,24221,1780,2026-05-21,7,jeudi,2026-05-21T07:01:44Z,complement,NA,Anyama
AX_29,Carrefour Jacqueville Songon,Songon,Plateau,5.321191,-4.231602,31.1,90,0.346,Congestionne,31737,1836,2026-05-21,7,jeudi,2026-05-21T07:01:45Z,complement,NA,Songon
AX_30,Marche Bagnon Songon,Songon,Plateau,5.340265,-4.109843,27.1,50,0.542,Modere,16411,1088,2026-05-21,7,jeudi,2026-05-21T07:01:46Z,complement,NA,Songon
AX_21,Grand Carrefour Koumassi (VGE),Koumassi,Plateau,5.288328,-3.970538,14,80,0.175,Bloque,8097,713,2026-05-21,8,jeudi,2026-05-21T08:04:09Z,complement,NA,Koumassi
AX_22,Boulevard du Caire Koumassi,Koumassi,Plateau,5.29283,-3.961058,11.8,50,0.236,Bloque,9501,993,2026-05-21,8,jeudi,2026-05-21T08:04:11Z,complement,NA,Koumassi
AX_23,Boulevard FHB Port-Bouet,Port-Bouet,Plateau,5.289733,-3.981778,12.5,80,0.156,Bloque,7311,728,2026-05-21,8,jeudi,2026-05-21T08:04:12Z,complement,NA,Port-Bouët
AX_24,Aeroport FHB Port-Bouet,Port-Bouet,Plateau,5.259251,-3.940046,13.5,60,0.225,Bloque,13731,1267,2026-05-21,8,jeudi,2026-05-21T08:04:13Z,complement,NA,Port-Bouët
AX_25,4eme Pont cote Attecoube,Attecoube,Plateau,5.329149,-4.051204,14.4,70,0.206,Bloque,15940,1393,2026-05-21,8,jeudi,2026-05-21T08:04:14Z,complement,NA,Attécoubé
AX_26,Marche Attecoube,Attecoube,Plateau,5.348717,-4.034145,13.6,40,0.34,Congestionne,5882,545,2026-05-21,8,jeudi,2026-05-21T08:04:15Z,complement,NA,Attécoubé
AX_27,Mairie Anyama,Anyama,Plateau,5.507137,-4.053472,17.2,90,0.191,Bloque,25327,1867,2026-05-21,8,jeudi,2026-05-21T08:04:17Z,complement,NA,Anyama
AX_28,Marche Anyama,Anyama,Plateau,5.496204,-4.050669,17.3,50,0.346,Congestionne,24221,1780,2026-05-21,8,jeudi,2026-05-21T08:04:18Z,complement,NA,Anyama
AX_29,Carrefour Jacqueville Songon,Songon,Plateau,5.321191,-4.231602,22.7,90,0.252,Bloque,31737,1836,2026-05-21,8,jeudi,2026-05-21T08:04:19Z,complement,NA,Songon
AX_30,Marche Bagnon Songon,Songon,Plateau,5.340265,-4.109843,19.8,50,0.396,Congestionne,16411,1088,2026-05-21,8,jeudi,2026-05-21T08:04:20Z,complement,NA,Songon
AX_21,Grand Carrefour Koumassi (VGE),Koumassi,Plateau,5.288328,-3.970538,26.5,80,0.331,Congestionne,8097,713,2026-05-21,10,jeudi,2026-05-21T10:44:10Z,complement,NA,Koumassi
AX_22,Boulevard du Caire Koumassi,Koumassi,Plateau,5.29283,-3.961058,22.3,50,0.446,Congestionne,9501,993,2026-05-21,10,jeudi,2026-05-21T10:44:11Z,complement,NA,Koumassi
AX_23,Boulevard FHB Port-Bouet,Port-Bouet,Plateau,5.289733,-3.981778,23.7,80,0.296,Bloque,7311,728,2026-05-21,10,jeudi,2026-05-21T10:44:12Z,complement,NA,Port-Bouët
AX_24,Aeroport FHB Port-Bouet,Port-Bouet,Plateau,5.259251,-3.940046,25.6,60,0.427,Congestionne,13731,1267,2026-05-21,10,jeudi,2026-05-21T10:44:14Z,complement,NA,Port-Bouët
AX_25,4eme Pont cote Attecoube,Attecoube,Plateau,5.329149,-4.051204,27.3,70,0.39,Congestionne,15940,1393,2026-05-21,10,jeudi,2026-05-21T10:44:15Z,complement,NA,Attécoubé
AX_26,Marche Attecoube,Attecoube,Plateau,5.348717,-4.034145,25.8,40,0.645,Modere,5882,545,2026-05-21,10,jeudi,2026-05-21T10:44:16Z,complement,NA,Attécoubé
AX_27,Mairie Anyama,Anyama,Plateau,5.507137,-4.053472,32.7,90,0.363,Congestionne,25327,1867,2026-05-21,10,jeudi,2026-05-21T10:44:17Z,complement,NA,Anyama
AX_28,Marche Anyama,Anyama,Plateau,5.496204,-4.050669,32.8,50,0.656,Modere,24221,1780,2026-05-21,10,jeudi,2026-05-21T10:44:19Z,complement,NA,Anyama
AX_29,Carrefour Jacqueville Songon,Songon,Plateau,5.321191,-4.231602,43,90,0.478,Congestionne,31737,1836,2026-05-21,10,jeudi,2026-05-21T10:44:20Z,complement,NA,Songon
AX_30,Marche Bagnon Songon,Songon,Plateau,5.340265,-4.109843,37.5,50,0.75,Modere,16411,1088,2026-05-21,10,jeudi,2026-05-21T10:44:21Z,complement,NA,Songon
AX_21,Grand Carrefour Koumassi (VGE),Koumassi,Plateau,5.288328,-3.970538,29.4,80,0.368,Congestionne,8097,713,2026-05-21,11,jeudi,2026-05-21T11:28:06Z,complement,NA,Koumassi
AX_22,Boulevard du Caire Koumassi,Koumassi,Plateau,5.29283,-3.961058,24.8,50,0.496,Congestionne,9501,993,2026-05-21,11,jeudi,2026-05-21T11:28:07Z,complement,NA,Koumassi
AX_23,Boulevard FHB Port-Bouet,Port-Bouet,Plateau,5.289733,-3.981778,26.4,80,0.33,Congestionne,7311,728,2026-05-21,11,jeudi,2026-05-21T11:28:09Z,complement,NA,Port-Bouët
AX_24,Aeroport FHB Port-Bouet,Port-Bouet,Plateau,5.259251,-3.940046,28.4,60,0.473,Congestionne,13731,1267,2026-05-21,11,jeudi,2026-05-21T11:28:11Z,complement,NA,Port-Bouët
AX_25,4eme Pont cote Attecoube,Attecoube,Plateau,5.329149,-4.051204,30.3,70,0.433,Congestionne,15940,1393,2026-05-21,11,jeudi,2026-05-21T11:28:12Z,complement,NA,Attécoubé
AX_26,Marche Attecoube,Attecoube,Plateau,5.348717,-4.034145,28.6,40,0.715,Modere,5882,545,2026-05-21,11,jeudi,2026-05-21T11:28:13Z,complement,NA,Attécoubé
AX_27,Mairie Anyama,Anyama,Plateau,5.507137,-4.053472,36.3,90,0.403,Congestionne,25327,1867,2026-05-21,11,jeudi,2026-05-21T11:28:15Z,complement,NA,Anyama
AX_28,Marche Anyama,Anyama,Plateau,5.496204,-4.050669,36.5,50,0.73,Modere,24221,1780,2026-05-21,11,jeudi,2026-05-21T11:28:16Z,complement,NA,Anyama
AX_29,Carrefour Jacqueville Songon,Songon,Plateau,5.321191,-4.231602,47.8,90,0.531,Modere,31737,1836,2026-05-21,11,jeudi,2026-05-21T11:28:17Z,complement,NA,Songon
AX_30,Marche Bagnon Songon,Songon,Plateau,5.340265,-4.109843,41.7,50,0.834,Fluide,16411,1088,2026-05-21,11,jeudi,2026-05-21T11:28:19Z,complement,NA,Songon
AX_21,Grand Carrefour Koumassi (VGE),Koumassi,Plateau,5.288328,-3.970538,25,80,0.312,Congestionne,8097,713,2026-05-21,12,jeudi,2026-05-21T12:31:30Z,complement,NA,Koumassi
AX_22,Boulevard du Caire Koumassi,Koumassi,Plateau,5.29283,-3.961058,21.1,50,0.422,Congestionne,9501,993,2026-05-21,12,jeudi,2026-05-21T12:31:32Z,complement,NA,Koumassi
AX_23,Boulevard FHB Port-Bouet,Port-Bouet,Plateau,5.289733,-3.981778,22.4,80,0.28,Bloque,7311,728,2026-05-21,12,jeudi,2026-05-21T12:31:33Z,complement,NA,Port-Bouët
AX_24,Aeroport FHB Port-Bouet,Port-Bouet,Plateau,5.259251,-3.940046,24.1,60,0.402,Congestionne,13731,1267,2026-05-21,12,jeudi,2026-05-21T12:31:34Z,complement,NA,Port-Bouët
AX_25,4eme Pont cote Attecoube,Attecoube,Plateau,5.329149,-4.051204,25.8,70,0.369,Congestionne,15940,1393,2026-05-21,12,jeudi,2026-05-21T12:31:36Z,complement,NA,Attécoubé
AX_26,Marche Attecoube,Attecoube,Plateau,5.348717,-4.034145,24.3,40,0.608,Modere,5882,545,2026-05-21,12,jeudi,2026-05-21T12:31:37Z,complement,NA,Attécoubé
AX_27,Mairie Anyama,Anyama,Plateau,5.507137,-4.053472,30.9,90,0.343,Congestionne,25327,1867,2026-05-21,12,jeudi,2026-05-21T12:31:38Z,complement,NA,Anyama
AX_28,Marche Anyama,Anyama,Plateau,5.496204,-4.050669,31,50,0.62,Modere,24221,1780,2026-05-21,12,jeudi,2026-05-21T12:31:39Z,complement,NA,Anyama
AX_29,Carrefour Jacqueville Songon,Songon,Plateau,5.321191,-4.231602,40.6,90,0.451,Congestionne,31737,1836,2026-05-21,12,jeudi,2026-05-21T12:31:41Z,complement,NA,Songon
AX_30,Marche Bagnon Songon,Songon,Plateau,5.340265,-4.109843,35.4,50,0.708,Modere,16411,1088,2026-05-21,12,jeudi,2026-05-21T12:31:42Z,complement,NA,Songon
AX_21,Grand Carrefour Koumassi (VGE),Koumassi,Plateau,5.288328,-3.970538,28.7,80,0.359,Congestionne,8097,713,2026-05-21,13,jeudi,2026-05-21T13:02:40Z,complement,NA,Koumassi
AX_22,Boulevard du Caire Koumassi,Koumassi,Plateau,5.29283,-3.961058,24.1,50,0.482,Congestionne,9501,993,2026-05-21,13,jeudi,2026-05-21T13:02:42Z,complement,NA,Koumassi
AX_23,Boulevard FHB Port-Bouet,Port-Bouet,Plateau,5.289733,-3.981778,25.7,80,0.321,Congestionne,7311,728,2026-05-21,13,jeudi,2026-05-21T13:02:43Z,complement,NA,Port-Bouët
AX_24,Aeroport FHB Port-Bouet,Port-Bouet,Plateau,5.259251,-3.940046,27.7,60,0.462,Congestionne,13731,1267,2026-05-21,13,jeudi,2026-05-21T13:02:45Z,complement,NA,Port-Bouët
AX_25,4eme Pont cote Attecoube,Attecoube,Plateau,5.329149,-4.051204,29.6,70,0.423,Congestionne,15940,1393,2026-05-21,13,jeudi,2026-05-21T13:02:46Z,complement,NA,Attécoubé
AX_26,Marche Attecoube,Attecoube,Plateau,5.348717,-4.034145,27.9,40,0.698,Modere,5882,545,2026-05-21,13,jeudi,2026-05-21T13:02:48Z,complement,NA,Attécoubé
AX_27,Mairie Anyama,Anyama,Plateau,5.507137,-4.053472,35.4,90,0.393,Congestionne,25327,1867,2026-05-21,13,jeudi,2026-05-21T13:02:49Z,complement,NA,Anyama
AX_28,Marche Anyama,Anyama,Plateau,5.496204,-4.050669,35.5,50,0.71,Modere,24221,1780,2026-05-21,13,jeudi,2026-05-21T13:02:50Z,complement,NA,Anyama
AX_29,Carrefour Jacqueville Songon,Songon,Plateau,5.321191,-4.231602,46.6,90,0.518,Modere,31737,1836,2026-05-21,13,jeudi,2026-05-21T13:02:52Z,complement,NA,Songon
AX_30,Marche Bagnon Songon,Songon,Plateau,5.340265,-4.109843,40.7,50,0.814,Fluide,16411,1088,2026-05-21,13,jeudi,2026-05-21T13:02:53Z,complement,NA,Songon
AX_21,Grand Carrefour Koumassi (VGE),Koumassi,Plateau,5.288328,-3.970538,30.2,80,0.378,Congestionne,8097,713,2026-05-21,14,jeudi,2026-05-21T14:34:01Z,complement,NA,Koumassi
AX_22,Boulevard du Caire Koumassi,Koumassi,Plateau,5.29283,-3.961058,25.4,50,0.508,Modere,9501,993,2026-05-21,14,jeudi,2026-05-21T14:34:02Z,complement,NA,Koumassi
AX_23,Boulevard FHB Port-Bouet,Port-Bouet,Plateau,5.289733,-3.981778,27,80,0.338,Congestionne,7311,728,2026-05-21,14,jeudi,2026-05-21T14:34:03Z,complement,NA,Port-Bouët
AX_24,Aeroport FHB Port-Bouet,Port-Bouet,Plateau,5.259251,-3.940046,29.1,60,0.485,Congestionne,13731,1267,2026-05-21,14,jeudi,2026-05-21T14:34:04Z,complement,NA,Port-Bouët
AX_25,4eme Pont cote Attecoube,Attecoube,Plateau,5.329149,-4.051204,31.1,70,0.444,Congestionne,15940,1393,2026-05-21,14,jeudi,2026-05-21T14:34:06Z,complement,NA,Attécoubé
AX_26,Marche Attecoube,Attecoube,Plateau,5.348717,-4.034145,29.3,40,0.733,Modere,5882,545,2026-05-21,14,jeudi,2026-05-21T14:34:07Z,complement,NA,Attécoubé
AX_27,Mairie Anyama,Anyama,Plateau,5.507137,-4.053472,37.2,90,0.413,Congestionne,25327,1867,2026-05-21,14,jeudi,2026-05-21T14:34:08Z,complement,NA,Anyama
AX_28,Marche Anyama,Anyama,Plateau,5.496204,-4.050669,37.4,50,0.748,Modere,24221,1780,2026-05-21,14,jeudi,2026-05-21T14:34:09Z,complement,NA,Anyama
AX_29,Carrefour Jacqueville Songon,Songon,Plateau,5.321191,-4.231602,49,90,0.544,Modere,31737,1836,2026-05-21,14,jeudi,2026-05-21T14:34:11Z,complement,NA,Songon
AX_30,Marche Bagnon Songon,Songon,Plateau,5.340265,-4.109843,42.7,50,0.854,Fluide,16411,1088,2026-05-21,14,jeudi,2026-05-21T14:34:12Z,complement,NA,Songon
AX_21,Grand Carrefour Koumassi (VGE),Koumassi,Plateau,5.288328,-3.970538,26.5,80,0.331,Congestionne,8097,713,2026-05-21,15,jeudi,2026-05-21T15:05:23Z,complement,NA,Koumassi
AX_22,Boulevard du Caire Koumassi,Koumassi,Plateau,5.29283,-3.961058,22.3,50,0.446,Congestionne,9501,993,2026-05-21,15,jeudi,2026-05-21T15:05:24Z,complement,NA,Koumassi
AX_23,Boulevard FHB Port-Bouet,Port-Bouet,Plateau,5.289733,-3.981778,23.7,80,0.296,Bloque,7311,728,2026-05-21,15,jeudi,2026-05-21T15:05:25Z,complement,NA,Port-Bouët
AX_24,Aeroport FHB Port-Bouet,Port-Bouet,Plateau,5.259251,-3.940046,25.6,60,0.427,Congestionne,13731,1267,2026-05-21,15,jeudi,2026-05-21T15:05:27Z,complement,NA,Port-Bouët
AX_25,4eme Pont cote Attecoube,Attecoube,Plateau,5.329149,-4.051204,27.3,70,0.39,Congestionne,15940,1393,2026-05-21,15,jeudi,2026-05-21T15:05:28Z,complement,NA,Attécoubé
AX_26,Marche Attecoube,Attecoube,Plateau,5.348717,-4.034145,25.8,40,0.645,Modere,5882,545,2026-05-21,15,jeudi,2026-05-21T15:05:30Z,complement,NA,Attécoubé
AX_27,Mairie Anyama,Anyama,Plateau,5.507137,-4.053472,32.7,90,0.363,Congestionne,25327,1867,2026-05-21,15,jeudi,2026-05-21T15:05:31Z,complement,NA,Anyama
AX_28,Marche Anyama,Anyama,Plateau,5.496204,-4.050669,32.8,50,0.656,Modere,24221,1780,2026-05-21,15,jeudi,2026-05-21T15:05:32Z,complement,NA,Anyama
AX_29,Carrefour Jacqueville Songon,Songon,Plateau,5.321191,-4.231602,43,90,0.478,Congestionne,31737,1836,2026-05-21,15,jeudi,2026-05-21T15:05:34Z,complement,NA,Songon
AX_30,Marche Bagnon Songon,Songon,Plateau,5.340265,-4.109843,37.5,50,0.75,Modere,16411,1088,2026-05-21,15,jeudi,2026-05-21T15:05:35Z,complement,NA,Songon
AX_21,Grand Carrefour Koumassi (VGE),Koumassi,Plateau,5.288328,-3.970538,19.1,80,0.239,Bloque,8097,713,2026-05-21,16,jeudi,2026-05-21T16:08:04Z,complement,NA,Koumassi
AX_22,Boulevard du Caire Koumassi,Koumassi,Plateau,5.29283,-3.961058,16.1,50,0.322,Congestionne,9501,993,2026-05-21,16,jeudi,2026-05-21T16:08:05Z,complement,NA,Koumassi
AX_23,Boulevard FHB Port-Bouet,Port-Bouet,Plateau,5.289733,-3.981778,17.1,80,0.214,Bloque,7311,728,2026-05-21,16,jeudi,2026-05-21T16:08:06Z,complement,NA,Port-Bouët
AX_24,Aeroport FHB Port-Bouet,Port-Bouet,Plateau,5.259251,-3.940046,18.5,60,0.308,Congestionne,13731,1267,2026-05-21,16,jeudi,2026-05-21T16:08:08Z,complement,NA,Port-Bouët
AX_25,4eme Pont cote Attecoube,Attecoube,Plateau,5.329149,-4.051204,19.7,70,0.281,Bloque,15940,1393,2026-05-21,16,jeudi,2026-05-21T16:08:09Z,complement,NA,Attécoubé
AX_26,Marche Attecoube,Attecoube,Plateau,5.348717,-4.034145,18.6,40,0.465,Congestionne,5882,545,2026-05-21,16,jeudi,2026-05-21T16:08:10Z,complement,NA,Attécoubé
AX_27,Mairie Anyama,Anyama,Plateau,5.507137,-4.053472,23.6,90,0.262,Bloque,25327,1867,2026-05-21,16,jeudi,2026-05-21T16:08:11Z,complement,NA,Anyama
AX_28,Marche Anyama,Anyama,Plateau,5.496204,-4.050669,23.7,50,0.474,Congestionne,24221,1780,2026-05-21,16,jeudi,2026-05-21T16:08:13Z,complement,NA,Anyama
AX_29,Carrefour Jacqueville Songon,Songon,Plateau,5.321191,-4.231602,31.1,90,0.346,Congestionne,31737,1836,2026-05-21,16,jeudi,2026-05-21T16:08:14Z,complement,NA,Songon
AX_30,Marche Bagnon Songon,Songon,Plateau,5.340265,-4.109843,27.1,50,0.542,Modere,16411,1088,2026-05-21,16,jeudi,2026-05-21T16:08:15Z,complement,NA,Songon
AX_21,Grand Carrefour Koumassi (VGE),Koumassi,Plateau,5.288328,-3.970538,30.2,80,0.378,Congestionne,8097,713,2026-05-22,14,vendredi,2026-05-22T14:23:11Z,complement,NA,Koumassi
AX_22,Boulevard du Caire Koumassi,Koumassi,Plateau,5.29283,-3.961058,25.4,50,0.508,Modere,9501,993,2026-05-22,14,vendredi,2026-05-22T14:23:12Z,complement,NA,Koumassi
AX_23,Boulevard FHB Port-Bouet,Port-Bouet,Plateau,5.289733,-3.981778,27,80,0.338,Congestionne,7311,728,2026-05-22,14,vendredi,2026-05-22T14:23:13Z,complement,NA,Port-Bouët
AX_24,Aeroport FHB Port-Bouet,Port-Bouet,Plateau,5.259251,-3.940046,29.1,60,0.485,Congestionne,13731,1267,2026-05-22,14,vendredi,2026-05-22T14:23:14Z,complement,NA,Port-Bouët
AX_25,4eme Pont cote Attecoube,Attecoube,Plateau,5.329149,-4.051204,31.1,70,0.444,Congestionne,15940,1393,2026-05-22,14,vendredi,2026-05-22T14:23:15Z,complement,NA,Attécoubé
AX_26,Marche Attecoube,Attecoube,Plateau,5.348717,-4.034145,29.3,40,0.733,Modere,5882,545,2026-05-22,14,vendredi,2026-05-22T14:23:17Z,complement,NA,Attécoubé
AX_27,Mairie Anyama,Anyama,Plateau,5.507137,-4.053472,37.2,90,0.413,Congestionne,25327,1867,2026-05-22,14,vendredi,2026-05-22T14:23:18Z,complement,NA,Anyama
AX_28,Marche Anyama,Anyama,Plateau,5.496204,-4.050669,37.4,50,0.748,Modere,24221,1780,2026-05-22,14,vendredi,2026-05-22T14:23:19Z,complement,NA,Anyama
AX_29,Carrefour Jacqueville Songon,Songon,Plateau,5.321191,-4.231602,49,90,0.544,Modere,31737,1836,2026-05-22,14,vendredi,2026-05-22T14:23:21Z,complement,NA,Songon
AX_30,Marche Bagnon Songon,Songon,Plateau,5.340265,-4.109843,42.7,50,0.854,Fluide,16411,1088,2026-05-22,14,vendredi,2026-05-22T14:23:22Z,complement,NA,Songon
AX_21,Grand Carrefour Koumassi (VGE),Koumassi,Plateau,5.288328,-3.970538,26.5,80,0.331,Congestionne,8097,713,2026-05-22,15,vendredi,2026-05-22T15:25:50Z,complement,NA,Koumassi
AX_22,Boulevard du Caire Koumassi,Koumassi,Plateau,5.29283,-3.961058,22.3,50,0.446,Congestionne,9501,993,2026-05-22,15,vendredi,2026-05-22T15:25:51Z,complement,NA,Koumassi
AX_23,Boulevard FHB Port-Bouet,Port-Bouet,Plateau,5.289733,-3.981778,23.7,80,0.296,Bloque,7311,728,2026-05-22,15,vendredi,2026-05-22T15:25:53Z,complement,NA,Port-Bouët
AX_24,Aeroport FHB Port-Bouet,Port-Bouet,Plateau,5.259251,-3.940046,25.6,60,0.427,Congestionne,13731,1267,2026-05-22,15,vendredi,2026-05-22T15:25:54Z,complement,NA,Port-Bouët
AX_25,4eme Pont cote Attecoube,Attecoube,Plateau,5.329149,-4.051204,27.3,70,0.39,Congestionne,15940,1393,2026-05-22,15,vendredi,2026-05-22T15:25:55Z,complement,NA,Attécoubé
AX_26,Marche Attecoube,Attecoube,Plateau,5.348717,-4.034145,25.8,40,0.645,Modere,5882,545,2026-05-22,15,vendredi,2026-05-22T15:25:57Z,complement,NA,Attécoubé
AX_27,Mairie Anyama,Anyama,Plateau,5.507137,-4.053472,32.7,90,0.363,Congestionne,25327,1867,2026-05-22,15,vendredi,2026-05-22T15:25:58Z,complement,NA,Anyama
AX_28,Marche Anyama,Anyama,Plateau,5.496204,-4.050669,32.8,50,0.656,Modere,24221,1780,2026-05-22,15,vendredi,2026-05-22T15:25:59Z,complement,NA,Anyama
AX_29,Carrefour Jacqueville Songon,Songon,Plateau,5.321191,-4.231602,43,90,0.478,Congestionne,31737,1836,2026-05-22,15,vendredi,2026-05-22T15:26:00Z,complement,NA,Songon
AX_30,Marche Bagnon Songon,Songon,Plateau,5.340265,-4.109843,37.5,50,0.75,Modere,16411,1088,2026-05-22,15,vendredi,2026-05-22T15:26:02Z,complement,NA,Songon
AX_21,Grand Carrefour Koumassi (VGE),Koumassi,Plateau,5.288328,-3.970538,30.2,80,0.378,Congestionne,8097,713,2026-05-23,14,samedi,2026-05-23T14:36:31Z,complement,NA,Koumassi
AX_22,Boulevard du Caire Koumassi,Koumassi,Plateau,5.29283,-3.961058,25.4,50,0.508,Modere,9501,993,2026-05-23,14,samedi,2026-05-23T14:36:32Z,complement,NA,Koumassi
AX_23,Boulevard FHB Port-Bouet,Port-Bouet,Plateau,5.289733,-3.981778,27,80,0.338,Congestionne,7311,728,2026-05-23,14,samedi,2026-05-23T14:36:33Z,complement,NA,Port-Bouët
AX_24,Aeroport FHB Port-Bouet,Port-Bouet,Plateau,5.259251,-3.940046,29.1,60,0.485,Congestionne,13731,1267,2026-05-23,14,samedi,2026-05-23T14:36:34Z,complement,NA,Port-Bouët
AX_25,4eme Pont cote Attecoube,Attecoube,Plateau,5.329149,-4.051204,31.1,70,0.444,Congestionne,15940,1393,2026-05-23,14,samedi,2026-05-23T14:36:36Z,complement,NA,Attécoubé
AX_26,Marche Attecoube,Attecoube,Plateau,5.348717,-4.034145,29.3,40,0.733,Modere,5882,545,2026-05-23,14,samedi,2026-05-23T14:36:37Z,complement,NA,Attécoubé
AX_27,Mairie Anyama,Anyama,Plateau,5.507137,-4.053472,37.2,90,0.413,Congestionne,25327,1867,2026-05-23,14,samedi,2026-05-23T14:36:38Z,complement,NA,Anyama
AX_28,Marche Anyama,Anyama,Plateau,5.496204,-4.050669,37.4,50,0.748,Modere,24221,1780,2026-05-23,14,samedi,2026-05-23T14:36:39Z,complement,NA,Anyama
AX_29,Carrefour Jacqueville Songon,Songon,Plateau,5.321191,-4.231602,49,90,0.544,Modere,31737,1836,2026-05-23,14,samedi,2026-05-23T14:36:40Z,complement,NA,Songon
AX_30,Marche Bagnon Songon,Songon,Plateau,5.340265,-4.109843,42.7,50,0.854,Fluide,16411,1088,2026-05-23,14,samedi,2026-05-23T14:36:42Z,complement,NA,Songon
AX_21,Grand Carrefour Koumassi (VGE),Koumassi,Plateau,5.288328,-3.970538,26.5,80,0.331,Congestionne,8097,713,2026-05-23,15,samedi,2026-05-23T15:07:55Z,complement,NA,Koumassi
AX_22,Boulevard du Caire Koumassi,Koumassi,Plateau,5.29283,-3.961058,22.3,50,0.446,Congestionne,9501,993,2026-05-23,15,samedi,2026-05-23T15:07:56Z,complement,NA,Koumassi
AX_23,Boulevard FHB Port-Bouet,Port-Bouet,Plateau,5.289733,-3.981778,23.7,80,0.296,Bloque,7311,728,2026-05-23,15,samedi,2026-05-23T15:07:57Z,complement,NA,Port-Bouët
AX_24,Aeroport FHB Port-Bouet,Port-Bouet,Plateau,5.259251,-3.940046,25.6,60,0.427,Congestionne,13731,1267,2026-05-23,15,samedi,2026-05-23T15:07:58Z,complement,NA,Port-Bouët
AX_25,4eme Pont cote Attecoube,Attecoube,Plateau,5.329149,-4.051204,27.3,70,0.39,Congestionne,15940,1393,2026-05-23,15,samedi,2026-05-23T15:07:59Z,complement,NA,Attécoubé
AX_26,Marche Attecoube,Attecoube,Plateau,5.348717,-4.034145,25.8,40,0.645,Modere,5882,545,2026-05-23,15,samedi,2026-05-23T15:08:01Z,complement,NA,Attécoubé
AX_27,Mairie Anyama,Anyama,Plateau,5.507137,-4.053472,32.7,90,0.363,Congestionne,25327,1867,2026-05-23,15,samedi,2026-05-23T15:08:02Z,complement,NA,Anyama
AX_28,Marche Anyama,Anyama,Plateau,5.496204,-4.050669,32.8,50,0.656,Modere,24221,1780,2026-05-23,15,samedi,2026-05-23T15:08:03Z,complement,NA,Anyama
AX_29,Carrefour Jacqueville Songon,Songon,Plateau,5.321191,-4.231602,43,90,0.478,Congestionne,31737,1836,2026-05-23,15,samedi,2026-05-23T15:08:04Z,complement,NA,Songon
AX_30,Marche Bagnon Songon,Songon,Plateau,5.340265,-4.109843,37.5,50,0.75,Modere,16411,1088,2026-05-23,15,samedi,2026-05-23T15:08:06Z,complement,NA,Songon
AX_21,Grand Carrefour Koumassi (VGE),Koumassi,Plateau,5.288328,-3.970538,19.1,80,0.239,Bloque,8097,713,2026-05-23,16,samedi,2026-05-23T16:10:38Z,complement,NA,Koumassi
AX_22,Boulevard du Caire Koumassi,Koumassi,Plateau,5.29283,-3.961058,16.1,50,0.322,Congestionne,9501,993,2026-05-23,16,samedi,2026-05-23T16:10:39Z,complement,NA,Koumassi
AX_23,Boulevard FHB Port-Bouet,Port-Bouet,Plateau,5.289733,-3.981778,17.1,80,0.214,Bloque,7311,728,2026-05-23,16,samedi,2026-05-23T16:10:40Z,complement,NA,Port-Bouët
AX_24,Aeroport FHB Port-Bouet,Port-Bouet,Plateau,5.259251,-3.940046,18.5,60,0.308,Congestionne,13731,1267,2026-05-23,16,samedi,2026-05-23T16:10:41Z,complement,NA,Port-Bouët
AX_25,4eme Pont cote Attecoube,Attecoube,Plateau,5.329149,-4.051204,19.7,70,0.281,Bloque,15940,1393,2026-05-23,16,samedi,2026-05-23T16:10:42Z,complement,NA,Attécoubé
AX_26,Marche Attecoube,Attecoube,Plateau,5.348717,-4.034145,18.6,40,0.465,Congestionne,5882,545,2026-05-23,16,samedi,2026-05-23T16:10:44Z,complement,NA,Attécoubé
AX_27,Mairie Anyama,Anyama,Plateau,5.507137,-4.053472,23.6,90,0.262,Bloque,25327,1867,2026-05-23,16,samedi,2026-05-23T16:10:45Z,complement,NA,Anyama
AX_28,Marche Anyama,Anyama,Plateau,5.496204,-4.050669,23.7,50,0.474,Congestionne,24221,1780,2026-05-23,16,samedi,2026-05-23T16:10:46Z,complement,NA,Anyama
AX_29,Carrefour Jacqueville Songon,Songon,Plateau,5.321191,-4.231602,31.1,90,0.346,Congestionne,31737,1836,2026-05-23,16,samedi,2026-05-23T16:10:47Z,complement,NA,Songon
AX_30,Marche Bagnon Songon,Songon,Plateau,5.340265,-4.109843,27.1,50,0.542,Modere,16411,1088,2026-05-23,16,samedi,2026-05-23T16:10:49Z,complement,NA,Songon
AX_21,Grand Carrefour Koumassi (VGE),Koumassi,Plateau,5.288328,-3.970538,25,80,0.312,Congestionne,8097,713,2026-05-24,12,dimanche,2026-05-24T12:41:48Z,complement,NA,Koumassi
AX_22,Boulevard du Caire Koumassi,Koumassi,Plateau,5.29283,-3.961058,21.1,50,0.422,Congestionne,9501,993,2026-05-24,12,dimanche,2026-05-24T12:41:50Z,complement,NA,Koumassi
AX_23,Boulevard FHB Port-Bouet,Port-Bouet,Plateau,5.289733,-3.981778,22.4,80,0.28,Bloque,7311,728,2026-05-24,12,dimanche,2026-05-24T12:41:51Z,complement,NA,Port-Bouët
AX_24,Aeroport FHB Port-Bouet,Port-Bouet,Plateau,5.259251,-3.940046,24.1,60,0.402,Congestionne,13731,1267,2026-05-24,12,dimanche,2026-05-24T12:41:52Z,complement,NA,Port-Bouët
AX_25,4eme Pont cote Attecoube,Attecoube,Plateau,5.329149,-4.051204,25.8,70,0.369,Congestionne,15940,1393,2026-05-24,12,dimanche,2026-05-24T12:41:53Z,complement,NA,Attécoubé
AX_26,Marche Attecoube,Attecoube,Plateau,5.348717,-4.034145,24.3,40,0.608,Modere,5882,545,2026-05-24,12,dimanche,2026-05-24T12:41:54Z,complement,NA,Attécoubé
AX_27,Mairie Anyama,Anyama,Plateau,5.507137,-4.053472,30.9,90,0.343,Congestionne,25327,1867,2026-05-24,12,dimanche,2026-05-24T12:41:56Z,complement,NA,Anyama
AX_28,Marche Anyama,Anyama,Plateau,5.496204,-4.050669,31,50,0.62,Modere,24221,1780,2026-05-24,12,dimanche,2026-05-24T12:41:57Z,complement,NA,Anyama
AX_29,Carrefour Jacqueville Songon,Songon,Plateau,5.321191,-4.231602,40.6,90,0.451,Congestionne,31737,1836,2026-05-24,12,dimanche,2026-05-24T12:41:58Z,complement,NA,Songon
AX_30,Marche Bagnon Songon,Songon,Plateau,5.340265,-4.109843,35.4,50,0.708,Modere,16411,1088,2026-05-24,12,dimanche,2026-05-24T12:41:59Z,complement,NA,Songon
AX_21,Grand Carrefour Koumassi (VGE),Koumassi,Plateau,5.288328,-3.970538,28.7,80,0.359,Congestionne,8097,713,2026-05-24,13,dimanche,2026-05-24T13:13:08Z,complement,NA,Koumassi
AX_22,Boulevard du Caire Koumassi,Koumassi,Plateau,5.29283,-3.961058,24.1,50,0.482,Congestionne,9501,993,2026-05-24,13,dimanche,2026-05-24T13:13:09Z,complement,NA,Koumassi
AX_23,Boulevard FHB Port-Bouet,Port-Bouet,Plateau,5.289733,-3.981778,25.7,80,0.321,Congestionne,7311,728,2026-05-24,13,dimanche,2026-05-24T13:13:11Z,complement,NA,Port-Bouët
AX_24,Aeroport FHB Port-Bouet,Port-Bouet,Plateau,5.259251,-3.940046,27.7,60,0.462,Congestionne,13731,1267,2026-05-24,13,dimanche,2026-05-24T13:13:12Z,complement,NA,Port-Bouët
AX_25,4eme Pont cote Attecoube,Attecoube,Plateau,5.329149,-4.051204,29.6,70,0.423,Congestionne,15940,1393,2026-05-24,13,dimanche,2026-05-24T13:13:13Z,complement,NA,Attécoubé
AX_26,Marche Attecoube,Attecoube,Plateau,5.348717,-4.034145,27.9,40,0.698,Modere,5882,545,2026-05-24,13,dimanche,2026-05-24T13:13:14Z,complement,NA,Attécoubé
AX_27,Mairie Anyama,Anyama,Plateau,5.507137,-4.053472,35.4,90,0.393,Congestionne,25327,1867,2026-05-24,13,dimanche,2026-05-24T13:13:15Z,complement,NA,Anyama
AX_28,Marche Anyama,Anyama,Plateau,5.496204,-4.050669,35.5,50,0.71,Modere,24221,1780,2026-05-24,13,dimanche,2026-05-24T13:13:17Z,complement,NA,Anyama
AX_29,Carrefour Jacqueville Songon,Songon,Plateau,5.321191,-4.231602,46.6,90,0.518,Modere,31737,1836,2026-05-24,13,dimanche,2026-05-24T13:13:18Z,complement,NA,Songon
AX_30,Marche Bagnon Songon,Songon,Plateau,5.340265,-4.109843,40.7,50,0.814,Fluide,16411,1088,2026-05-24,13,dimanche,2026-05-24T13:13:19Z,complement,NA,Songon
AX_21,Grand Carrefour Koumassi (VGE),Koumassi,Plateau,5.288328,-3.970538,30.2,80,0.378,Congestionne,8097,713,2026-05-24,14,dimanche,2026-05-24T14:15:49Z,complement,NA,Koumassi
AX_22,Boulevard du Caire Koumassi,Koumassi,Plateau,5.29283,-3.961058,25.4,50,0.508,Modere,9501,993,2026-05-24,14,dimanche,2026-05-24T14:15:50Z,complement,NA,Koumassi
AX_23,Boulevard FHB Port-Bouet,Port-Bouet,Plateau,5.289733,-3.981778,27,80,0.338,Congestionne,7311,728,2026-05-24,14,dimanche,2026-05-24T14:15:51Z,complement,NA,Port-Bouët
AX_24,Aeroport FHB Port-Bouet,Port-Bouet,Plateau,5.259251,-3.940046,29.1,60,0.485,Congestionne,13731,1267,2026-05-24,14,dimanche,2026-05-24T14:15:53Z,complement,NA,Port-Bouët
AX_25,4eme Pont cote Attecoube,Attecoube,Plateau,5.329149,-4.051204,31.1,70,0.444,Congestionne,15940,1393,2026-05-24,14,dimanche,2026-05-24T14:15:54Z,complement,NA,Attécoubé
AX_26,Marche Attecoube,Attecoube,Plateau,5.348717,-4.034145,29.3,40,0.733,Modere,5882,545,2026-05-24,14,dimanche,2026-05-24T14:15:55Z,complement,NA,Attécoubé
AX_27,Mairie Anyama,Anyama,Plateau,5.507137,-4.053472,37.2,90,0.413,Congestionne,25327,1867,2026-05-24,14,dimanche,2026-05-24T14:15:56Z,complement,NA,Anyama
AX_28,Marche Anyama,Anyama,Plateau,5.496204,-4.050669,37.4,50,0.748,Modere,24221,1780,2026-05-24,14,dimanche,2026-05-24T14:15:58Z,complement,NA,Anyama
AX_29,Carrefour Jacqueville Songon,Songon,Plateau,5.321191,-4.231602,49,90,0.544,Modere,31737,1836,2026-05-24,14,dimanche,2026-05-24T14:15:59Z,complement,NA,Songon
AX_30,Marche Bagnon Songon,Songon,Plateau,5.340265,-4.109843,42.7,50,0.854,Fluide,16411,1088,2026-05-24,14,dimanche,2026-05-24T14:16:00Z,complement,NA,Songon
AX_21,Grand Carrefour Koumassi (VGE),Koumassi,Plateau,5.288328,-3.970538,26.5,80,0.331,Congestionne,8097,713,2026-05-24,15,dimanche,2026-05-24T15:18:28Z,complement,NA,Koumassi
AX_22,Boulevard du Caire Koumassi,Koumassi,Plateau,5.29283,-3.961058,22.3,50,0.446,Congestionne,9501,993,2026-05-24,15,dimanche,2026-05-24T15:18:29Z,complement,NA,Koumassi
AX_23,Boulevard FHB Port-Bouet,Port-Bouet,Plateau,5.289733,-3.981778,23.7,80,0.296,Bloque,7311,728,2026-05-24,15,dimanche,2026-05-24T15:18:31Z,complement,NA,Port-Bouët
AX_24,Aeroport FHB Port-Bouet,Port-Bouet,Plateau,5.259251,-3.940046,25.6,60,0.427,Congestionne,13731,1267,2026-05-24,15,dimanche,2026-05-24T15:18:32Z,complement,NA,Port-Bouët
AX_25,4eme Pont cote Attecoube,Attecoube,Plateau,5.329149,-4.051204,27.3,70,0.39,Congestionne,15940,1393,2026-05-24,15,dimanche,2026-05-24T15:18:33Z,complement,NA,Attécoubé
AX_26,Marche Attecoube,Attecoube,Plateau,5.348717,-4.034145,25.8,40,0.645,Modere,5882,545,2026-05-24,15,dimanche,2026-05-24T15:18:34Z,complement,NA,Attécoubé
AX_27,Mairie Anyama,Anyama,Plateau,5.507137,-4.053472,32.7,90,0.363,Congestionne,25327,1867,2026-05-24,15,dimanche,2026-05-24T15:18:35Z,complement,NA,Anyama
AX_28,Marche Anyama,Anyama,Plateau,5.496204,-4.050669,32.8,50,0.656,Modere,24221,1780,2026-05-24,15,dimanche,2026-05-24T15:18:37Z,complement,NA,Anyama
AX_29,Carrefour Jacqueville Songon,Songon,Plateau,5.321191,-4.231602,43,90,0.478,Congestionne,31737,1836,2026-05-24,15,dimanche,2026-05-24T15:18:38Z,complement,NA,Songon
AX_30,Marche Bagnon Songon,Songon,Plateau,5.340265,-4.109843,37.5,50,0.75,Modere,16411,1088,2026-05-24,15,dimanche,2026-05-24T15:18:39Z,complement,NA,Songon
AX_21,Grand Carrefour Koumassi (VGE),Koumassi,Plateau,5.288328,-3.970538,19.1,80,0.239,Bloque,8097,713,2026-05-24,16,dimanche,2026-05-24T16:21:07Z,complement,NA,Koumassi
AX_22,Boulevard du Caire Koumassi,Koumassi,Plateau,5.29283,-3.961058,16.1,50,0.322,Congestionne,9501,993,2026-05-24,16,dimanche,2026-05-24T16:21:08Z,complement,NA,Koumassi
AX_23,Boulevard FHB Port-Bouet,Port-Bouet,Plateau,5.289733,-3.981778,17.1,80,0.214,Bloque,7311,728,2026-05-24,16,dimanche,2026-05-24T16:21:09Z,complement,NA,Port-Bouët
AX_24,Aeroport FHB Port-Bouet,Port-Bouet,Plateau,5.259251,-3.940046,18.5,60,0.308,Congestionne,13731,1267,2026-05-24,16,dimanche,2026-05-24T16:21:10Z,complement,NA,Port-Bouët
AX_25,4eme Pont cote Attecoube,Attecoube,Plateau,5.329149,-4.051204,19.7,70,0.281,Bloque,15940,1393,2026-05-24,16,dimanche,2026-05-24T16:21:12Z,complement,NA,Attécoubé
AX_26,Marche Attecoube,Attecoube,Plateau,5.348717,-4.034145,18.6,40,0.465,Congestionne,5882,545,2026-05-24,16,dimanche,2026-05-24T16:21:13Z,complement,NA,Attécoubé
AX_27,Mairie Anyama,Anyama,Plateau,5.507137,-4.053472,23.6,90,0.262,Bloque,25327,1867,2026-05-24,16,dimanche,2026-05-24T16:21:14Z,complement,NA,Anyama
AX_28,Marche Anyama,Anyama,Plateau,5.496204,-4.050669,23.7,50,0.474,Congestionne,24221,1780,2026-05-24,16,dimanche,2026-05-24T16:21:15Z,complement,NA,Anyama
AX_29,Carrefour Jacqueville Songon,Songon,Plateau,5.321191,-4.231602,31.1,90,0.346,Congestionne,31737,1836,2026-05-24,16,dimanche,2026-05-24T16:21:16Z,complement,NA,Songon
AX_30,Marche Bagnon Songon,Songon,Plateau,5.340265,-4.109843,27.1,50,0.542,Modere,16411,1088,2026-05-24,16,dimanche,2026-05-24T16:21:18Z,complement,NA,Songon
AX_R01,Retour Plateau -> Abobo (Gare Mairie),Plateau,Abobo,5.3167,-4.0234,26.2,90,0.291,Bloque,14058,1643,2026-05-17,2,dimanche,2026-05-17T02:14:25Z,retour,retour,Plateau
AX_R02,Retour Plateau -> Yopougon (Gare Autoroute),Plateau,Yopougon,5.3167,-4.0234,22.1,100,0.221,Bloque,12679,1758,2026-05-17,2,dimanche,2026-05-17T02:14:27Z,retour,retour,Plateau
AX_R03,Retour Plateau -> Yopougon (Clinique Fraternite),Plateau,Yopougon,5.3167,-4.0234,20.2,50,0.404,Congestionne,9255,1399,2026-05-17,2,dimanche,2026-05-17T02:14:28Z,retour,retour,Plateau
AX_R04,Retour Plateau -> Yopougon (Carrefour Jatak),Plateau,Yopougon,5.3167,-4.0234,24.6,90,0.273,Bloque,17884,2225,2026-05-17,2,dimanche,2026-05-17T02:14:29Z,retour,retour,Plateau
AX_R05,Retour Plateau -> Marcory (Rond-point),Plateau,Marcory,5.3167,-4.0234,19,50,0.38,Congestionne,10462,1686,2026-05-17,2,dimanche,2026-05-17T02:14:30Z,retour,retour,Plateau
AX_R06,Retour Cocody -> Bingerville (Lycee),Cocody,Bingerville,5.3523,-3.9895,31.2,70,0.446,Congestionne,13290,1353,2026-05-17,2,dimanche,2026-05-17T02:14:32Z,retour,retour,Cocody
AX_R07,Retour Cocody -> Yopougon (via Carrefour Universite),Cocody,Yopougon,5.3523,-3.9895,24.4,100,0.244,Bloque,3631,472,2026-05-17,2,dimanche,2026-05-17T02:14:33Z,retour,retour,Cocody
AX_R08,Retour Cocody -> Abobo (via 2 Plateaux),Cocody,Abobo,5.3523,-3.9895,37.8,90,0.42,Congestionne,11801,990,2026-05-17,2,dimanche,2026-05-17T02:14:34Z,retour,retour,Cocody
AX_R09,Yopougon (Gare) -> Marcory (Zone 4),Yopougon,Marcory,5.369048,-3.999911,28.8,50,0.576,Modere,9842,1082,2026-05-17,2,dimanche,2026-05-17T02:14:35Z,retour,retour,Yopougon
AX_R10,Yopougon (Jatak) -> Marcory (Zone 4),Yopougon,Marcory,5.321877,-4.1035450000000004,34.2,90,0.38,Congestionne,20475,1893,2026-05-17,2,dimanche,2026-05-17T02:14:36Z,retour,retour,Yopougon
AX_R11,Abobo -> Cocody (Carrefour Universite),Abobo,Cocody,5.420996,-4.01901,40.5,90,0.45,Congestionne,21291,1704,2026-05-17,2,dimanche,2026-05-17T02:14:38Z,retour,retour,Abobo
AX_R12,Abobo -> Marcory (Zone 4),Abobo,Marcory,5.420996,-4.01901,41,50,0.82,Fluide,15171,1199,2026-05-17,2,dimanche,2026-05-17T02:14:39Z,retour,retour,Abobo
AX_R01,Retour Plateau -> Abobo (Gare Mairie),Plateau,Abobo,5.3167,-4.0234,12.6,90,0.14,Bloque,14058,1643,2026-05-17,18,dimanche,2026-05-17T18:24:39Z,retour,retour,Plateau
AX_R02,Retour Plateau -> Yopougon (Gare Autoroute),Plateau,Yopougon,5.3167,-4.0234,10.6,100,0.106,Bloque,12679,1758,2026-05-17,18,dimanche,2026-05-17T18:24:40Z,retour,retour,Plateau
AX_R03,Retour Plateau -> Yopougon (Clinique Fraternite),Plateau,Yopougon,5.3167,-4.0234,9.7,50,0.194,Bloque,9255,1399,2026-05-17,18,dimanche,2026-05-17T18:24:41Z,retour,retour,Plateau
AX_R04,Retour Plateau -> Yopougon (Carrefour Jatak),Plateau,Yopougon,5.3167,-4.0234,11.8,90,0.131,Bloque,17884,2225,2026-05-17,18,dimanche,2026-05-17T18:24:42Z,retour,retour,Plateau
AX_R05,Retour Plateau -> Marcory (Rond-point),Plateau,Marcory,5.3167,-4.0234,9.1,50,0.182,Bloque,10462,1686,2026-05-17,18,dimanche,2026-05-17T18:24:43Z,retour,retour,Plateau
AX_R06,Retour Cocody -> Bingerville (Lycee),Cocody,Bingerville,5.3523,-3.9895,15,70,0.214,Bloque,13290,1353,2026-05-17,18,dimanche,2026-05-17T18:24:45Z,retour,retour,Cocody
AX_R07,Retour Cocody -> Yopougon (Carrefour Universite),Cocody,Yopougon,5.3523,-3.9895,11.7,100,0.117,Bloque,3631,472,2026-05-17,18,dimanche,2026-05-17T18:24:46Z,retour,retour,Cocody
AX_R08,Retour Cocody -> Abobo (2 Plateaux),Cocody,Abobo,5.3523,-3.9895,18.1,90,0.201,Bloque,11801,990,2026-05-17,18,dimanche,2026-05-17T18:24:47Z,retour,retour,Cocody
AX_R09,Yopougon (Gare) -> Marcory (Zone 4),Yopougon,Marcory,5.369048,-3.999911,13.8,50,0.276,Bloque,9842,1082,2026-05-17,18,dimanche,2026-05-17T18:24:48Z,retour,retour,Yopougon
AX_R10,Yopougon (Jatak) -> Marcory (Zone 4),Yopougon,Marcory,5.321877,-4.1035450000000004,16.4,90,0.182,Bloque,20475,1893,2026-05-17,18,dimanche,2026-05-17T18:24:50Z,retour,retour,Yopougon
AX_R11,Abobo -> Cocody (Carrefour Universite),Abobo,Cocody,5.420996,-4.01901,19.4,90,0.216,Bloque,21291,1704,2026-05-17,18,dimanche,2026-05-17T18:24:51Z,retour,retour,Abobo
AX_R12,Abobo -> Marcory (Zone 4),Abobo,Marcory,5.420996,-4.01901,19.7,50,0.394,Congestionne,15171,1199,2026-05-17,18,dimanche,2026-05-17T18:24:52Z,retour,retour,Abobo
AX_R01,Retour Plateau -> Abobo (Gare Mairie),Plateau,Abobo,5.3167,-4.0234,16.2,90,0.18,Bloque,14058,1643,2026-05-17,19,dimanche,2026-05-17T19:27:32Z,retour,retour,Plateau
AX_R02,Retour Plateau -> Yopougon (Gare Autoroute),Plateau,Yopougon,5.3167,-4.0234,13.7,100,0.137,Bloque,12679,1758,2026-05-17,19,dimanche,2026-05-17T19:27:33Z,retour,retour,Plateau
AX_R03,Retour Plateau -> Yopougon (Clinique Fraternite),Plateau,Yopougon,5.3167,-4.0234,12.5,50,0.25,Bloque,9255,1399,2026-05-17,19,dimanche,2026-05-17T19:27:34Z,retour,retour,Plateau
AX_R04,Retour Plateau -> Yopougon (Carrefour Jatak),Plateau,Yopougon,5.3167,-4.0234,15.2,90,0.169,Bloque,17884,2225,2026-05-17,19,dimanche,2026-05-17T19:27:35Z,retour,retour,Plateau
AX_R05,Retour Plateau -> Marcory (Rond-point),Plateau,Marcory,5.3167,-4.0234,11.8,50,0.236,Bloque,10462,1686,2026-05-17,19,dimanche,2026-05-17T19:27:37Z,retour,retour,Plateau
AX_R06,Retour Cocody -> Bingerville (Lycee),Cocody,Bingerville,5.3523,-3.9895,19.3,70,0.276,Bloque,13290,1353,2026-05-17,19,dimanche,2026-05-17T19:27:38Z,retour,retour,Cocody
AX_R07,Retour Cocody -> Yopougon (Carrefour Universite),Cocody,Yopougon,5.3523,-3.9895,15.1,100,0.151,Bloque,3631,472,2026-05-17,19,dimanche,2026-05-17T19:27:39Z,retour,retour,Cocody
AX_R08,Retour Cocody -> Abobo (2 Plateaux),Cocody,Abobo,5.3523,-3.9895,23.4,90,0.26,Bloque,11801,990,2026-05-17,19,dimanche,2026-05-17T19:27:40Z,retour,retour,Cocody
AX_R09,Yopougon (Gare) -> Marcory (Zone 4),Yopougon,Marcory,5.369048,-3.999911,17.8,50,0.356,Congestionne,9842,1082,2026-05-17,19,dimanche,2026-05-17T19:27:42Z,retour,retour,Yopougon
AX_R10,Yopougon (Jatak) -> Marcory (Zone 4),Yopougon,Marcory,5.321877,-4.1035450000000004,21.2,90,0.236,Bloque,20475,1893,2026-05-17,19,dimanche,2026-05-17T19:27:43Z,retour,retour,Yopougon
AX_R11,Abobo -> Cocody (Carrefour Universite),Abobo,Cocody,5.420996,-4.01901,25.1,90,0.279,Bloque,21291,1704,2026-05-17,19,dimanche,2026-05-17T19:27:44Z,retour,retour,Abobo
AX_R12,Abobo -> Marcory (Zone 4),Abobo,Marcory,5.420996,-4.01901,25.4,50,0.508,Modere,15171,1199,2026-05-17,19,dimanche,2026-05-17T19:27:45Z,retour,retour,Abobo
AX_R01,Retour Plateau -> Abobo (Gare Mairie),Plateau,Abobo,5.3167,-4.0234,20.4,90,0.227,Bloque,14058,1643,2026-05-17,20,dimanche,2026-05-17T20:30:21Z,retour,retour,Plateau
AX_R02,Retour Plateau -> Yopougon (Gare Autoroute),Plateau,Yopougon,5.3167,-4.0234,17.2,100,0.172,Bloque,12679,1758,2026-05-17,20,dimanche,2026-05-17T20:30:22Z,retour,retour,Plateau
AX_R03,Retour Plateau -> Yopougon (Clinique Fraternite),Plateau,Yopougon,5.3167,-4.0234,15.8,50,0.316,Congestionne,9255,1399,2026-05-17,20,dimanche,2026-05-17T20:30:23Z,retour,retour,Plateau
AX_R04,Retour Plateau -> Yopougon (Carrefour Jatak),Plateau,Yopougon,5.3167,-4.0234,19.2,90,0.213,Bloque,17884,2225,2026-05-17,20,dimanche,2026-05-17T20:30:25Z,retour,retour,Plateau
AX_R05,Retour Plateau -> Marcory (Rond-point),Plateau,Marcory,5.3167,-4.0234,14.8,50,0.296,Bloque,10462,1686,2026-05-17,20,dimanche,2026-05-17T20:30:26Z,retour,retour,Plateau
AX_R06,Retour Cocody -> Bingerville (Lycee),Cocody,Bingerville,5.3523,-3.9895,24.3,70,0.347,Congestionne,13290,1353,2026-05-17,20,dimanche,2026-05-17T20:30:27Z,retour,retour,Cocody
AX_R07,Retour Cocody -> Yopougon (Carrefour Universite),Cocody,Yopougon,5.3523,-3.9895,19,100,0.19,Bloque,3631,472,2026-05-17,20,dimanche,2026-05-17T20:30:28Z,retour,retour,Cocody
AX_R08,Retour Cocody -> Abobo (2 Plateaux),Cocody,Abobo,5.3523,-3.9895,29.4,90,0.327,Congestionne,11801,990,2026-05-17,20,dimanche,2026-05-17T20:30:30Z,retour,retour,Cocody
AX_R09,Yopougon (Gare) -> Marcory (Zone 4),Yopougon,Marcory,5.369048,-3.999911,22.4,50,0.448,Congestionne,9842,1082,2026-05-17,20,dimanche,2026-05-17T20:30:31Z,retour,retour,Yopougon
AX_R10,Yopougon (Jatak) -> Marcory (Zone 4),Yopougon,Marcory,5.321877,-4.1035450000000004,26.7,90,0.297,Bloque,20475,1893,2026-05-17,20,dimanche,2026-05-17T20:30:32Z,retour,retour,Yopougon
AX_R11,Abobo -> Cocody (Carrefour Universite),Abobo,Cocody,5.420996,-4.01901,31.6,90,0.351,Congestionne,21291,1704,2026-05-17,20,dimanche,2026-05-17T20:30:33Z,retour,retour,Abobo
AX_R12,Abobo -> Marcory (Zone 4),Abobo,Marcory,5.420996,-4.01901,32,50,0.64,Modere,15171,1199,2026-05-17,20,dimanche,2026-05-17T20:30:35Z,retour,retour,Abobo
AX_R01,Retour Plateau -> Abobo (Gare Mairie),Plateau,Abobo,5.3167,-4.0234,23,90,0.256,Bloque,14058,1643,2026-05-17,21,dimanche,2026-05-17T21:01:42Z,retour,retour,Plateau
AX_R02,Retour Plateau -> Yopougon (Gare Autoroute),Plateau,Yopougon,5.3167,-4.0234,19.4,100,0.194,Bloque,12679,1758,2026-05-17,21,dimanche,2026-05-17T21:01:43Z,retour,retour,Plateau
AX_R03,Retour Plateau -> Yopougon (Clinique Fraternite),Plateau,Yopougon,5.3167,-4.0234,17.8,50,0.356,Congestionne,9255,1399,2026-05-17,21,dimanche,2026-05-17T21:01:44Z,retour,retour,Plateau
AX_R04,Retour Plateau -> Yopougon (Carrefour Jatak),Plateau,Yopougon,5.3167,-4.0234,21.6,90,0.24,Bloque,17884,2225,2026-05-17,21,dimanche,2026-05-17T21:01:46Z,retour,retour,Plateau
AX_R05,Retour Plateau -> Marcory (Rond-point),Plateau,Marcory,5.3167,-4.0234,16.7,50,0.334,Congestionne,10462,1686,2026-05-17,21,dimanche,2026-05-17T21:01:47Z,retour,retour,Plateau
AX_R06,Retour Cocody -> Bingerville (Lycee),Cocody,Bingerville,5.3523,-3.9895,27.4,70,0.391,Congestionne,13290,1353,2026-05-17,21,dimanche,2026-05-17T21:01:48Z,retour,retour,Cocody
AX_R07,Retour Cocody -> Yopougon (Carrefour Universite),Cocody,Yopougon,5.3523,-3.9895,21.5,100,0.215,Bloque,3631,472,2026-05-17,21,dimanche,2026-05-17T21:01:49Z,retour,retour,Cocody
AX_R08,Retour Cocody -> Abobo (2 Plateaux),Cocody,Abobo,5.3523,-3.9895,33.2,90,0.369,Congestionne,11801,990,2026-05-17,21,dimanche,2026-05-17T21:01:51Z,retour,retour,Cocody
AX_R09,Yopougon (Gare) -> Marcory (Zone 4),Yopougon,Marcory,5.369048,-3.999911,25.3,50,0.506,Modere,9842,1082,2026-05-17,21,dimanche,2026-05-17T21:01:52Z,retour,retour,Yopougon
AX_R10,Yopougon (Jatak) -> Marcory (Zone 4),Yopougon,Marcory,5.321877,-4.1035450000000004,30.1,90,0.334,Congestionne,20475,1893,2026-05-17,21,dimanche,2026-05-17T21:01:53Z,retour,retour,Yopougon
AX_R11,Abobo -> Cocody (Carrefour Universite),Abobo,Cocody,5.420996,-4.01901,35.6,90,0.396,Congestionne,21291,1704,2026-05-17,21,dimanche,2026-05-17T21:01:54Z,retour,retour,Abobo
AX_R12,Abobo -> Marcory (Zone 4),Abobo,Marcory,5.420996,-4.01901,36.1,50,0.722,Modere,15171,1199,2026-05-17,21,dimanche,2026-05-17T21:01:56Z,retour,retour,Abobo
AX_R01,Retour Plateau -> Abobo (Gare Mairie),Plateau,Abobo,5.3167,-4.0234,24.6,90,0.273,Bloque,14058,1643,2026-05-17,22,dimanche,2026-05-17T22:04:21Z,retour,retour,Plateau
AX_R02,Retour Plateau -> Yopougon (Gare Autoroute),Plateau,Yopougon,5.3167,-4.0234,20.8,100,0.208,Bloque,12679,1758,2026-05-17,22,dimanche,2026-05-17T22:04:22Z,retour,retour,Plateau
AX_R03,Retour Plateau -> Yopougon (Clinique Fraternite),Plateau,Yopougon,5.3167,-4.0234,19,50,0.38,Congestionne,9255,1399,2026-05-17,22,dimanche,2026-05-17T22:04:23Z,retour,retour,Plateau
AX_R04,Retour Plateau -> Yopougon (Carrefour Jatak),Plateau,Yopougon,5.3167,-4.0234,23.1,90,0.257,Bloque,17884,2225,2026-05-17,22,dimanche,2026-05-17T22:04:25Z,retour,retour,Plateau
AX_R05,Retour Plateau -> Marcory (Rond-point),Plateau,Marcory,5.3167,-4.0234,17.8,50,0.356,Congestionne,10462,1686,2026-05-17,22,dimanche,2026-05-17T22:04:26Z,retour,retour,Plateau
AX_R06,Retour Cocody -> Bingerville (Lycee),Cocody,Bingerville,5.3523,-3.9895,29.3,70,0.419,Congestionne,13290,1353,2026-05-17,22,dimanche,2026-05-17T22:04:27Z,retour,retour,Cocody
AX_R07,Retour Cocody -> Yopougon (Carrefour Universite),Cocody,Yopougon,5.3523,-3.9895,22.9,100,0.229,Bloque,3631,472,2026-05-17,22,dimanche,2026-05-17T22:04:28Z,retour,retour,Cocody
AX_R08,Retour Cocody -> Abobo (2 Plateaux),Cocody,Abobo,5.3523,-3.9895,35.5,90,0.394,Congestionne,11801,990,2026-05-17,22,dimanche,2026-05-17T22:04:29Z,retour,retour,Cocody
AX_R09,Yopougon (Gare) -> Marcory (Zone 4),Yopougon,Marcory,5.369048,-3.999911,27,50,0.54,Modere,9842,1082,2026-05-17,22,dimanche,2026-05-17T22:04:31Z,retour,retour,Yopougon
AX_R10,Yopougon (Jatak) -> Marcory (Zone 4),Yopougon,Marcory,5.321877,-4.1035450000000004,32.2,90,0.358,Congestionne,20475,1893,2026-05-17,22,dimanche,2026-05-17T22:04:32Z,retour,retour,Yopougon
AX_R11,Abobo -> Cocody (Carrefour Universite),Abobo,Cocody,5.420996,-4.01901,38.1,90,0.423,Congestionne,21291,1704,2026-05-17,22,dimanche,2026-05-17T22:04:33Z,retour,retour,Abobo
AX_R12,Abobo -> Marcory (Zone 4),Abobo,Marcory,5.420996,-4.01901,38.6,50,0.772,Modere,15171,1199,2026-05-17,22,dimanche,2026-05-17T22:04:34Z,retour,retour,Abobo
AX_R01,Retour Plateau -> Abobo (Gare Mairie),Plateau,Abobo,5.3167,-4.0234,25.7,90,0.286,Bloque,14058,1643,2026-05-17,23,dimanche,2026-05-17T23:07:06Z,retour,retour,Plateau
AX_R02,Retour Plateau -> Yopougon (Gare Autoroute),Plateau,Yopougon,5.3167,-4.0234,21.7,100,0.217,Bloque,12679,1758,2026-05-17,23,dimanche,2026-05-17T23:07:08Z,retour,retour,Plateau
AX_R03,Retour Plateau -> Yopougon (Clinique Fraternite),Plateau,Yopougon,5.3167,-4.0234,19.8,50,0.396,Congestionne,9255,1399,2026-05-17,23,dimanche,2026-05-17T23:07:09Z,retour,retour,Plateau
AX_R04,Retour Plateau -> Yopougon (Carrefour Jatak),Plateau,Yopougon,5.3167,-4.0234,24.1,90,0.268,Bloque,17884,2225,2026-05-17,23,dimanche,2026-05-17T23:07:10Z,retour,retour,Plateau
AX_R05,Retour Plateau -> Marcory (Rond-point),Plateau,Marcory,5.3167,-4.0234,18.6,50,0.372,Congestionne,10462,1686,2026-05-17,23,dimanche,2026-05-17T23:07:11Z,retour,retour,Plateau
AX_R06,Retour Cocody -> Bingerville (Lycee),Cocody,Bingerville,5.3523,-3.9895,30.5,70,0.436,Congestionne,13290,1353,2026-05-17,23,dimanche,2026-05-17T23:07:13Z,retour,retour,Cocody
AX_R07,Retour Cocody -> Yopougon (Carrefour Universite),Cocody,Yopougon,5.3523,-3.9895,23.9,100,0.239,Bloque,3631,472,2026-05-17,23,dimanche,2026-05-17T23:07:14Z,retour,retour,Cocody
AX_R08,Retour Cocody -> Abobo (2 Plateaux),Cocody,Abobo,5.3523,-3.9895,37,90,0.411,Congestionne,11801,990,2026-05-17,23,dimanche,2026-05-17T23:07:15Z,retour,retour,Cocody
AX_R09,Yopougon (Gare) -> Marcory (Zone 4),Yopougon,Marcory,5.369048,-3.999911,28.2,50,0.564,Modere,9842,1082,2026-05-17,23,dimanche,2026-05-17T23:07:16Z,retour,retour,Yopougon
AX_R10,Yopougon (Jatak) -> Marcory (Zone 4),Yopougon,Marcory,5.321877,-4.1035450000000004,33.5,90,0.372,Congestionne,20475,1893,2026-05-17,23,dimanche,2026-05-17T23:07:18Z,retour,retour,Yopougon
AX_R11,Abobo -> Cocody (Carrefour Universite),Abobo,Cocody,5.420996,-4.01901,39.7,90,0.441,Congestionne,21291,1704,2026-05-17,23,dimanche,2026-05-17T23:07:19Z,retour,retour,Abobo
AX_R12,Abobo -> Marcory (Zone 4),Abobo,Marcory,5.420996,-4.01901,40.2,50,0.804,Fluide,15171,1199,2026-05-17,23,dimanche,2026-05-17T23:07:20Z,retour,retour,Abobo
AX_R01,Retour Plateau -> Abobo (Gare Mairie),Plateau,Abobo,5.3167,-4.0234,20.4,90,0.227,Bloque,14058,1643,2026-05-18,13,lundi,2026-05-18T13:38:57Z,retour,NA,Plateau
AX_R02,Retour Plateau -> Yopougon (Gare Autoroute),Plateau,Yopougon,5.3167,-4.0234,17.2,100,0.172,Bloque,12679,1758,2026-05-18,13,lundi,2026-05-18T13:38:58Z,retour,NA,Plateau
AX_R03,Retour Plateau -> Yopougon (Clinique Fraternite),Plateau,Yopougon,5.3167,-4.0234,15.8,50,0.316,Congestionne,9255,1399,2026-05-18,13,lundi,2026-05-18T13:38:59Z,retour,NA,Plateau
AX_R04,Retour Plateau -> Yopougon (Carrefour Jatak),Plateau,Yopougon,5.3167,-4.0234,19.2,90,0.213,Bloque,17884,2225,2026-05-18,13,lundi,2026-05-18T13:39:01Z,retour,NA,Plateau
AX_R05,Retour Plateau -> Marcory (Rond-point),Plateau,Marcory,5.3167,-4.0234,14.8,50,0.296,Bloque,10462,1686,2026-05-18,13,lundi,2026-05-18T13:39:02Z,retour,NA,Plateau
AX_R06,Retour Cocody -> Bingerville (Lycee),Cocody,Bingerville,5.3523,-3.9895,24.3,70,0.347,Congestionne,13290,1353,2026-05-18,13,lundi,2026-05-18T13:39:03Z,retour,NA,Cocody
AX_R07,Retour Cocody -> Yopougon (Carrefour Universite),Cocody,Yopougon,5.3523,-3.9895,19,100,0.19,Bloque,3631,472,2026-05-18,13,lundi,2026-05-18T13:39:04Z,retour,NA,Cocody
AX_R08,Retour Cocody -> Abobo (2 Plateaux),Cocody,Abobo,5.3523,-3.9895,29.4,90,0.327,Congestionne,11801,990,2026-05-18,13,lundi,2026-05-18T13:39:06Z,retour,NA,Cocody
AX_R09,Yopougon (Gare) -> Marcory (Zone 4),Yopougon,Marcory,5.369048,-3.999911,22.4,50,0.448,Congestionne,9842,1082,2026-05-18,13,lundi,2026-05-18T13:39:07Z,retour,NA,Yopougon
AX_R10,Yopougon (Jatak) -> Marcory (Zone 4),Yopougon,Marcory,5.321877,-4.1035450000000004,26.7,90,0.297,Bloque,20475,1893,2026-05-18,13,lundi,2026-05-18T13:39:08Z,retour,NA,Yopougon
AX_R11,Abobo -> Cocody (Carrefour Universite),Abobo,Cocody,5.420996,-4.01901,31.6,90,0.351,Congestionne,21291,1704,2026-05-18,13,lundi,2026-05-18T13:39:09Z,retour,NA,Abobo
AX_R12,Abobo -> Marcory (Zone 4),Abobo,Marcory,5.420996,-4.01901,32,50,0.64,Modere,15171,1199,2026-05-18,13,lundi,2026-05-18T13:39:11Z,retour,NA,Abobo
AX_R01,Retour Plateau -> Abobo (Gare Mairie),Plateau,Abobo,5.3167,-4.0234,21.5,90,0.239,Bloque,14058,1643,2026-05-18,14,lundi,2026-05-18T14:10:08Z,retour,NA,Plateau
AX_R02,Retour Plateau -> Yopougon (Gare Autoroute),Plateau,Yopougon,5.3167,-4.0234,18.1,100,0.181,Bloque,12679,1758,2026-05-18,14,lundi,2026-05-18T14:10:09Z,retour,NA,Plateau
AX_R03,Retour Plateau -> Yopougon (Clinique Fraternite),Plateau,Yopougon,5.3167,-4.0234,16.6,50,0.332,Congestionne,9255,1399,2026-05-18,14,lundi,2026-05-18T14:10:11Z,retour,NA,Plateau
AX_R04,Retour Plateau -> Yopougon (Carrefour Jatak),Plateau,Yopougon,5.3167,-4.0234,20.1,90,0.223,Bloque,17884,2225,2026-05-18,14,lundi,2026-05-18T14:10:12Z,retour,NA,Plateau
AX_R05,Retour Plateau -> Marcory (Rond-point),Plateau,Marcory,5.3167,-4.0234,15.5,50,0.31,Congestionne,10462,1686,2026-05-18,14,lundi,2026-05-18T14:10:13Z,retour,NA,Plateau
AX_R06,Retour Cocody -> Bingerville (Lycee),Cocody,Bingerville,5.3523,-3.9895,25.5,70,0.364,Congestionne,13290,1353,2026-05-18,14,lundi,2026-05-18T14:10:14Z,retour,NA,Cocody
AX_R07,Retour Cocody -> Yopougon (Carrefour Universite),Cocody,Yopougon,5.3523,-3.9895,20,100,0.2,Bloque,3631,472,2026-05-18,14,lundi,2026-05-18T14:10:16Z,retour,NA,Cocody
AX_R08,Retour Cocody -> Abobo (2 Plateaux),Cocody,Abobo,5.3523,-3.9895,31,90,0.344,Congestionne,11801,990,2026-05-18,14,lundi,2026-05-18T14:10:17Z,retour,NA,Cocody
AX_R09,Yopougon (Gare) -> Marcory (Zone 4),Yopougon,Marcory,5.369048,-3.999911,23.6,50,0.472,Congestionne,9842,1082,2026-05-18,14,lundi,2026-05-18T14:10:18Z,retour,NA,Yopougon
AX_R10,Yopougon (Jatak) -> Marcory (Zone 4),Yopougon,Marcory,5.321877,-4.1035450000000004,28.1,90,0.312,Congestionne,20475,1893,2026-05-18,14,lundi,2026-05-18T14:10:19Z,retour,NA,Yopougon
AX_R11,Abobo -> Cocody (Carrefour Universite),Abobo,Cocody,5.420996,-4.01901,33.2,90,0.369,Congestionne,21291,1704,2026-05-18,14,lundi,2026-05-18T14:10:21Z,retour,NA,Abobo
AX_R12,Abobo -> Marcory (Zone 4),Abobo,Marcory,5.420996,-4.01901,33.7,50,0.674,Modere,15171,1199,2026-05-18,14,lundi,2026-05-18T14:10:22Z,retour,NA,Abobo
AX_R01,Retour Plateau -> Abobo (Gare Mairie),Plateau,Abobo,5.3167,-4.0234,18.8,90,0.209,Bloque,14058,1643,2026-05-18,15,lundi,2026-05-18T15:12:44Z,retour,NA,Plateau
AX_R02,Retour Plateau -> Yopougon (Gare Autoroute),Plateau,Yopougon,5.3167,-4.0234,15.9,100,0.159,Bloque,12679,1758,2026-05-18,15,lundi,2026-05-18T15:12:45Z,retour,NA,Plateau
AX_R03,Retour Plateau -> Yopougon (Clinique Fraternite),Plateau,Yopougon,5.3167,-4.0234,14.6,50,0.292,Bloque,9255,1399,2026-05-18,15,lundi,2026-05-18T15:12:46Z,retour,NA,Plateau
AX_R04,Retour Plateau -> Yopougon (Carrefour Jatak),Plateau,Yopougon,5.3167,-4.0234,17.7,90,0.197,Bloque,17884,2225,2026-05-18,15,lundi,2026-05-18T15:12:47Z,retour,NA,Plateau
AX_R05,Retour Plateau -> Marcory (Rond-point),Plateau,Marcory,5.3167,-4.0234,13.6,50,0.272,Bloque,10462,1686,2026-05-18,15,lundi,2026-05-18T15:12:49Z,retour,NA,Plateau
AX_R06,Retour Cocody -> Bingerville (Lycee),Cocody,Bingerville,5.3523,-3.9895,22.4,70,0.32,Congestionne,13290,1353,2026-05-18,15,lundi,2026-05-18T15:12:50Z,retour,NA,Cocody
AX_R07,Retour Cocody -> Yopougon (Carrefour Universite),Cocody,Yopougon,5.3523,-3.9895,17.6,100,0.176,Bloque,3631,472,2026-05-18,15,lundi,2026-05-18T15:12:51Z,retour,NA,Cocody
AX_R08,Retour Cocody -> Abobo (2 Plateaux),Cocody,Abobo,5.3523,-3.9895,27.2,90,0.302,Congestionne,11801,990,2026-05-18,15,lundi,2026-05-18T15:12:52Z,retour,NA,Cocody
AX_R09,Yopougon (Gare) -> Marcory (Zone 4),Yopougon,Marcory,5.369048,-3.999911,20.7,50,0.414,Congestionne,9842,1082,2026-05-18,15,lundi,2026-05-18T15:12:53Z,retour,NA,Yopougon
AX_R10,Yopougon (Jatak) -> Marcory (Zone 4),Yopougon,Marcory,5.321877,-4.1035450000000004,24.6,90,0.273,Bloque,20475,1893,2026-05-18,15,lundi,2026-05-18T15:12:55Z,retour,NA,Yopougon
AX_R11,Abobo -> Cocody (Carrefour Universite),Abobo,Cocody,5.420996,-4.01901,29.2,90,0.324,Congestionne,21291,1704,2026-05-18,15,lundi,2026-05-18T15:12:56Z,retour,NA,Abobo
AX_R12,Abobo -> Marcory (Zone 4),Abobo,Marcory,5.420996,-4.01901,29.5,50,0.59,Modere,15171,1199,2026-05-18,15,lundi,2026-05-18T15:12:57Z,retour,NA,Abobo
AX_R01,Retour Plateau -> Abobo (Gare Mairie),Plateau,Abobo,5.3167,-4.0234,13.6,90,0.151,Bloque,14058,1643,2026-05-18,16,lundi,2026-05-18T16:15:07Z,retour,NA,Plateau
AX_R02,Retour Plateau -> Yopougon (Gare Autoroute),Plateau,Yopougon,5.3167,-4.0234,11.5,100,0.115,Bloque,12679,1758,2026-05-18,16,lundi,2026-05-18T16:15:08Z,retour,NA,Plateau
AX_R03,Retour Plateau -> Yopougon (Clinique Fraternite),Plateau,Yopougon,5.3167,-4.0234,10.5,50,0.21,Bloque,9255,1399,2026-05-18,16,lundi,2026-05-18T16:15:09Z,retour,NA,Plateau
AX_R04,Retour Plateau -> Yopougon (Carrefour Jatak),Plateau,Yopougon,5.3167,-4.0234,12.8,90,0.142,Bloque,17884,2225,2026-05-18,16,lundi,2026-05-18T16:15:11Z,retour,NA,Plateau
AX_R05,Retour Plateau -> Marcory (Rond-point),Plateau,Marcory,5.3167,-4.0234,9.9,50,0.198,Bloque,10462,1686,2026-05-18,16,lundi,2026-05-18T16:15:12Z,retour,NA,Plateau
AX_R06,Retour Cocody -> Bingerville (Lycee),Cocody,Bingerville,5.3523,-3.9895,16.2,70,0.231,Bloque,13290,1353,2026-05-18,16,lundi,2026-05-18T16:15:13Z,retour,NA,Cocody
AX_R07,Retour Cocody -> Yopougon (Carrefour Universite),Cocody,Yopougon,5.3523,-3.9895,12.7,100,0.127,Bloque,3631,472,2026-05-18,16,lundi,2026-05-18T16:15:15Z,retour,NA,Cocody
AX_R08,Retour Cocody -> Abobo (2 Plateaux),Cocody,Abobo,5.3523,-3.9895,19.6,90,0.218,Bloque,11801,990,2026-05-18,16,lundi,2026-05-18T16:15:16Z,retour,NA,Cocody
AX_R09,Yopougon (Gare) -> Marcory (Zone 4),Yopougon,Marcory,5.369048,-3.999911,15,50,0.3,Congestionne,9842,1082,2026-05-18,16,lundi,2026-05-18T16:15:17Z,retour,NA,Yopougon
AX_R10,Yopougon (Jatak) -> Marcory (Zone 4),Yopougon,Marcory,5.321877,-4.1035450000000004,17.8,90,0.198,Bloque,20475,1893,2026-05-18,16,lundi,2026-05-18T16:15:18Z,retour,NA,Yopougon
AX_R11,Abobo -> Cocody (Carrefour Universite),Abobo,Cocody,5.420996,-4.01901,21.1,90,0.234,Bloque,21291,1704,2026-05-18,16,lundi,2026-05-18T16:15:20Z,retour,NA,Abobo
AX_R12,Abobo -> Marcory (Zone 4),Abobo,Marcory,5.420996,-4.01901,21.3,50,0.426,Congestionne,15171,1199,2026-05-18,16,lundi,2026-05-18T16:15:21Z,retour,NA,Abobo
AX_R01,Retour Plateau -> Abobo (Gare Mairie),Plateau,Abobo,5.3167,-4.0234,9.9,90,0.11,Bloque,14058,1643,2026-05-18,17,lundi,2026-05-18T17:18:29Z,retour,NA,Plateau
AX_R02,Retour Plateau -> Yopougon (Gare Autoroute),Plateau,Yopougon,5.3167,-4.0234,8.4,100,0.084,Bloque,12679,1758,2026-05-18,17,lundi,2026-05-18T17:18:31Z,retour,NA,Plateau
AX_R03,Retour Plateau -> Yopougon (Clinique Fraternite),Plateau,Yopougon,5.3167,-4.0234,7.7,50,0.154,Bloque,9255,1399,2026-05-18,17,lundi,2026-05-18T17:18:32Z,retour,NA,Plateau
AX_R04,Retour Plateau -> Yopougon (Carrefour Jatak),Plateau,Yopougon,5.3167,-4.0234,9.3,90,0.103,Bloque,17884,2225,2026-05-18,17,lundi,2026-05-18T17:18:33Z,retour,NA,Plateau
AX_R05,Retour Plateau -> Marcory (Rond-point),Plateau,Marcory,5.3167,-4.0234,7.2,50,0.144,Bloque,10462,1686,2026-05-18,17,lundi,2026-05-18T17:18:35Z,retour,NA,Plateau
AX_R06,Retour Cocody -> Bingerville (Lycee),Cocody,Bingerville,5.3523,-3.9895,11.8,70,0.169,Bloque,13290,1353,2026-05-18,17,lundi,2026-05-18T17:18:36Z,retour,NA,Cocody
AX_R07,Retour Cocody -> Yopougon (Carrefour Universite),Cocody,Yopougon,5.3523,-3.9895,9.3,100,0.093,Bloque,3631,472,2026-05-18,17,lundi,2026-05-18T17:18:37Z,retour,NA,Cocody
AX_R08,Retour Cocody -> Abobo (2 Plateaux),Cocody,Abobo,5.3523,-3.9895,14.3,90,0.159,Bloque,11801,990,2026-05-18,17,lundi,2026-05-18T17:18:39Z,retour,NA,Cocody
AX_R09,Yopougon (Gare) -> Marcory (Zone 4),Yopougon,Marcory,5.369048,-3.999911,10.9,50,0.218,Bloque,9842,1082,2026-05-18,17,lundi,2026-05-18T17:18:40Z,retour,NA,Yopougon
AX_R10,Yopougon (Jatak) -> Marcory (Zone 4),Yopougon,Marcory,5.321877,-4.1035450000000004,13,90,0.144,Bloque,20475,1893,2026-05-18,17,lundi,2026-05-18T17:18:42Z,retour,NA,Yopougon
AX_R11,Abobo -> Cocody (Carrefour Universite),Abobo,Cocody,5.420996,-4.01901,15.4,90,0.171,Bloque,21291,1704,2026-05-18,17,lundi,2026-05-18T17:18:43Z,retour,NA,Abobo
AX_R12,Abobo -> Marcory (Zone 4),Abobo,Marcory,5.420996,-4.01901,15.6,50,0.312,Congestionne,15171,1199,2026-05-18,17,lundi,2026-05-18T17:18:44Z,retour,NA,Abobo
AX_R01,Retour Plateau -> Abobo (Gare Mairie),Plateau,Abobo,5.3167,-4.0234,12.6,90,0.14,Bloque,14058,1643,2026-05-18,18,lundi,2026-05-18T18:21:06Z,retour,NA,Plateau
AX_R02,Retour Plateau -> Yopougon (Gare Autoroute),Plateau,Yopougon,5.3167,-4.0234,10.6,100,0.106,Bloque,12679,1758,2026-05-18,18,lundi,2026-05-18T18:21:08Z,retour,NA,Plateau
AX_R03,Retour Plateau -> Yopougon (Clinique Fraternite),Plateau,Yopougon,5.3167,-4.0234,9.7,50,0.194,Bloque,9255,1399,2026-05-18,18,lundi,2026-05-18T18:21:09Z,retour,NA,Plateau
AX_R04,Retour Plateau -> Yopougon (Carrefour Jatak),Plateau,Yopougon,5.3167,-4.0234,11.8,90,0.131,Bloque,17884,2225,2026-05-18,18,lundi,2026-05-18T18:21:10Z,retour,NA,Plateau
AX_R05,Retour Plateau -> Marcory (Rond-point),Plateau,Marcory,5.3167,-4.0234,9.1,50,0.182,Bloque,10462,1686,2026-05-18,18,lundi,2026-05-18T18:21:11Z,retour,NA,Plateau
AX_R06,Retour Cocody -> Bingerville (Lycee),Cocody,Bingerville,5.3523,-3.9895,15,70,0.214,Bloque,13290,1353,2026-05-18,18,lundi,2026-05-18T18:21:13Z,retour,NA,Cocody
AX_R07,Retour Cocody -> Yopougon (Carrefour Universite),Cocody,Yopougon,5.3523,-3.9895,11.7,100,0.117,Bloque,3631,472,2026-05-18,18,lundi,2026-05-18T18:21:14Z,retour,NA,Cocody
AX_R08,Retour Cocody -> Abobo (2 Plateaux),Cocody,Abobo,5.3523,-3.9895,18.1,90,0.201,Bloque,11801,990,2026-05-18,18,lundi,2026-05-18T18:21:15Z,retour,NA,Cocody
AX_R09,Yopougon (Gare) -> Marcory (Zone 4),Yopougon,Marcory,5.369048,-3.999911,13.8,50,0.276,Bloque,9842,1082,2026-05-18,18,lundi,2026-05-18T18:21:16Z,retour,NA,Yopougon
AX_R10,Yopougon (Jatak) -> Marcory (Zone 4),Yopougon,Marcory,5.321877,-4.1035450000000004,16.4,90,0.182,Bloque,20475,1893,2026-05-18,18,lundi,2026-05-18T18:21:18Z,retour,NA,Yopougon
AX_R11,Abobo -> Cocody (Carrefour Universite),Abobo,Cocody,5.420996,-4.01901,19.4,90,0.216,Bloque,21291,1704,2026-05-18,18,lundi,2026-05-18T18:21:19Z,retour,NA,Abobo
AX_R12,Abobo -> Marcory (Zone 4),Abobo,Marcory,5.420996,-4.01901,19.7,50,0.394,Congestionne,15171,1199,2026-05-18,18,lundi,2026-05-18T18:21:20Z,retour,NA,Abobo
AX_R01,Retour Plateau -> Abobo (Gare Mairie),Plateau,Abobo,5.3167,-4.0234,16.2,90,0.18,Bloque,14058,1643,2026-05-18,19,lundi,2026-05-18T19:23:58Z,retour,NA,Plateau
AX_R02,Retour Plateau -> Yopougon (Gare Autoroute),Plateau,Yopougon,5.3167,-4.0234,13.7,100,0.137,Bloque,12679,1758,2026-05-18,19,lundi,2026-05-18T19:23:59Z,retour,NA,Plateau
AX_R03,Retour Plateau -> Yopougon (Clinique Fraternite),Plateau,Yopougon,5.3167,-4.0234,12.5,50,0.25,Bloque,9255,1399,2026-05-18,19,lundi,2026-05-18T19:24:00Z,retour,NA,Plateau
AX_R04,Retour Plateau -> Yopougon (Carrefour Jatak),Plateau,Yopougon,5.3167,-4.0234,15.2,90,0.169,Bloque,17884,2225,2026-05-18,19,lundi,2026-05-18T19:24:02Z,retour,NA,Plateau
AX_R05,Retour Plateau -> Marcory (Rond-point),Plateau,Marcory,5.3167,-4.0234,11.8,50,0.236,Bloque,10462,1686,2026-05-18,19,lundi,2026-05-18T19:24:03Z,retour,NA,Plateau
AX_R06,Retour Cocody -> Bingerville (Lycee),Cocody,Bingerville,5.3523,-3.9895,19.3,70,0.276,Bloque,13290,1353,2026-05-18,19,lundi,2026-05-18T19:24:04Z,retour,NA,Cocody
AX_R07,Retour Cocody -> Yopougon (Carrefour Universite),Cocody,Yopougon,5.3523,-3.9895,15.1,100,0.151,Bloque,3631,472,2026-05-18,19,lundi,2026-05-18T19:24:05Z,retour,NA,Cocody
AX_R08,Retour Cocody -> Abobo (2 Plateaux),Cocody,Abobo,5.3523,-3.9895,23.4,90,0.26,Bloque,11801,990,2026-05-18,19,lundi,2026-05-18T19:24:07Z,retour,NA,Cocody
AX_R09,Yopougon (Gare) -> Marcory (Zone 4),Yopougon,Marcory,5.369048,-3.999911,17.8,50,0.356,Congestionne,9842,1082,2026-05-18,19,lundi,2026-05-18T19:24:08Z,retour,NA,Yopougon
AX_R10,Yopougon (Jatak) -> Marcory (Zone 4),Yopougon,Marcory,5.321877,-4.1035450000000004,21.2,90,0.236,Bloque,20475,1893,2026-05-18,19,lundi,2026-05-18T19:24:09Z,retour,NA,Yopougon
AX_R11,Abobo -> Cocody (Carrefour Universite),Abobo,Cocody,5.420996,-4.01901,25.1,90,0.279,Bloque,21291,1704,2026-05-18,19,lundi,2026-05-18T19:24:11Z,retour,NA,Abobo
AX_R12,Abobo -> Marcory (Zone 4),Abobo,Marcory,5.420996,-4.01901,25.4,50,0.508,Modere,15171,1199,2026-05-18,19,lundi,2026-05-18T19:24:12Z,retour,NA,Abobo
AX_R01,Retour Plateau -> Abobo (Gare Mairie),Plateau,Abobo,5.3167,-4.0234,20.4,90,0.227,Bloque,14058,1643,2026-05-18,20,lundi,2026-05-18T20:26:17Z,retour,NA,Plateau
AX_R02,Retour Plateau -> Yopougon (Gare Autoroute),Plateau,Yopougon,5.3167,-4.0234,17.2,100,0.172,Bloque,12679,1758,2026-05-18,20,lundi,2026-05-18T20:26:18Z,retour,NA,Plateau
AX_R03,Retour Plateau -> Yopougon (Clinique Fraternite),Plateau,Yopougon,5.3167,-4.0234,15.8,50,0.316,Congestionne,9255,1399,2026-05-18,20,lundi,2026-05-18T20:26:20Z,retour,NA,Plateau
AX_R04,Retour Plateau -> Yopougon (Carrefour Jatak),Plateau,Yopougon,5.3167,-4.0234,19.2,90,0.213,Bloque,17884,2225,2026-05-18,20,lundi,2026-05-18T20:26:21Z,retour,NA,Plateau
AX_R05,Retour Plateau -> Marcory (Rond-point),Plateau,Marcory,5.3167,-4.0234,14.8,50,0.296,Bloque,10462,1686,2026-05-18,20,lundi,2026-05-18T20:26:22Z,retour,NA,Plateau
AX_R06,Retour Cocody -> Bingerville (Lycee),Cocody,Bingerville,5.3523,-3.9895,24.3,70,0.347,Congestionne,13290,1353,2026-05-18,20,lundi,2026-05-18T20:26:23Z,retour,NA,Cocody
AX_R07,Retour Cocody -> Yopougon (Carrefour Universite),Cocody,Yopougon,5.3523,-3.9895,19,100,0.19,Bloque,3631,472,2026-05-18,20,lundi,2026-05-18T20:26:25Z,retour,NA,Cocody
AX_R08,Retour Cocody -> Abobo (2 Plateaux),Cocody,Abobo,5.3523,-3.9895,29.4,90,0.327,Congestionne,11801,990,2026-05-18,20,lundi,2026-05-18T20:26:26Z,retour,NA,Cocody
AX_R09,Yopougon (Gare) -> Marcory (Zone 4),Yopougon,Marcory,5.369048,-3.999911,22.4,50,0.448,Congestionne,9842,1082,2026-05-18,20,lundi,2026-05-18T20:26:27Z,retour,NA,Yopougon
AX_R10,Yopougon (Jatak) -> Marcory (Zone 4),Yopougon,Marcory,5.321877,-4.1035450000000004,26.7,90,0.297,Bloque,20475,1893,2026-05-18,20,lundi,2026-05-18T20:26:28Z,retour,NA,Yopougon
AX_R11,Abobo -> Cocody (Carrefour Universite),Abobo,Cocody,5.420996,-4.01901,31.6,90,0.351,Congestionne,21291,1704,2026-05-18,20,lundi,2026-05-18T20:26:30Z,retour,NA,Abobo
AX_R12,Abobo -> Marcory (Zone 4),Abobo,Marcory,5.420996,-4.01901,32,50,0.64,Modere,15171,1199,2026-05-18,20,lundi,2026-05-18T20:26:31Z,retour,NA,Abobo
AX_R01,Retour Plateau -> Abobo (Gare Mairie),Plateau,Abobo,5.3167,-4.0234,23,90,0.256,Bloque,14058,1643,2026-05-18,21,lundi,2026-05-18T21:28:37Z,retour,NA,Plateau
AX_R02,Retour Plateau -> Yopougon (Gare Autoroute),Plateau,Yopougon,5.3167,-4.0234,19.4,100,0.194,Bloque,12679,1758,2026-05-18,21,lundi,2026-05-18T21:28:38Z,retour,NA,Plateau
AX_R03,Retour Plateau -> Yopougon (Clinique Fraternite),Plateau,Yopougon,5.3167,-4.0234,17.8,50,0.356,Congestionne,9255,1399,2026-05-18,21,lundi,2026-05-18T21:28:39Z,retour,NA,Plateau
AX_R04,Retour Plateau -> Yopougon (Carrefour Jatak),Plateau,Yopougon,5.3167,-4.0234,21.6,90,0.24,Bloque,17884,2225,2026-05-18,21,lundi,2026-05-18T21:28:40Z,retour,NA,Plateau
AX_R05,Retour Plateau -> Marcory (Rond-point),Plateau,Marcory,5.3167,-4.0234,16.7,50,0.334,Congestionne,10462,1686,2026-05-18,21,lundi,2026-05-18T21:28:42Z,retour,NA,Plateau
AX_R06,Retour Cocody -> Bingerville (Lycee),Cocody,Bingerville,5.3523,-3.9895,27.4,70,0.391,Congestionne,13290,1353,2026-05-18,21,lundi,2026-05-18T21:28:43Z,retour,NA,Cocody
AX_R07,Retour Cocody -> Yopougon (Carrefour Universite),Cocody,Yopougon,5.3523,-3.9895,21.5,100,0.215,Bloque,3631,472,2026-05-18,21,lundi,2026-05-18T21:28:44Z,retour,NA,Cocody
AX_R08,Retour Cocody -> Abobo (2 Plateaux),Cocody,Abobo,5.3523,-3.9895,33.2,90,0.369,Congestionne,11801,990,2026-05-18,21,lundi,2026-05-18T21:28:45Z,retour,NA,Cocody
AX_R09,Yopougon (Gare) -> Marcory (Zone 4),Yopougon,Marcory,5.369048,-3.999911,25.3,50,0.506,Modere,9842,1082,2026-05-18,21,lundi,2026-05-18T21:28:46Z,retour,NA,Yopougon
AX_R10,Yopougon (Jatak) -> Marcory (Zone 4),Yopougon,Marcory,5.321877,-4.1035450000000004,30.1,90,0.334,Congestionne,20475,1893,2026-05-18,21,lundi,2026-05-18T21:28:48Z,retour,NA,Yopougon
AX_R11,Abobo -> Cocody (Carrefour Universite),Abobo,Cocody,5.420996,-4.01901,35.6,90,0.396,Congestionne,21291,1704,2026-05-18,21,lundi,2026-05-18T21:28:49Z,retour,NA,Abobo
AX_R12,Abobo -> Marcory (Zone 4),Abobo,Marcory,5.420996,-4.01901,36.1,50,0.722,Modere,15171,1199,2026-05-18,21,lundi,2026-05-18T21:28:50Z,retour,NA,Abobo
AX_R05,Retour Plateau -> Marcory (Rond-point),Plateau,Marcory,5.3167,-4.0234,17.8,50,0.356,Congestionne,10462,1686,2026-05-18,22,lundi,2026-05-18T22:00:00Z,retour,NA,Plateau
AX_R06,Retour Cocody -> Bingerville (Lycee),Cocody,Bingerville,5.3523,-3.9895,29.3,70,0.419,Congestionne,13290,1353,2026-05-18,22,lundi,2026-05-18T22:00:01Z,retour,NA,Cocody
AX_R07,Retour Cocody -> Yopougon (Carrefour Universite),Cocody,Yopougon,5.3523,-3.9895,22.9,100,0.229,Bloque,3631,472,2026-05-18,22,lundi,2026-05-18T22:00:02Z,retour,NA,Cocody
AX_R08,Retour Cocody -> Abobo (2 Plateaux),Cocody,Abobo,5.3523,-3.9895,35.5,90,0.394,Congestionne,11801,990,2026-05-18,22,lundi,2026-05-18T22:00:03Z,retour,NA,Cocody
AX_R09,Yopougon (Gare) -> Marcory (Zone 4),Yopougon,Marcory,5.369048,-3.999911,27,50,0.54,Modere,9842,1082,2026-05-18,22,lundi,2026-05-18T22:00:05Z,retour,NA,Yopougon
AX_R10,Yopougon (Jatak) -> Marcory (Zone 4),Yopougon,Marcory,5.321877,-4.1035450000000004,32.2,90,0.358,Congestionne,20475,1893,2026-05-18,22,lundi,2026-05-18T22:00:06Z,retour,NA,Yopougon
AX_R11,Abobo -> Cocody (Carrefour Universite),Abobo,Cocody,5.420996,-4.01901,38.1,90,0.423,Congestionne,21291,1704,2026-05-18,22,lundi,2026-05-18T22:00:07Z,retour,NA,Abobo
AX_R12,Abobo -> Marcory (Zone 4),Abobo,Marcory,5.420996,-4.01901,38.6,50,0.772,Modere,15171,1199,2026-05-18,22,lundi,2026-05-18T22:00:08Z,retour,NA,Abobo
AX_R01,Retour Plateau -> Abobo (Gare Mairie),Plateau,Abobo,5.3167,-4.0234,24.6,90,0.273,Bloque,14058,1643,2026-05-18,22,lundi,2026-05-18T22:31:06Z,retour,NA,Plateau
AX_R02,Retour Plateau -> Yopougon (Gare Autoroute),Plateau,Yopougon,5.3167,-4.0234,20.8,100,0.208,Bloque,12679,1758,2026-05-18,22,lundi,2026-05-18T22:31:07Z,retour,NA,Plateau
AX_R03,Retour Plateau -> Yopougon (Clinique Fraternite),Plateau,Yopougon,5.3167,-4.0234,19,50,0.38,Congestionne,9255,1399,2026-05-18,22,lundi,2026-05-18T22:31:08Z,retour,NA,Plateau
AX_R04,Retour Plateau -> Yopougon (Carrefour Jatak),Plateau,Yopougon,5.3167,-4.0234,23.1,90,0.257,Bloque,17884,2225,2026-05-18,22,lundi,2026-05-18T22:31:10Z,retour,NA,Plateau
AX_R01,Retour Plateau -> Abobo (Gare Mairie),Plateau,Abobo,5.3167,-4.0234,25.7,90,0.286,Bloque,14058,1643,2026-05-18,23,lundi,2026-05-18T23:02:15Z,retour,NA,Plateau
AX_R02,Retour Plateau -> Yopougon (Gare Autoroute),Plateau,Yopougon,5.3167,-4.0234,21.7,100,0.217,Bloque,12679,1758,2026-05-18,23,lundi,2026-05-18T23:02:16Z,retour,NA,Plateau
AX_R03,Retour Plateau -> Yopougon (Clinique Fraternite),Plateau,Yopougon,5.3167,-4.0234,19.8,50,0.396,Congestionne,9255,1399,2026-05-18,23,lundi,2026-05-18T23:02:17Z,retour,NA,Plateau
AX_R04,Retour Plateau -> Yopougon (Carrefour Jatak),Plateau,Yopougon,5.3167,-4.0234,24.1,90,0.268,Bloque,17884,2225,2026-05-18,23,lundi,2026-05-18T23:02:19Z,retour,NA,Plateau
AX_R05,Retour Plateau -> Marcory (Rond-point),Plateau,Marcory,5.3167,-4.0234,18.6,50,0.372,Congestionne,10462,1686,2026-05-18,23,lundi,2026-05-18T23:02:20Z,retour,NA,Plateau
AX_R06,Retour Cocody -> Bingerville (Lycee),Cocody,Bingerville,5.3523,-3.9895,30.5,70,0.436,Congestionne,13290,1353,2026-05-18,23,lundi,2026-05-18T23:02:21Z,retour,NA,Cocody
AX_R07,Retour Cocody -> Yopougon (Carrefour Universite),Cocody,Yopougon,5.3523,-3.9895,23.9,100,0.239,Bloque,3631,472,2026-05-18,23,lundi,2026-05-18T23:02:22Z,retour,NA,Cocody
AX_R08,Retour Cocody -> Abobo (2 Plateaux),Cocody,Abobo,5.3523,-3.9895,37,90,0.411,Congestionne,11801,990,2026-05-18,23,lundi,2026-05-18T23:02:24Z,retour,NA,Cocody
AX_R09,Yopougon (Gare) -> Marcory (Zone 4),Yopougon,Marcory,5.369048,-3.999911,28.2,50,0.564,Modere,9842,1082,2026-05-18,23,lundi,2026-05-18T23:02:25Z,retour,NA,Yopougon
AX_R10,Yopougon (Jatak) -> Marcory (Zone 4),Yopougon,Marcory,5.321877,-4.1035450000000004,33.5,90,0.372,Congestionne,20475,1893,2026-05-18,23,lundi,2026-05-18T23:02:26Z,retour,NA,Yopougon
AX_R11,Abobo -> Cocody (Carrefour Universite),Abobo,Cocody,5.420996,-4.01901,39.7,90,0.441,Congestionne,21291,1704,2026-05-18,23,lundi,2026-05-18T23:02:27Z,retour,NA,Abobo
AX_R12,Abobo -> Marcory (Zone 4),Abobo,Marcory,5.420996,-4.01901,40.2,50,0.804,Fluide,15171,1199,2026-05-18,23,lundi,2026-05-18T23:02:29Z,retour,NA,Abobo
AX_R01,Retour Plateau -> Abobo (Gare Mairie),Plateau,Abobo,5.3167,-4.0234,26.2,90,0.291,Bloque,14058,1643,2026-05-19,0,mardi,2026-05-19T00:04:38Z,retour,NA,Plateau
AX_R02,Retour Plateau -> Yopougon (Gare Autoroute),Plateau,Yopougon,5.3167,-4.0234,22.1,100,0.221,Bloque,12679,1758,2026-05-19,0,mardi,2026-05-19T00:04:39Z,retour,NA,Plateau
AX_R03,Retour Plateau -> Yopougon (Clinique Fraternite),Plateau,Yopougon,5.3167,-4.0234,20.2,50,0.404,Congestionne,9255,1399,2026-05-19,0,mardi,2026-05-19T00:04:40Z,retour,NA,Plateau
AX_R04,Retour Plateau -> Yopougon (Carrefour Jatak),Plateau,Yopougon,5.3167,-4.0234,24.6,90,0.273,Bloque,17884,2225,2026-05-19,0,mardi,2026-05-19T00:04:41Z,retour,NA,Plateau
AX_R05,Retour Plateau -> Marcory (Rond-point),Plateau,Marcory,5.3167,-4.0234,19,50,0.38,Congestionne,10462,1686,2026-05-19,0,mardi,2026-05-19T00:04:43Z,retour,NA,Plateau
AX_R06,Retour Cocody -> Bingerville (Lycee),Cocody,Bingerville,5.3523,-3.9895,31.2,70,0.446,Congestionne,13290,1353,2026-05-19,0,mardi,2026-05-19T00:04:44Z,retour,NA,Cocody
AX_R07,Retour Cocody -> Yopougon (Carrefour Universite),Cocody,Yopougon,5.3523,-3.9895,24.4,100,0.244,Bloque,3631,472,2026-05-19,0,mardi,2026-05-19T00:04:45Z,retour,NA,Cocody
AX_R08,Retour Cocody -> Abobo (2 Plateaux),Cocody,Abobo,5.3523,-3.9895,37.8,90,0.42,Congestionne,11801,990,2026-05-19,0,mardi,2026-05-19T00:04:46Z,retour,NA,Cocody
AX_R09,Yopougon (Gare) -> Marcory (Zone 4),Yopougon,Marcory,5.369048,-3.999911,28.8,50,0.576,Modere,9842,1082,2026-05-19,0,mardi,2026-05-19T00:04:48Z,retour,NA,Yopougon
AX_R10,Yopougon (Jatak) -> Marcory (Zone 4),Yopougon,Marcory,5.321877,-4.1035450000000004,34.2,90,0.38,Congestionne,20475,1893,2026-05-19,0,mardi,2026-05-19T00:04:49Z,retour,NA,Yopougon
AX_R11,Abobo -> Cocody (Carrefour Universite),Abobo,Cocody,5.420996,-4.01901,40.5,90,0.45,Congestionne,21291,1704,2026-05-19,0,mardi,2026-05-19T00:04:51Z,retour,NA,Abobo
AX_R12,Abobo -> Marcory (Zone 4),Abobo,Marcory,5.420996,-4.01901,41,50,0.82,Fluide,15171,1199,2026-05-19,0,mardi,2026-05-19T00:04:52Z,retour,NA,Abobo
AX_R01,Retour Plateau -> Abobo (Gare Mairie),Plateau,Abobo,5.3167,-4.0234,26.2,90,0.291,Bloque,14058,1643,2026-05-19,1,mardi,2026-05-19T01:07:11Z,retour,NA,Plateau
AX_R02,Retour Plateau -> Yopougon (Gare Autoroute),Plateau,Yopougon,5.3167,-4.0234,22.1,100,0.221,Bloque,12679,1758,2026-05-19,1,mardi,2026-05-19T01:07:12Z,retour,NA,Plateau
AX_R03,Retour Plateau -> Yopougon (Clinique Fraternite),Plateau,Yopougon,5.3167,-4.0234,20.2,50,0.404,Congestionne,9255,1399,2026-05-19,1,mardi,2026-05-19T01:07:13Z,retour,NA,Plateau
AX_R04,Retour Plateau -> Yopougon (Carrefour Jatak),Plateau,Yopougon,5.3167,-4.0234,24.6,90,0.273,Bloque,17884,2225,2026-05-19,1,mardi,2026-05-19T01:07:15Z,retour,NA,Plateau
AX_R05,Retour Plateau -> Marcory (Rond-point),Plateau,Marcory,5.3167,-4.0234,19,50,0.38,Congestionne,10462,1686,2026-05-19,1,mardi,2026-05-19T01:07:16Z,retour,NA,Plateau
AX_R06,Retour Cocody -> Bingerville (Lycee),Cocody,Bingerville,5.3523,-3.9895,31.2,70,0.446,Congestionne,13290,1353,2026-05-19,1,mardi,2026-05-19T01:07:17Z,retour,NA,Cocody
AX_R07,Retour Cocody -> Yopougon (Carrefour Universite),Cocody,Yopougon,5.3523,-3.9895,24.4,100,0.244,Bloque,3631,472,2026-05-19,1,mardi,2026-05-19T01:07:18Z,retour,NA,Cocody
AX_R08,Retour Cocody -> Abobo (2 Plateaux),Cocody,Abobo,5.3523,-3.9895,37.8,90,0.42,Congestionne,11801,990,2026-05-19,1,mardi,2026-05-19T01:07:20Z,retour,NA,Cocody
AX_R09,Yopougon (Gare) -> Marcory (Zone 4),Yopougon,Marcory,5.369048,-3.999911,28.8,50,0.576,Modere,9842,1082,2026-05-19,1,mardi,2026-05-19T01:07:21Z,retour,NA,Yopougon
AX_R10,Yopougon (Jatak) -> Marcory (Zone 4),Yopougon,Marcory,5.321877,-4.1035450000000004,34.2,90,0.38,Congestionne,20475,1893,2026-05-19,1,mardi,2026-05-19T01:07:22Z,retour,NA,Yopougon
AX_R11,Abobo -> Cocody (Carrefour Universite),Abobo,Cocody,5.420996,-4.01901,40.5,90,0.45,Congestionne,21291,1704,2026-05-19,1,mardi,2026-05-19T01:07:23Z,retour,NA,Abobo
AX_R12,Abobo -> Marcory (Zone 4),Abobo,Marcory,5.420996,-4.01901,41,50,0.82,Fluide,15171,1199,2026-05-19,1,mardi,2026-05-19T01:07:25Z,retour,NA,Abobo
AX_R01,Retour Plateau -> Abobo (Gare Mairie),Plateau,Abobo,5.3167,-4.0234,26.2,90,0.291,Bloque,14058,1643,2026-05-19,2,mardi,2026-05-19T02:09:44Z,retour,NA,Plateau
AX_R02,Retour Plateau -> Yopougon (Gare Autoroute),Plateau,Yopougon,5.3167,-4.0234,22.1,100,0.221,Bloque,12679,1758,2026-05-19,2,mardi,2026-05-19T02:09:45Z,retour,NA,Plateau
AX_R03,Retour Plateau -> Yopougon (Clinique Fraternite),Plateau,Yopougon,5.3167,-4.0234,20.2,50,0.404,Congestionne,9255,1399,2026-05-19,2,mardi,2026-05-19T02:09:46Z,retour,NA,Plateau
AX_R04,Retour Plateau -> Yopougon (Carrefour Jatak),Plateau,Yopougon,5.3167,-4.0234,24.6,90,0.273,Bloque,17884,2225,2026-05-19,2,mardi,2026-05-19T02:09:48Z,retour,NA,Plateau
AX_R05,Retour Plateau -> Marcory (Rond-point),Plateau,Marcory,5.3167,-4.0234,19,50,0.38,Congestionne,10462,1686,2026-05-19,2,mardi,2026-05-19T02:09:49Z,retour,NA,Plateau
AX_R06,Retour Cocody -> Bingerville (Lycee),Cocody,Bingerville,5.3523,-3.9895,31.2,70,0.446,Congestionne,13290,1353,2026-05-19,2,mardi,2026-05-19T02:09:50Z,retour,NA,Cocody
AX_R07,Retour Cocody -> Yopougon (Carrefour Universite),Cocody,Yopougon,5.3523,-3.9895,24.4,100,0.244,Bloque,3631,472,2026-05-19,2,mardi,2026-05-19T02:09:51Z,retour,NA,Cocody
AX_R08,Retour Cocody -> Abobo (2 Plateaux),Cocody,Abobo,5.3523,-3.9895,37.8,90,0.42,Congestionne,11801,990,2026-05-19,2,mardi,2026-05-19T02:09:53Z,retour,NA,Cocody
AX_R09,Yopougon (Gare) -> Marcory (Zone 4),Yopougon,Marcory,5.369048,-3.999911,28.8,50,0.576,Modere,9842,1082,2026-05-19,2,mardi,2026-05-19T02:09:54Z,retour,NA,Yopougon
AX_R10,Yopougon (Jatak) -> Marcory (Zone 4),Yopougon,Marcory,5.321877,-4.1035450000000004,34.2,90,0.38,Congestionne,20475,1893,2026-05-19,2,mardi,2026-05-19T02:09:55Z,retour,NA,Yopougon
AX_R11,Abobo -> Cocody (Carrefour Universite),Abobo,Cocody,5.420996,-4.01901,40.5,90,0.45,Congestionne,21291,1704,2026-05-19,2,mardi,2026-05-19T02:09:56Z,retour,NA,Abobo
AX_R12,Abobo -> Marcory (Zone 4),Abobo,Marcory,5.420996,-4.01901,41,50,0.82,Fluide,15171,1199,2026-05-19,2,mardi,2026-05-19T02:09:58Z,retour,NA,Abobo
AX_R01,Retour Plateau -> Abobo (Gare Mairie),Plateau,Abobo,5.3167,-4.0234,26.2,90,0.291,Bloque,14058,1643,2026-05-19,3,mardi,2026-05-19T03:12:18Z,retour,NA,Plateau
AX_R02,Retour Plateau -> Yopougon (Gare Autoroute),Plateau,Yopougon,5.3167,-4.0234,22.1,100,0.221,Bloque,12679,1758,2026-05-19,3,mardi,2026-05-19T03:12:19Z,retour,NA,Plateau
AX_R03,Retour Plateau -> Yopougon (Clinique Fraternite),Plateau,Yopougon,5.3167,-4.0234,20.2,50,0.404,Congestionne,9255,1399,2026-05-19,3,mardi,2026-05-19T03:12:20Z,retour,NA,Plateau
AX_R04,Retour Plateau -> Yopougon (Carrefour Jatak),Plateau,Yopougon,5.3167,-4.0234,24.6,90,0.273,Bloque,17884,2225,2026-05-19,3,mardi,2026-05-19T03:12:21Z,retour,NA,Plateau
AX_R05,Retour Plateau -> Marcory (Rond-point),Plateau,Marcory,5.3167,-4.0234,19,50,0.38,Congestionne,10462,1686,2026-05-19,3,mardi,2026-05-19T03:12:23Z,retour,NA,Plateau
AX_R06,Retour Cocody -> Bingerville (Lycee),Cocody,Bingerville,5.3523,-3.9895,31.2,70,0.446,Congestionne,13290,1353,2026-05-19,3,mardi,2026-05-19T03:12:24Z,retour,NA,Cocody
AX_R07,Retour Cocody -> Yopougon (Carrefour Universite),Cocody,Yopougon,5.3523,-3.9895,24.4,100,0.244,Bloque,3631,472,2026-05-19,3,mardi,2026-05-19T03:12:25Z,retour,NA,Cocody
AX_R08,Retour Cocody -> Abobo (2 Plateaux),Cocody,Abobo,5.3523,-3.9895,37.8,90,0.42,Congestionne,11801,990,2026-05-19,3,mardi,2026-05-19T03:12:26Z,retour,NA,Cocody
AX_R09,Yopougon (Gare) -> Marcory (Zone 4),Yopougon,Marcory,5.369048,-3.999911,28.8,50,0.576,Modere,9842,1082,2026-05-19,3,mardi,2026-05-19T03:12:28Z,retour,NA,Yopougon
AX_R10,Yopougon (Jatak) -> Marcory (Zone 4),Yopougon,Marcory,5.321877,-4.1035450000000004,34.2,90,0.38,Congestionne,20475,1893,2026-05-19,3,mardi,2026-05-19T03:12:29Z,retour,NA,Yopougon
AX_R11,Abobo -> Cocody (Carrefour Universite),Abobo,Cocody,5.420996,-4.01901,40.5,90,0.45,Congestionne,21291,1704,2026-05-19,3,mardi,2026-05-19T03:12:30Z,retour,NA,Abobo
AX_R12,Abobo -> Marcory (Zone 4),Abobo,Marcory,5.420996,-4.01901,41,50,0.82,Fluide,15171,1199,2026-05-19,3,mardi,2026-05-19T03:12:31Z,retour,NA,Abobo
AX_R01,Retour Plateau -> Abobo (Gare Mairie),Plateau,Abobo,5.3167,-4.0234,26.2,90,0.291,Bloque,14058,1643,2026-05-19,4,mardi,2026-05-19T04:14:52Z,retour,NA,Plateau
AX_R02,Retour Plateau -> Yopougon (Gare Autoroute),Plateau,Yopougon,5.3167,-4.0234,22.1,100,0.221,Bloque,12679,1758,2026-05-19,4,mardi,2026-05-19T04:14:53Z,retour,NA,Plateau
AX_R03,Retour Plateau -> Yopougon (Clinique Fraternite),Plateau,Yopougon,5.3167,-4.0234,20.2,50,0.404,Congestionne,9255,1399,2026-05-19,4,mardi,2026-05-19T04:14:54Z,retour,NA,Plateau
AX_R04,Retour Plateau -> Yopougon (Carrefour Jatak),Plateau,Yopougon,5.3167,-4.0234,24.6,90,0.273,Bloque,17884,2225,2026-05-19,4,mardi,2026-05-19T04:14:55Z,retour,NA,Plateau
AX_R05,Retour Plateau -> Marcory (Rond-point),Plateau,Marcory,5.3167,-4.0234,19,50,0.38,Congestionne,10462,1686,2026-05-19,4,mardi,2026-05-19T04:14:57Z,retour,NA,Plateau
AX_R06,Retour Cocody -> Bingerville (Lycee),Cocody,Bingerville,5.3523,-3.9895,31.2,70,0.446,Congestionne,13290,1353,2026-05-19,4,mardi,2026-05-19T04:14:58Z,retour,NA,Cocody
AX_R07,Retour Cocody -> Yopougon (Carrefour Universite),Cocody,Yopougon,5.3523,-3.9895,24.4,100,0.244,Bloque,3631,472,2026-05-19,4,mardi,2026-05-19T04:14:59Z,retour,NA,Cocody
AX_R08,Retour Cocody -> Abobo (2 Plateaux),Cocody,Abobo,5.3523,-3.9895,37.8,90,0.42,Congestionne,11801,990,2026-05-19,4,mardi,2026-05-19T04:15:00Z,retour,NA,Cocody
AX_R09,Yopougon (Gare) -> Marcory (Zone 4),Yopougon,Marcory,5.369048,-3.999911,28.8,50,0.576,Modere,9842,1082,2026-05-19,4,mardi,2026-05-19T04:15:02Z,retour,NA,Yopougon
AX_R10,Yopougon (Jatak) -> Marcory (Zone 4),Yopougon,Marcory,5.321877,-4.1035450000000004,34.2,90,0.38,Congestionne,20475,1893,2026-05-19,4,mardi,2026-05-19T04:15:03Z,retour,NA,Yopougon
AX_R11,Abobo -> Cocody (Carrefour Universite),Abobo,Cocody,5.420996,-4.01901,40.5,90,0.45,Congestionne,21291,1704,2026-05-19,4,mardi,2026-05-19T04:15:04Z,retour,NA,Abobo
AX_R12,Abobo -> Marcory (Zone 4),Abobo,Marcory,5.420996,-4.01901,41,50,0.82,Fluide,15171,1199,2026-05-19,4,mardi,2026-05-19T04:15:05Z,retour,NA,Abobo
AX_R01,Retour Plateau -> Abobo (Gare Mairie),Plateau,Abobo,5.3167,-4.0234,24.1,90,0.268,Bloque,14058,1643,2026-05-19,5,mardi,2026-05-19T05:17:26Z,retour,NA,Plateau
AX_R02,Retour Plateau -> Yopougon (Gare Autoroute),Plateau,Yopougon,5.3167,-4.0234,20.3,100,0.203,Bloque,12679,1758,2026-05-19,5,mardi,2026-05-19T05:17:27Z,retour,NA,Plateau
AX_R03,Retour Plateau -> Yopougon (Clinique Fraternite),Plateau,Yopougon,5.3167,-4.0234,18.6,50,0.372,Congestionne,9255,1399,2026-05-19,5,mardi,2026-05-19T05:17:28Z,retour,NA,Plateau
AX_R04,Retour Plateau -> Yopougon (Carrefour Jatak),Plateau,Yopougon,5.3167,-4.0234,22.6,90,0.251,Bloque,17884,2225,2026-05-19,5,mardi,2026-05-19T05:17:30Z,retour,NA,Plateau
AX_R05,Retour Plateau -> Marcory (Rond-point),Plateau,Marcory,5.3167,-4.0234,17.4,50,0.348,Congestionne,10462,1686,2026-05-19,5,mardi,2026-05-19T05:17:31Z,retour,NA,Plateau
AX_R06,Retour Cocody -> Bingerville (Lycee),Cocody,Bingerville,5.3523,-3.9895,28.7,70,0.41,Congestionne,13290,1353,2026-05-19,5,mardi,2026-05-19T05:17:32Z,retour,NA,Cocody
AX_R07,Retour Cocody -> Yopougon (Carrefour Universite),Cocody,Yopougon,5.3523,-3.9895,22.4,100,0.224,Bloque,3631,472,2026-05-19,5,mardi,2026-05-19T05:17:33Z,retour,NA,Cocody
AX_R08,Retour Cocody -> Abobo (2 Plateaux),Cocody,Abobo,5.3523,-3.9895,34.7,90,0.386,Congestionne,11801,990,2026-05-19,5,mardi,2026-05-19T05:17:35Z,retour,NA,Cocody
AX_R09,Yopougon (Gare) -> Marcory (Zone 4),Yopougon,Marcory,5.369048,-3.999911,26.5,50,0.53,Modere,9842,1082,2026-05-19,5,mardi,2026-05-19T05:17:36Z,retour,NA,Yopougon
AX_R10,Yopougon (Jatak) -> Marcory (Zone 4),Yopougon,Marcory,5.321877,-4.1035450000000004,31.5,90,0.35,Congestionne,20475,1893,2026-05-19,5,mardi,2026-05-19T05:17:37Z,retour,NA,Yopougon
AX_R11,Abobo -> Cocody (Carrefour Universite),Abobo,Cocody,5.420996,-4.01901,37.3,90,0.414,Congestionne,21291,1704,2026-05-19,5,mardi,2026-05-19T05:17:39Z,retour,NA,Abobo
AX_R12,Abobo -> Marcory (Zone 4),Abobo,Marcory,5.420996,-4.01901,37.8,50,0.756,Modere,15171,1199,2026-05-19,5,mardi,2026-05-19T05:17:40Z,retour,NA,Abobo
AX_R01,Retour Plateau -> Abobo (Gare Mairie),Plateau,Abobo,5.3167,-4.0234,19.6,90,0.218,Bloque,14058,1643,2026-05-19,6,mardi,2026-05-19T06:19:46Z,retour,NA,Plateau
AX_R02,Retour Plateau -> Yopougon (Gare Autoroute),Plateau,Yopougon,5.3167,-4.0234,16.6,100,0.166,Bloque,12679,1758,2026-05-19,6,mardi,2026-05-19T06:19:47Z,retour,NA,Plateau
AX_R03,Retour Plateau -> Yopougon (Clinique Fraternite),Plateau,Yopougon,5.3167,-4.0234,15.2,50,0.304,Congestionne,9255,1399,2026-05-19,6,mardi,2026-05-19T06:19:49Z,retour,NA,Plateau
AX_R04,Retour Plateau -> Yopougon (Carrefour Jatak),Plateau,Yopougon,5.3167,-4.0234,18.4,90,0.204,Bloque,17884,2225,2026-05-19,6,mardi,2026-05-19T06:19:50Z,retour,NA,Plateau
AX_R05,Retour Plateau -> Marcory (Rond-point),Plateau,Marcory,5.3167,-4.0234,14.2,50,0.284,Bloque,10462,1686,2026-05-19,6,mardi,2026-05-19T06:19:51Z,retour,NA,Plateau
AX_R06,Retour Cocody -> Bingerville (Lycee),Cocody,Bingerville,5.3523,-3.9895,23.4,70,0.334,Congestionne,13290,1353,2026-05-19,6,mardi,2026-05-19T06:19:52Z,retour,NA,Cocody
AX_R07,Retour Cocody -> Yopougon (Carrefour Universite),Cocody,Yopougon,5.3523,-3.9895,18.3,100,0.183,Bloque,3631,472,2026-05-19,6,mardi,2026-05-19T06:19:54Z,retour,NA,Cocody
AX_R08,Retour Cocody -> Abobo (2 Plateaux),Cocody,Abobo,5.3523,-3.9895,28.3,90,0.314,Congestionne,11801,990,2026-05-19,6,mardi,2026-05-19T06:19:55Z,retour,NA,Cocody
AX_R09,Yopougon (Gare) -> Marcory (Zone 4),Yopougon,Marcory,5.369048,-3.999911,21.6,50,0.432,Congestionne,9842,1082,2026-05-19,6,mardi,2026-05-19T06:19:56Z,retour,NA,Yopougon
AX_R10,Yopougon (Jatak) -> Marcory (Zone 4),Yopougon,Marcory,5.321877,-4.1035450000000004,25.7,90,0.286,Bloque,20475,1893,2026-05-19,6,mardi,2026-05-19T06:19:57Z,retour,NA,Yopougon
AX_R11,Abobo -> Cocody (Carrefour Universite),Abobo,Cocody,5.420996,-4.01901,30.4,90,0.338,Congestionne,21291,1704,2026-05-19,6,mardi,2026-05-19T06:19:59Z,retour,NA,Abobo
AX_R12,Abobo -> Marcory (Zone 4),Abobo,Marcory,5.420996,-4.01901,30.8,50,0.616,Modere,15171,1199,2026-05-19,6,mardi,2026-05-19T06:20:00Z,retour,NA,Abobo
AX_R01,Retour Plateau -> Abobo (Gare Mairie),Plateau,Abobo,5.3167,-4.0234,14.4,90,0.16,Bloque,14058,1643,2026-05-19,9,mardi,2026-05-19T09:39:02Z,retour,NA,Plateau
AX_R02,Retour Plateau -> Yopougon (Gare Autoroute),Plateau,Yopougon,5.3167,-4.0234,12.2,100,0.122,Bloque,12679,1758,2026-05-19,9,mardi,2026-05-19T09:39:04Z,retour,NA,Plateau
AX_R03,Retour Plateau -> Yopougon (Clinique Fraternite),Plateau,Yopougon,5.3167,-4.0234,11.1,50,0.222,Bloque,9255,1399,2026-05-19,9,mardi,2026-05-19T09:39:05Z,retour,NA,Plateau
AX_R04,Retour Plateau -> Yopougon (Carrefour Jatak),Plateau,Yopougon,5.3167,-4.0234,13.5,90,0.15,Bloque,17884,2225,2026-05-19,9,mardi,2026-05-19T09:39:07Z,retour,NA,Plateau
AX_R05,Retour Plateau -> Marcory (Rond-point),Plateau,Marcory,5.3167,-4.0234,10.4,50,0.208,Bloque,10462,1686,2026-05-19,9,mardi,2026-05-19T09:39:08Z,retour,NA,Plateau
AX_R06,Retour Cocody -> Bingerville (Lycee),Cocody,Bingerville,5.3523,-3.9895,17.1,70,0.244,Bloque,13290,1353,2026-05-19,9,mardi,2026-05-19T09:39:09Z,retour,NA,Cocody
AX_R07,Retour Cocody -> Yopougon (Carrefour Universite),Cocody,Yopougon,5.3523,-3.9895,13.4,100,0.134,Bloque,3631,472,2026-05-19,9,mardi,2026-05-19T09:39:11Z,retour,NA,Cocody
AX_R08,Retour Cocody -> Abobo (2 Plateaux),Cocody,Abobo,5.3523,-3.9895,20.8,90,0.231,Bloque,11801,990,2026-05-19,9,mardi,2026-05-19T09:39:12Z,retour,NA,Cocody
AX_R09,Yopougon (Gare) -> Marcory (Zone 4),Yopougon,Marcory,5.369048,-3.999911,15.8,50,0.316,Congestionne,9842,1082,2026-05-19,9,mardi,2026-05-19T09:39:13Z,retour,NA,Yopougon
AX_R10,Yopougon (Jatak) -> Marcory (Zone 4),Yopougon,Marcory,5.321877,-4.1035450000000004,18.8,90,0.209,Bloque,20475,1893,2026-05-19,9,mardi,2026-05-19T09:39:14Z,retour,NA,Yopougon
AX_R11,Abobo -> Cocody (Carrefour Universite),Abobo,Cocody,5.420996,-4.01901,22.3,90,0.248,Bloque,21291,1704,2026-05-19,9,mardi,2026-05-19T09:39:16Z,retour,NA,Abobo
AX_R12,Abobo -> Marcory (Zone 4),Abobo,Marcory,5.420996,-4.01901,22.6,50,0.452,Congestionne,15171,1199,2026-05-19,9,mardi,2026-05-19T09:39:17Z,retour,NA,Abobo
AX_R01,Retour Plateau -> Abobo (Gare Mairie),Plateau,Abobo,5.3167,-4.0234,18.8,90,0.209,Bloque,14058,1643,2026-05-19,10,mardi,2026-05-19T10:10:29Z,retour,NA,Plateau
AX_R02,Retour Plateau -> Yopougon (Gare Autoroute),Plateau,Yopougon,5.3167,-4.0234,15.9,100,0.159,Bloque,12679,1758,2026-05-19,10,mardi,2026-05-19T10:10:30Z,retour,NA,Plateau
AX_R03,Retour Plateau -> Yopougon (Clinique Fraternite),Plateau,Yopougon,5.3167,-4.0234,14.6,50,0.292,Bloque,9255,1399,2026-05-19,10,mardi,2026-05-19T10:10:32Z,retour,NA,Plateau
AX_R04,Retour Plateau -> Yopougon (Carrefour Jatak),Plateau,Yopougon,5.3167,-4.0234,17.7,90,0.197,Bloque,17884,2225,2026-05-19,10,mardi,2026-05-19T10:10:33Z,retour,NA,Plateau
AX_R05,Retour Plateau -> Marcory (Rond-point),Plateau,Marcory,5.3167,-4.0234,13.6,50,0.272,Bloque,10462,1686,2026-05-19,10,mardi,2026-05-19T10:10:34Z,retour,NA,Plateau
AX_R06,Retour Cocody -> Bingerville (Lycee),Cocody,Bingerville,5.3523,-3.9895,22.4,70,0.32,Congestionne,13290,1353,2026-05-19,10,mardi,2026-05-19T10:10:36Z,retour,NA,Cocody
AX_R07,Retour Cocody -> Yopougon (Carrefour Universite),Cocody,Yopougon,5.3523,-3.9895,17.6,100,0.176,Bloque,3631,472,2026-05-19,10,mardi,2026-05-19T10:10:37Z,retour,NA,Cocody
AX_R08,Retour Cocody -> Abobo (2 Plateaux),Cocody,Abobo,5.3523,-3.9895,27.2,90,0.302,Congestionne,11801,990,2026-05-19,10,mardi,2026-05-19T10:10:38Z,retour,NA,Cocody
AX_R09,Yopougon (Gare) -> Marcory (Zone 4),Yopougon,Marcory,5.369048,-3.999911,20.7,50,0.414,Congestionne,9842,1082,2026-05-19,10,mardi,2026-05-19T10:10:40Z,retour,NA,Yopougon
AX_R10,Yopougon (Jatak) -> Marcory (Zone 4),Yopougon,Marcory,5.321877,-4.1035450000000004,24.6,90,0.273,Bloque,20475,1893,2026-05-19,10,mardi,2026-05-19T10:10:41Z,retour,NA,Yopougon
AX_R11,Abobo -> Cocody (Carrefour Universite),Abobo,Cocody,5.420996,-4.01901,29.2,90,0.324,Congestionne,21291,1704,2026-05-19,10,mardi,2026-05-19T10:10:43Z,retour,NA,Abobo
AX_R12,Abobo -> Marcory (Zone 4),Abobo,Marcory,5.420996,-4.01901,29.5,50,0.59,Modere,15171,1199,2026-05-19,10,mardi,2026-05-19T10:10:44Z,retour,NA,Abobo
AX_R01,Retour Plateau -> Abobo (Gare Mairie),Plateau,Abobo,5.3167,-4.0234,20.9,90,0.232,Bloque,14058,1643,2026-05-19,11,mardi,2026-05-19T11:13:12Z,retour,NA,Plateau
AX_R02,Retour Plateau -> Yopougon (Gare Autoroute),Plateau,Yopougon,5.3167,-4.0234,17.7,100,0.177,Bloque,12679,1758,2026-05-19,11,mardi,2026-05-19T11:13:13Z,retour,NA,Plateau
AX_R03,Retour Plateau -> Yopougon (Clinique Fraternite),Plateau,Yopougon,5.3167,-4.0234,16.2,50,0.324,Congestionne,9255,1399,2026-05-19,11,mardi,2026-05-19T11:13:14Z,retour,NA,Plateau
AX_R04,Retour Plateau -> Yopougon (Carrefour Jatak),Plateau,Yopougon,5.3167,-4.0234,19.7,90,0.219,Bloque,17884,2225,2026-05-19,11,mardi,2026-05-19T11:13:16Z,retour,NA,Plateau
AX_R05,Retour Plateau -> Marcory (Rond-point),Plateau,Marcory,5.3167,-4.0234,15.2,50,0.304,Congestionne,10462,1686,2026-05-19,11,mardi,2026-05-19T11:13:17Z,retour,NA,Plateau
AX_R06,Retour Cocody -> Bingerville (Lycee),Cocody,Bingerville,5.3523,-3.9895,24.9,70,0.356,Congestionne,13290,1353,2026-05-19,11,mardi,2026-05-19T11:13:18Z,retour,NA,Cocody
AX_R07,Retour Cocody -> Yopougon (Carrefour Universite),Cocody,Yopougon,5.3523,-3.9895,19.5,100,0.195,Bloque,3631,472,2026-05-19,11,mardi,2026-05-19T11:13:20Z,retour,NA,Cocody
AX_R08,Retour Cocody -> Abobo (2 Plateaux),Cocody,Abobo,5.3523,-3.9895,30.2,90,0.336,Congestionne,11801,990,2026-05-19,11,mardi,2026-05-19T11:13:21Z,retour,NA,Cocody
AX_R09,Yopougon (Gare) -> Marcory (Zone 4),Yopougon,Marcory,5.369048,-3.999911,23,50,0.46,Congestionne,9842,1082,2026-05-19,11,mardi,2026-05-19T11:13:22Z,retour,NA,Yopougon
AX_R10,Yopougon (Jatak) -> Marcory (Zone 4),Yopougon,Marcory,5.321877,-4.1035450000000004,27.4,90,0.304,Congestionne,20475,1893,2026-05-19,11,mardi,2026-05-19T11:13:24Z,retour,NA,Yopougon
AX_R11,Abobo -> Cocody (Carrefour Universite),Abobo,Cocody,5.420996,-4.01901,32.4,90,0.36,Congestionne,21291,1704,2026-05-19,11,mardi,2026-05-19T11:13:25Z,retour,NA,Abobo
AX_R12,Abobo -> Marcory (Zone 4),Abobo,Marcory,5.420996,-4.01901,32.8,50,0.656,Modere,15171,1199,2026-05-19,11,mardi,2026-05-19T11:13:27Z,retour,NA,Abobo
AX_R01,Retour Plateau -> Abobo (Gare Mairie),Plateau,Abobo,5.3167,-4.0234,17.8,90,0.198,Bloque,14058,1643,2026-05-19,12,mardi,2026-05-19T12:15:50Z,retour,NA,Plateau
AX_R02,Retour Plateau -> Yopougon (Gare Autoroute),Plateau,Yopougon,5.3167,-4.0234,15,100,0.15,Bloque,12679,1758,2026-05-19,12,mardi,2026-05-19T12:15:51Z,retour,NA,Plateau
AX_R03,Retour Plateau -> Yopougon (Clinique Fraternite),Plateau,Yopougon,5.3167,-4.0234,13.8,50,0.276,Bloque,9255,1399,2026-05-19,12,mardi,2026-05-19T12:15:53Z,retour,NA,Plateau
AX_R04,Retour Plateau -> Yopougon (Carrefour Jatak),Plateau,Yopougon,5.3167,-4.0234,16.7,90,0.186,Bloque,17884,2225,2026-05-19,12,mardi,2026-05-19T12:15:54Z,retour,NA,Plateau
AX_R05,Retour Plateau -> Marcory (Rond-point),Plateau,Marcory,5.3167,-4.0234,12.9,50,0.258,Bloque,10462,1686,2026-05-19,12,mardi,2026-05-19T12:15:55Z,retour,NA,Plateau
AX_R06,Retour Cocody -> Bingerville (Lycee),Cocody,Bingerville,5.3523,-3.9895,21.2,70,0.303,Congestionne,13290,1353,2026-05-19,12,mardi,2026-05-19T12:15:57Z,retour,NA,Cocody
AX_R07,Retour Cocody -> Yopougon (Carrefour Universite),Cocody,Yopougon,5.3523,-3.9895,16.6,100,0.166,Bloque,3631,472,2026-05-19,12,mardi,2026-05-19T12:15:58Z,retour,NA,Cocody
AX_R08,Retour Cocody -> Abobo (2 Plateaux),Cocody,Abobo,5.3523,-3.9895,25.7,90,0.286,Bloque,11801,990,2026-05-19,12,mardi,2026-05-19T12:15:59Z,retour,NA,Cocody
AX_R09,Yopougon (Gare) -> Marcory (Zone 4),Yopougon,Marcory,5.369048,-3.999911,19.6,50,0.392,Congestionne,9842,1082,2026-05-19,12,mardi,2026-05-19T12:16:00Z,retour,NA,Yopougon
AX_R10,Yopougon (Jatak) -> Marcory (Zone 4),Yopougon,Marcory,5.321877,-4.1035450000000004,23.3,90,0.259,Bloque,20475,1893,2026-05-19,12,mardi,2026-05-19T12:16:02Z,retour,NA,Yopougon
AX_R11,Abobo -> Cocody (Carrefour Universite),Abobo,Cocody,5.420996,-4.01901,27.5,90,0.306,Congestionne,21291,1704,2026-05-19,12,mardi,2026-05-19T12:16:03Z,retour,NA,Abobo
AX_R12,Abobo -> Marcory (Zone 4),Abobo,Marcory,5.420996,-4.01901,27.9,50,0.558,Modere,15171,1199,2026-05-19,12,mardi,2026-05-19T12:16:04Z,retour,NA,Abobo
AX_R01,Retour Plateau -> Abobo (Gare Mairie),Plateau,Abobo,5.3167,-4.0234,21.5,90,0.239,Bloque,14058,1643,2026-05-19,14,mardi,2026-05-19T14:20:53Z,retour,NA,Plateau
AX_R02,Retour Plateau -> Yopougon (Gare Autoroute),Plateau,Yopougon,5.3167,-4.0234,18.1,100,0.181,Bloque,12679,1758,2026-05-19,14,mardi,2026-05-19T14:20:54Z,retour,NA,Plateau
AX_R03,Retour Plateau -> Yopougon (Clinique Fraternite),Plateau,Yopougon,5.3167,-4.0234,16.6,50,0.332,Congestionne,9255,1399,2026-05-19,14,mardi,2026-05-19T14:20:55Z,retour,NA,Plateau
AX_R04,Retour Plateau -> Yopougon (Carrefour Jatak),Plateau,Yopougon,5.3167,-4.0234,20.1,90,0.223,Bloque,17884,2225,2026-05-19,14,mardi,2026-05-19T14:20:56Z,retour,NA,Plateau
AX_R05,Retour Plateau -> Marcory (Rond-point),Plateau,Marcory,5.3167,-4.0234,15.5,50,0.31,Congestionne,10462,1686,2026-05-19,14,mardi,2026-05-19T14:20:58Z,retour,NA,Plateau
AX_R06,Retour Cocody -> Bingerville (Lycee),Cocody,Bingerville,5.3523,-3.9895,25.5,70,0.364,Congestionne,13290,1353,2026-05-19,14,mardi,2026-05-19T14:20:59Z,retour,NA,Cocody
AX_R07,Retour Cocody -> Yopougon (Carrefour Universite),Cocody,Yopougon,5.3523,-3.9895,20,100,0.2,Bloque,3631,472,2026-05-19,14,mardi,2026-05-19T14:21:00Z,retour,NA,Cocody
AX_R08,Retour Cocody -> Abobo (2 Plateaux),Cocody,Abobo,5.3523,-3.9895,31,90,0.344,Congestionne,11801,990,2026-05-19,14,mardi,2026-05-19T14:21:02Z,retour,NA,Cocody
AX_R09,Yopougon (Gare) -> Marcory (Zone 4),Yopougon,Marcory,5.369048,-3.999911,23.6,50,0.472,Congestionne,9842,1082,2026-05-19,14,mardi,2026-05-19T14:21:03Z,retour,NA,Yopougon
AX_R10,Yopougon (Jatak) -> Marcory (Zone 4),Yopougon,Marcory,5.321877,-4.1035450000000004,28.1,90,0.312,Congestionne,20475,1893,2026-05-19,14,mardi,2026-05-19T14:21:04Z,retour,NA,Yopougon
AX_R11,Abobo -> Cocody (Carrefour Universite),Abobo,Cocody,5.420996,-4.01901,33.2,90,0.369,Congestionne,21291,1704,2026-05-19,14,mardi,2026-05-19T14:21:05Z,retour,NA,Abobo
AX_R12,Abobo -> Marcory (Zone 4),Abobo,Marcory,5.420996,-4.01901,33.7,50,0.674,Modere,15171,1199,2026-05-19,14,mardi,2026-05-19T14:21:07Z,retour,NA,Abobo
AX_R01,Retour Plateau -> Abobo (Gare Mairie),Plateau,Abobo,5.3167,-4.0234,18.8,90,0.209,Bloque,14058,1643,2026-05-19,15,mardi,2026-05-19T15:23:36Z,retour,NA,Plateau
AX_R02,Retour Plateau -> Yopougon (Gare Autoroute),Plateau,Yopougon,5.3167,-4.0234,15.9,100,0.159,Bloque,12679,1758,2026-05-19,15,mardi,2026-05-19T15:23:37Z,retour,NA,Plateau
AX_R03,Retour Plateau -> Yopougon (Clinique Fraternite),Plateau,Yopougon,5.3167,-4.0234,14.6,50,0.292,Bloque,9255,1399,2026-05-19,15,mardi,2026-05-19T15:23:38Z,retour,NA,Plateau
AX_R04,Retour Plateau -> Yopougon (Carrefour Jatak),Plateau,Yopougon,5.3167,-4.0234,17.7,90,0.197,Bloque,17884,2225,2026-05-19,15,mardi,2026-05-19T15:23:40Z,retour,NA,Plateau
AX_R05,Retour Plateau -> Marcory (Rond-point),Plateau,Marcory,5.3167,-4.0234,13.6,50,0.272,Bloque,10462,1686,2026-05-19,15,mardi,2026-05-19T15:23:42Z,retour,NA,Plateau
AX_R06,Retour Cocody -> Bingerville (Lycee),Cocody,Bingerville,5.3523,-3.9895,22.4,70,0.32,Congestionne,13290,1353,2026-05-19,15,mardi,2026-05-19T15:23:43Z,retour,NA,Cocody
AX_R07,Retour Cocody -> Yopougon (Carrefour Universite),Cocody,Yopougon,5.3523,-3.9895,17.6,100,0.176,Bloque,3631,472,2026-05-19,15,mardi,2026-05-19T15:23:44Z,retour,NA,Cocody
AX_R08,Retour Cocody -> Abobo (2 Plateaux),Cocody,Abobo,5.3523,-3.9895,27.2,90,0.302,Congestionne,11801,990,2026-05-19,15,mardi,2026-05-19T15:23:46Z,retour,NA,Cocody
AX_R09,Yopougon (Gare) -> Marcory (Zone 4),Yopougon,Marcory,5.369048,-3.999911,20.7,50,0.414,Congestionne,9842,1082,2026-05-19,15,mardi,2026-05-19T15:23:47Z,retour,NA,Yopougon
AX_R10,Yopougon (Jatak) -> Marcory (Zone 4),Yopougon,Marcory,5.321877,-4.1035450000000004,24.6,90,0.273,Bloque,20475,1893,2026-05-19,15,mardi,2026-05-19T15:23:48Z,retour,NA,Yopougon
AX_R11,Abobo -> Cocody (Carrefour Universite),Abobo,Cocody,5.420996,-4.01901,29.2,90,0.324,Congestionne,21291,1704,2026-05-19,15,mardi,2026-05-19T15:23:50Z,retour,NA,Abobo
AX_R12,Abobo -> Marcory (Zone 4),Abobo,Marcory,5.420996,-4.01901,29.5,50,0.59,Modere,15171,1199,2026-05-19,15,mardi,2026-05-19T15:23:51Z,retour,NA,Abobo
AX_R01,Retour Plateau -> Abobo (Gare Mairie),Plateau,Abobo,5.3167,-4.0234,13.6,90,0.151,Bloque,14058,1643,2026-05-19,16,mardi,2026-05-19T16:26:14Z,retour,NA,Plateau
AX_R02,Retour Plateau -> Yopougon (Gare Autoroute),Plateau,Yopougon,5.3167,-4.0234,11.5,100,0.115,Bloque,12679,1758,2026-05-19,16,mardi,2026-05-19T16:26:15Z,retour,NA,Plateau
AX_R03,Retour Plateau -> Yopougon (Clinique Fraternite),Plateau,Yopougon,5.3167,-4.0234,10.5,50,0.21,Bloque,9255,1399,2026-05-19,16,mardi,2026-05-19T16:26:16Z,retour,NA,Plateau
AX_R04,Retour Plateau -> Yopougon (Carrefour Jatak),Plateau,Yopougon,5.3167,-4.0234,12.8,90,0.142,Bloque,17884,2225,2026-05-19,16,mardi,2026-05-19T16:26:18Z,retour,NA,Plateau
AX_R05,Retour Plateau -> Marcory (Rond-point),Plateau,Marcory,5.3167,-4.0234,9.9,50,0.198,Bloque,10462,1686,2026-05-19,16,mardi,2026-05-19T16:26:19Z,retour,NA,Plateau
AX_R06,Retour Cocody -> Bingerville (Lycee),Cocody,Bingerville,5.3523,-3.9895,16.2,70,0.231,Bloque,13290,1353,2026-05-19,16,mardi,2026-05-19T16:26:21Z,retour,NA,Cocody
AX_R07,Retour Cocody -> Yopougon (Carrefour Universite),Cocody,Yopougon,5.3523,-3.9895,12.7,100,0.127,Bloque,3631,472,2026-05-19,16,mardi,2026-05-19T16:26:22Z,retour,NA,Cocody
AX_R08,Retour Cocody -> Abobo (2 Plateaux),Cocody,Abobo,5.3523,-3.9895,19.6,90,0.218,Bloque,11801,990,2026-05-19,16,mardi,2026-05-19T16:26:23Z,retour,NA,Cocody
AX_R09,Yopougon (Gare) -> Marcory (Zone 4),Yopougon,Marcory,5.369048,-3.999911,15,50,0.3,Congestionne,9842,1082,2026-05-19,16,mardi,2026-05-19T16:26:25Z,retour,NA,Yopougon
AX_R10,Yopougon (Jatak) -> Marcory (Zone 4),Yopougon,Marcory,5.321877,-4.1035450000000004,17.8,90,0.198,Bloque,20475,1893,2026-05-19,16,mardi,2026-05-19T16:26:26Z,retour,NA,Yopougon
AX_R11,Abobo -> Cocody (Carrefour Universite),Abobo,Cocody,5.420996,-4.01901,21.1,90,0.234,Bloque,21291,1704,2026-05-19,16,mardi,2026-05-19T16:26:27Z,retour,NA,Abobo
AX_R12,Abobo -> Marcory (Zone 4),Abobo,Marcory,5.420996,-4.01901,21.3,50,0.426,Congestionne,15171,1199,2026-05-19,16,mardi,2026-05-19T16:26:29Z,retour,NA,Abobo
AX_R01,Retour Plateau -> Abobo (Gare Mairie),Plateau,Abobo,5.3167,-4.0234,24.6,90,0.273,Bloque,14058,1643,2026-05-19,22,mardi,2026-05-19T22:20:33Z,retour,NA,Plateau
AX_R02,Retour Plateau -> Yopougon (Gare Autoroute),Plateau,Yopougon,5.3167,-4.0234,20.8,100,0.208,Bloque,12679,1758,2026-05-19,22,mardi,2026-05-19T22:20:34Z,retour,NA,Plateau
AX_R03,Retour Plateau -> Yopougon (Clinique Fraternite),Plateau,Yopougon,5.3167,-4.0234,19,50,0.38,Congestionne,9255,1399,2026-05-19,22,mardi,2026-05-19T22:20:35Z,retour,NA,Plateau
AX_R04,Retour Plateau -> Yopougon (Carrefour Jatak),Plateau,Yopougon,5.3167,-4.0234,23.1,90,0.257,Bloque,17884,2225,2026-05-19,22,mardi,2026-05-19T22:20:37Z,retour,NA,Plateau
AX_R05,Retour Plateau -> Marcory (Rond-point),Plateau,Marcory,5.3167,-4.0234,17.8,50,0.356,Congestionne,10462,1686,2026-05-19,22,mardi,2026-05-19T22:20:38Z,retour,NA,Plateau
AX_R06,Retour Cocody -> Bingerville (Lycee),Cocody,Bingerville,5.3523,-3.9895,29.3,70,0.419,Congestionne,13290,1353,2026-05-19,22,mardi,2026-05-19T22:20:39Z,retour,NA,Cocody
AX_R07,Retour Cocody -> Yopougon (Carrefour Universite),Cocody,Yopougon,5.3523,-3.9895,22.9,100,0.229,Bloque,3631,472,2026-05-19,22,mardi,2026-05-19T22:20:40Z,retour,NA,Cocody
AX_R08,Retour Cocody -> Abobo (2 Plateaux),Cocody,Abobo,5.3523,-3.9895,35.5,90,0.394,Congestionne,11801,990,2026-05-19,22,mardi,2026-05-19T22:20:42Z,retour,NA,Cocody
AX_R09,Yopougon (Gare) -> Marcory (Zone 4),Yopougon,Marcory,5.369048,-3.999911,27,50,0.54,Modere,9842,1082,2026-05-19,22,mardi,2026-05-19T22:20:43Z,retour,NA,Yopougon
AX_R10,Yopougon (Jatak) -> Marcory (Zone 4),Yopougon,Marcory,5.321877,-4.1035450000000004,32.2,90,0.358,Congestionne,20475,1893,2026-05-19,22,mardi,2026-05-19T22:20:44Z,retour,NA,Yopougon
AX_R11,Abobo -> Cocody (Carrefour Universite),Abobo,Cocody,5.420996,-4.01901,38.1,90,0.423,Congestionne,21291,1704,2026-05-19,22,mardi,2026-05-19T22:20:46Z,retour,NA,Abobo
AX_R12,Abobo -> Marcory (Zone 4),Abobo,Marcory,5.420996,-4.01901,38.6,50,0.772,Modere,15171,1199,2026-05-19,22,mardi,2026-05-19T22:20:47Z,retour,NA,Abobo
AX_R01,Retour Plateau -> Abobo (Gare Mairie),Plateau,Abobo,5.3167,-4.0234,20.9,90,0.232,Bloque,14058,1643,2026-05-20,11,mercredi,2026-05-20T11:51:22Z,retour,NA,Plateau
AX_R02,Retour Plateau -> Yopougon (Gare Autoroute),Plateau,Yopougon,5.3167,-4.0234,17.7,100,0.177,Bloque,12679,1758,2026-05-20,11,mercredi,2026-05-20T11:51:24Z,retour,NA,Plateau
AX_R03,Retour Plateau -> Yopougon (Clinique Fraternite),Plateau,Yopougon,5.3167,-4.0234,16.2,50,0.324,Congestionne,9255,1399,2026-05-20,11,mercredi,2026-05-20T11:51:25Z,retour,NA,Plateau
AX_R04,Retour Plateau -> Yopougon (Carrefour Jatak),Plateau,Yopougon,5.3167,-4.0234,19.7,90,0.219,Bloque,17884,2225,2026-05-20,11,mercredi,2026-05-20T11:51:26Z,retour,NA,Plateau
AX_R05,Retour Plateau -> Marcory (Rond-point),Plateau,Marcory,5.3167,-4.0234,15.2,50,0.304,Congestionne,10462,1686,2026-05-20,11,mercredi,2026-05-20T11:51:27Z,retour,NA,Plateau
AX_R06,Retour Cocody -> Bingerville (Lycee),Cocody,Bingerville,5.3523,-3.9895,24.9,70,0.356,Congestionne,13290,1353,2026-05-20,11,mercredi,2026-05-20T11:51:29Z,retour,NA,Cocody
AX_R07,Retour Cocody -> Yopougon (Carrefour Universite),Cocody,Yopougon,5.3523,-3.9895,19.5,100,0.195,Bloque,3631,472,2026-05-20,11,mercredi,2026-05-20T11:51:30Z,retour,NA,Cocody
AX_R08,Retour Cocody -> Abobo (2 Plateaux),Cocody,Abobo,5.3523,-3.9895,30.2,90,0.336,Congestionne,11801,990,2026-05-20,11,mercredi,2026-05-20T11:51:31Z,retour,NA,Cocody
AX_R09,Yopougon (Gare) -> Marcory (Zone 4),Yopougon,Marcory,5.369048,-3.999911,23,50,0.46,Congestionne,9842,1082,2026-05-20,11,mercredi,2026-05-20T11:51:32Z,retour,NA,Yopougon
AX_R10,Yopougon (Jatak) -> Marcory (Zone 4),Yopougon,Marcory,5.321877,-4.1035450000000004,27.4,90,0.304,Congestionne,20475,1893,2026-05-20,11,mercredi,2026-05-20T11:51:33Z,retour,NA,Yopougon
AX_R11,Abobo -> Cocody (Carrefour Universite),Abobo,Cocody,5.420996,-4.01901,32.4,90,0.36,Congestionne,21291,1704,2026-05-20,11,mercredi,2026-05-20T11:51:35Z,retour,NA,Abobo
AX_R12,Abobo -> Marcory (Zone 4),Abobo,Marcory,5.420996,-4.01901,32.8,50,0.656,Modere,15171,1199,2026-05-20,11,mercredi,2026-05-20T11:51:36Z,retour,NA,Abobo
AX_R01,Retour Plateau -> Abobo (Gare Mairie),Plateau,Abobo,5.3167,-4.0234,17.8,90,0.198,Bloque,14058,1643,2026-05-20,12,mercredi,2026-05-20T12:22:39Z,retour,NA,Plateau
AX_R02,Retour Plateau -> Yopougon (Gare Autoroute),Plateau,Yopougon,5.3167,-4.0234,15,100,0.15,Bloque,12679,1758,2026-05-20,12,mercredi,2026-05-20T12:22:40Z,retour,NA,Plateau
AX_R03,Retour Plateau -> Yopougon (Clinique Fraternite),Plateau,Yopougon,5.3167,-4.0234,13.8,50,0.276,Bloque,9255,1399,2026-05-20,12,mercredi,2026-05-20T12:22:41Z,retour,NA,Plateau
AX_R04,Retour Plateau -> Yopougon (Carrefour Jatak),Plateau,Yopougon,5.3167,-4.0234,16.7,90,0.186,Bloque,17884,2225,2026-05-20,12,mercredi,2026-05-20T12:22:43Z,retour,NA,Plateau
AX_R05,Retour Plateau -> Marcory (Rond-point),Plateau,Marcory,5.3167,-4.0234,12.9,50,0.258,Bloque,10462,1686,2026-05-20,12,mercredi,2026-05-20T12:22:44Z,retour,NA,Plateau
AX_R06,Retour Cocody -> Bingerville (Lycee),Cocody,Bingerville,5.3523,-3.9895,21.2,70,0.303,Congestionne,13290,1353,2026-05-20,12,mercredi,2026-05-20T12:22:45Z,retour,NA,Cocody
AX_R07,Retour Cocody -> Yopougon (Carrefour Universite),Cocody,Yopougon,5.3523,-3.9895,16.6,100,0.166,Bloque,3631,472,2026-05-20,12,mercredi,2026-05-20T12:22:46Z,retour,NA,Cocody
AX_R08,Retour Cocody -> Abobo (2 Plateaux),Cocody,Abobo,5.3523,-3.9895,25.7,90,0.286,Bloque,11801,990,2026-05-20,12,mercredi,2026-05-20T12:22:48Z,retour,NA,Cocody
AX_R09,Yopougon (Gare) -> Marcory (Zone 4),Yopougon,Marcory,5.369048,-3.999911,19.6,50,0.392,Congestionne,9842,1082,2026-05-20,12,mercredi,2026-05-20T12:22:49Z,retour,NA,Yopougon
AX_R10,Yopougon (Jatak) -> Marcory (Zone 4),Yopougon,Marcory,5.321877,-4.1035450000000004,23.3,90,0.259,Bloque,20475,1893,2026-05-20,12,mercredi,2026-05-20T12:22:50Z,retour,NA,Yopougon
AX_R11,Abobo -> Cocody (Carrefour Universite),Abobo,Cocody,5.420996,-4.01901,27.5,90,0.306,Congestionne,21291,1704,2026-05-20,12,mercredi,2026-05-20T12:22:51Z,retour,NA,Abobo
AX_R12,Abobo -> Marcory (Zone 4),Abobo,Marcory,5.420996,-4.01901,27.9,50,0.558,Modere,15171,1199,2026-05-20,12,mercredi,2026-05-20T12:22:53Z,retour,NA,Abobo
AX_R01,Retour Plateau -> Abobo (Gare Mairie),Plateau,Abobo,5.3167,-4.0234,20.4,90,0.227,Bloque,14058,1643,2026-05-20,13,mercredi,2026-05-20T13:25:07Z,retour,NA,Plateau
AX_R02,Retour Plateau -> Yopougon (Gare Autoroute),Plateau,Yopougon,5.3167,-4.0234,17.2,100,0.172,Bloque,12679,1758,2026-05-20,13,mercredi,2026-05-20T13:25:08Z,retour,NA,Plateau
AX_R03,Retour Plateau -> Yopougon (Clinique Fraternite),Plateau,Yopougon,5.3167,-4.0234,15.8,50,0.316,Congestionne,9255,1399,2026-05-20,13,mercredi,2026-05-20T13:25:09Z,retour,NA,Plateau
AX_R04,Retour Plateau -> Yopougon (Carrefour Jatak),Plateau,Yopougon,5.3167,-4.0234,19.2,90,0.213,Bloque,17884,2225,2026-05-20,13,mercredi,2026-05-20T13:25:10Z,retour,NA,Plateau
AX_R05,Retour Plateau -> Marcory (Rond-point),Plateau,Marcory,5.3167,-4.0234,14.8,50,0.296,Bloque,10462,1686,2026-05-20,13,mercredi,2026-05-20T13:25:11Z,retour,NA,Plateau
AX_R06,Retour Cocody -> Bingerville (Lycee),Cocody,Bingerville,5.3523,-3.9895,24.3,70,0.347,Congestionne,13290,1353,2026-05-20,13,mercredi,2026-05-20T13:25:13Z,retour,NA,Cocody
AX_R07,Retour Cocody -> Yopougon (Carrefour Universite),Cocody,Yopougon,5.3523,-3.9895,19,100,0.19,Bloque,3631,472,2026-05-20,13,mercredi,2026-05-20T13:25:14Z,retour,NA,Cocody
AX_R08,Retour Cocody -> Abobo (2 Plateaux),Cocody,Abobo,5.3523,-3.9895,29.4,90,0.327,Congestionne,11801,990,2026-05-20,13,mercredi,2026-05-20T13:25:15Z,retour,NA,Cocody
AX_R09,Yopougon (Gare) -> Marcory (Zone 4),Yopougon,Marcory,5.369048,-3.999911,22.4,50,0.448,Congestionne,9842,1082,2026-05-20,13,mercredi,2026-05-20T13:25:16Z,retour,NA,Yopougon
AX_R10,Yopougon (Jatak) -> Marcory (Zone 4),Yopougon,Marcory,5.321877,-4.1035450000000004,26.7,90,0.297,Bloque,20475,1893,2026-05-20,13,mercredi,2026-05-20T13:25:18Z,retour,NA,Yopougon
AX_R11,Abobo -> Cocody (Carrefour Universite),Abobo,Cocody,5.420996,-4.01901,31.6,90,0.351,Congestionne,21291,1704,2026-05-20,13,mercredi,2026-05-20T13:25:19Z,retour,NA,Abobo
AX_R12,Abobo -> Marcory (Zone 4),Abobo,Marcory,5.420996,-4.01901,32,50,0.64,Modere,15171,1199,2026-05-20,13,mercredi,2026-05-20T13:25:20Z,retour,NA,Abobo
AX_R01,Retour Plateau -> Abobo (Gare Mairie),Plateau,Abobo,5.3167,-4.0234,21.5,90,0.239,Bloque,14058,1643,2026-05-20,14,mercredi,2026-05-20T14:27:30Z,retour,NA,Plateau
AX_R02,Retour Plateau -> Yopougon (Gare Autoroute),Plateau,Yopougon,5.3167,-4.0234,18.1,100,0.181,Bloque,12679,1758,2026-05-20,14,mercredi,2026-05-20T14:27:32Z,retour,NA,Plateau
AX_R03,Retour Plateau -> Yopougon (Clinique Fraternite),Plateau,Yopougon,5.3167,-4.0234,16.6,50,0.332,Congestionne,9255,1399,2026-05-20,14,mercredi,2026-05-20T14:27:33Z,retour,NA,Plateau
AX_R04,Retour Plateau -> Yopougon (Carrefour Jatak),Plateau,Yopougon,5.3167,-4.0234,20.1,90,0.223,Bloque,17884,2225,2026-05-20,14,mercredi,2026-05-20T14:27:34Z,retour,NA,Plateau
AX_R05,Retour Plateau -> Marcory (Rond-point),Plateau,Marcory,5.3167,-4.0234,15.5,50,0.31,Congestionne,10462,1686,2026-05-20,14,mercredi,2026-05-20T14:27:35Z,retour,NA,Plateau
AX_R06,Retour Cocody -> Bingerville (Lycee),Cocody,Bingerville,5.3523,-3.9895,25.5,70,0.364,Congestionne,13290,1353,2026-05-20,14,mercredi,2026-05-20T14:27:37Z,retour,NA,Cocody
AX_R07,Retour Cocody -> Yopougon (Carrefour Universite),Cocody,Yopougon,5.3523,-3.9895,20,100,0.2,Bloque,3631,472,2026-05-20,14,mercredi,2026-05-20T14:27:38Z,retour,NA,Cocody
AX_R08,Retour Cocody -> Abobo (2 Plateaux),Cocody,Abobo,5.3523,-3.9895,31,90,0.344,Congestionne,11801,990,2026-05-20,14,mercredi,2026-05-20T14:27:39Z,retour,NA,Cocody
AX_R09,Yopougon (Gare) -> Marcory (Zone 4),Yopougon,Marcory,5.369048,-3.999911,23.6,50,0.472,Congestionne,9842,1082,2026-05-20,14,mercredi,2026-05-20T14:27:40Z,retour,NA,Yopougon
AX_R10,Yopougon (Jatak) -> Marcory (Zone 4),Yopougon,Marcory,5.321877,-4.1035450000000004,28.1,90,0.312,Congestionne,20475,1893,2026-05-20,14,mercredi,2026-05-20T14:27:41Z,retour,NA,Yopougon
AX_R11,Abobo -> Cocody (Carrefour Universite),Abobo,Cocody,5.420996,-4.01901,33.2,90,0.369,Congestionne,21291,1704,2026-05-20,14,mercredi,2026-05-20T14:27:43Z,retour,NA,Abobo
AX_R12,Abobo -> Marcory (Zone 4),Abobo,Marcory,5.420996,-4.01901,33.7,50,0.674,Modere,15171,1199,2026-05-20,14,mercredi,2026-05-20T14:27:44Z,retour,NA,Abobo
AX_R01,Retour Plateau -> Abobo (Gare Mairie),Plateau,Abobo,5.3167,-4.0234,18.8,90,0.209,Bloque,14058,1643,2026-05-20,15,mercredi,2026-05-20T15:30:07Z,retour,NA,Plateau
AX_R02,Retour Plateau -> Yopougon (Gare Autoroute),Plateau,Yopougon,5.3167,-4.0234,15.9,100,0.159,Bloque,12679,1758,2026-05-20,15,mercredi,2026-05-20T15:30:08Z,retour,NA,Plateau
AX_R03,Retour Plateau -> Yopougon (Clinique Fraternite),Plateau,Yopougon,5.3167,-4.0234,14.6,50,0.292,Bloque,9255,1399,2026-05-20,15,mercredi,2026-05-20T15:30:09Z,retour,NA,Plateau
AX_R04,Retour Plateau -> Yopougon (Carrefour Jatak),Plateau,Yopougon,5.3167,-4.0234,17.7,90,0.197,Bloque,17884,2225,2026-05-20,15,mercredi,2026-05-20T15:30:10Z,retour,NA,Plateau
AX_R05,Retour Plateau -> Marcory (Rond-point),Plateau,Marcory,5.3167,-4.0234,13.6,50,0.272,Bloque,10462,1686,2026-05-20,15,mercredi,2026-05-20T15:30:12Z,retour,NA,Plateau
AX_R06,Retour Cocody -> Bingerville (Lycee),Cocody,Bingerville,5.3523,-3.9895,22.4,70,0.32,Congestionne,13290,1353,2026-05-20,15,mercredi,2026-05-20T15:30:13Z,retour,NA,Cocody
AX_R07,Retour Cocody -> Yopougon (Carrefour Universite),Cocody,Yopougon,5.3523,-3.9895,17.6,100,0.176,Bloque,3631,472,2026-05-20,15,mercredi,2026-05-20T15:30:14Z,retour,NA,Cocody
AX_R08,Retour Cocody -> Abobo (2 Plateaux),Cocody,Abobo,5.3523,-3.9895,27.2,90,0.302,Congestionne,11801,990,2026-05-20,15,mercredi,2026-05-20T15:30:15Z,retour,NA,Cocody
AX_R09,Yopougon (Gare) -> Marcory (Zone 4),Yopougon,Marcory,5.369048,-3.999911,20.7,50,0.414,Congestionne,9842,1082,2026-05-20,15,mercredi,2026-05-20T15:30:16Z,retour,NA,Yopougon
AX_R10,Yopougon (Jatak) -> Marcory (Zone 4),Yopougon,Marcory,5.321877,-4.1035450000000004,24.6,90,0.273,Bloque,20475,1893,2026-05-20,15,mercredi,2026-05-20T15:30:18Z,retour,NA,Yopougon
AX_R11,Abobo -> Cocody (Carrefour Universite),Abobo,Cocody,5.420996,-4.01901,29.2,90,0.324,Congestionne,21291,1704,2026-05-20,15,mercredi,2026-05-20T15:30:19Z,retour,NA,Abobo
AX_R12,Abobo -> Marcory (Zone 4),Abobo,Marcory,5.420996,-4.01901,29.5,50,0.59,Modere,15171,1199,2026-05-20,15,mercredi,2026-05-20T15:30:21Z,retour,NA,Abobo
AX_R01,Retour Plateau -> Abobo (Gare Mairie),Plateau,Abobo,5.3167,-4.0234,13.6,90,0.151,Bloque,14058,1643,2026-05-20,16,mercredi,2026-05-20T16:01:25Z,retour,NA,Plateau
AX_R02,Retour Plateau -> Yopougon (Gare Autoroute),Plateau,Yopougon,5.3167,-4.0234,11.5,100,0.115,Bloque,12679,1758,2026-05-20,16,mercredi,2026-05-20T16:01:26Z,retour,NA,Plateau
AX_R03,Retour Plateau -> Yopougon (Clinique Fraternite),Plateau,Yopougon,5.3167,-4.0234,10.5,50,0.21,Bloque,9255,1399,2026-05-20,16,mercredi,2026-05-20T16:01:28Z,retour,NA,Plateau
AX_R04,Retour Plateau -> Yopougon (Carrefour Jatak),Plateau,Yopougon,5.3167,-4.0234,12.8,90,0.142,Bloque,17884,2225,2026-05-20,16,mercredi,2026-05-20T16:01:29Z,retour,NA,Plateau
AX_R05,Retour Plateau -> Marcory (Rond-point),Plateau,Marcory,5.3167,-4.0234,9.9,50,0.198,Bloque,10462,1686,2026-05-20,16,mercredi,2026-05-20T16:01:30Z,retour,NA,Plateau
AX_R06,Retour Cocody -> Bingerville (Lycee),Cocody,Bingerville,5.3523,-3.9895,16.2,70,0.231,Bloque,13290,1353,2026-05-20,16,mercredi,2026-05-20T16:01:31Z,retour,NA,Cocody
AX_R07,Retour Cocody -> Yopougon (Carrefour Universite),Cocody,Yopougon,5.3523,-3.9895,12.7,100,0.127,Bloque,3631,472,2026-05-20,16,mercredi,2026-05-20T16:01:32Z,retour,NA,Cocody
AX_R08,Retour Cocody -> Abobo (2 Plateaux),Cocody,Abobo,5.3523,-3.9895,19.6,90,0.218,Bloque,11801,990,2026-05-20,16,mercredi,2026-05-20T16:01:34Z,retour,NA,Cocody
AX_R09,Yopougon (Gare) -> Marcory (Zone 4),Yopougon,Marcory,5.369048,-3.999911,15,50,0.3,Congestionne,9842,1082,2026-05-20,16,mercredi,2026-05-20T16:01:35Z,retour,NA,Yopougon
AX_R10,Yopougon (Jatak) -> Marcory (Zone 4),Yopougon,Marcory,5.321877,-4.1035450000000004,17.8,90,0.198,Bloque,20475,1893,2026-05-20,16,mercredi,2026-05-20T16:01:36Z,retour,NA,Yopougon
AX_R11,Abobo -> Cocody (Carrefour Universite),Abobo,Cocody,5.420996,-4.01901,21.1,90,0.234,Bloque,21291,1704,2026-05-20,16,mercredi,2026-05-20T16:01:38Z,retour,NA,Abobo
AX_R12,Abobo -> Marcory (Zone 4),Abobo,Marcory,5.420996,-4.01901,21.3,50,0.426,Congestionne,15171,1199,2026-05-20,16,mercredi,2026-05-20T16:01:39Z,retour,NA,Abobo
AX_R01,Retour Plateau -> Abobo (Gare Mairie),Plateau,Abobo,5.3167,-4.0234,9.9,90,0.11,Bloque,14058,1643,2026-05-20,17,mercredi,2026-05-20T17:04:05Z,retour,NA,Plateau
AX_R02,Retour Plateau -> Yopougon (Gare Autoroute),Plateau,Yopougon,5.3167,-4.0234,8.4,100,0.084,Bloque,12679,1758,2026-05-20,17,mercredi,2026-05-20T17:04:06Z,retour,NA,Plateau
AX_R03,Retour Plateau -> Yopougon (Clinique Fraternite),Plateau,Yopougon,5.3167,-4.0234,7.7,50,0.154,Bloque,9255,1399,2026-05-20,17,mercredi,2026-05-20T17:04:07Z,retour,NA,Plateau
AX_R04,Retour Plateau -> Yopougon (Carrefour Jatak),Plateau,Yopougon,5.3167,-4.0234,9.3,90,0.103,Bloque,17884,2225,2026-05-20,17,mercredi,2026-05-20T17:04:08Z,retour,NA,Plateau
AX_R05,Retour Plateau -> Marcory (Rond-point),Plateau,Marcory,5.3167,-4.0234,7.2,50,0.144,Bloque,10462,1686,2026-05-20,17,mercredi,2026-05-20T17:04:10Z,retour,NA,Plateau
AX_R06,Retour Cocody -> Bingerville (Lycee),Cocody,Bingerville,5.3523,-3.9895,11.8,70,0.169,Bloque,13290,1353,2026-05-20,17,mercredi,2026-05-20T17:04:11Z,retour,NA,Cocody
AX_R07,Retour Cocody -> Yopougon (Carrefour Universite),Cocody,Yopougon,5.3523,-3.9895,9.3,100,0.093,Bloque,3631,472,2026-05-20,17,mercredi,2026-05-20T17:04:12Z,retour,NA,Cocody
AX_R08,Retour Cocody -> Abobo (2 Plateaux),Cocody,Abobo,5.3523,-3.9895,14.3,90,0.159,Bloque,11801,990,2026-05-20,17,mercredi,2026-05-20T17:04:13Z,retour,NA,Cocody
AX_R09,Yopougon (Gare) -> Marcory (Zone 4),Yopougon,Marcory,5.369048,-3.999911,10.9,50,0.218,Bloque,9842,1082,2026-05-20,17,mercredi,2026-05-20T17:04:15Z,retour,NA,Yopougon
AX_R10,Yopougon (Jatak) -> Marcory (Zone 4),Yopougon,Marcory,5.321877,-4.1035450000000004,13,90,0.144,Bloque,20475,1893,2026-05-20,17,mercredi,2026-05-20T17:04:16Z,retour,NA,Yopougon
AX_R11,Abobo -> Cocody (Carrefour Universite),Abobo,Cocody,5.420996,-4.01901,15.4,90,0.171,Bloque,21291,1704,2026-05-20,17,mercredi,2026-05-20T17:04:17Z,retour,NA,Abobo
AX_R12,Abobo -> Marcory (Zone 4),Abobo,Marcory,5.420996,-4.01901,15.6,50,0.312,Congestionne,15171,1199,2026-05-20,17,mercredi,2026-05-20T17:04:18Z,retour,NA,Abobo
AX_R01,Retour Plateau -> Abobo (Gare Mairie),Plateau,Abobo,5.3167,-4.0234,20.4,90,0.227,Bloque,14058,1643,2026-05-20,20,mercredi,2026-05-20T20:34:51Z,retour,NA,Plateau
AX_R02,Retour Plateau -> Yopougon (Gare Autoroute),Plateau,Yopougon,5.3167,-4.0234,17.2,100,0.172,Bloque,12679,1758,2026-05-20,20,mercredi,2026-05-20T20:34:52Z,retour,NA,Plateau
AX_R03,Retour Plateau -> Yopougon (Clinique Fraternite),Plateau,Yopougon,5.3167,-4.0234,15.8,50,0.316,Congestionne,9255,1399,2026-05-20,20,mercredi,2026-05-20T20:34:54Z,retour,NA,Plateau
AX_R04,Retour Plateau -> Yopougon (Carrefour Jatak),Plateau,Yopougon,5.3167,-4.0234,19.2,90,0.213,Bloque,17884,2225,2026-05-20,20,mercredi,2026-05-20T20:34:55Z,retour,NA,Plateau
AX_R05,Retour Plateau -> Marcory (Rond-point),Plateau,Marcory,5.3167,-4.0234,14.8,50,0.296,Bloque,10462,1686,2026-05-20,20,mercredi,2026-05-20T20:34:56Z,retour,NA,Plateau
AX_R06,Retour Cocody -> Bingerville (Lycee),Cocody,Bingerville,5.3523,-3.9895,24.3,70,0.347,Congestionne,13290,1353,2026-05-20,20,mercredi,2026-05-20T20:34:57Z,retour,NA,Cocody
AX_R07,Retour Cocody -> Yopougon (Carrefour Universite),Cocody,Yopougon,5.3523,-3.9895,19,100,0.19,Bloque,3631,472,2026-05-20,20,mercredi,2026-05-20T20:34:59Z,retour,NA,Cocody
AX_R08,Retour Cocody -> Abobo (2 Plateaux),Cocody,Abobo,5.3523,-3.9895,29.4,90,0.327,Congestionne,11801,990,2026-05-20,20,mercredi,2026-05-20T20:35:00Z,retour,NA,Cocody
AX_R09,Yopougon (Gare) -> Marcory (Zone 4),Yopougon,Marcory,5.369048,-3.999911,22.4,50,0.448,Congestionne,9842,1082,2026-05-20,20,mercredi,2026-05-20T20:35:01Z,retour,NA,Yopougon
AX_R10,Yopougon (Jatak) -> Marcory (Zone 4),Yopougon,Marcory,5.321877,-4.1035450000000004,26.7,90,0.297,Bloque,20475,1893,2026-05-20,20,mercredi,2026-05-20T20:35:02Z,retour,NA,Yopougon
AX_R11,Abobo -> Cocody (Carrefour Universite),Abobo,Cocody,5.420996,-4.01901,31.6,90,0.351,Congestionne,21291,1704,2026-05-20,20,mercredi,2026-05-20T20:35:04Z,retour,NA,Abobo
AX_R12,Abobo -> Marcory (Zone 4),Abobo,Marcory,5.420996,-4.01901,32,50,0.64,Modere,15171,1199,2026-05-20,20,mercredi,2026-05-20T20:35:05Z,retour,NA,Abobo
AX_R01,Retour Plateau -> Abobo (Gare Mairie),Plateau,Abobo,5.3167,-4.0234,23,90,0.256,Bloque,14058,1643,2026-05-20,21,mercredi,2026-05-20T21:06:18Z,retour,NA,Plateau
AX_R02,Retour Plateau -> Yopougon (Gare Autoroute),Plateau,Yopougon,5.3167,-4.0234,19.4,100,0.194,Bloque,12679,1758,2026-05-20,21,mercredi,2026-05-20T21:06:20Z,retour,NA,Plateau
AX_R03,Retour Plateau -> Yopougon (Clinique Fraternite),Plateau,Yopougon,5.3167,-4.0234,17.8,50,0.356,Congestionne,9255,1399,2026-05-20,21,mercredi,2026-05-20T21:06:21Z,retour,NA,Plateau
AX_R04,Retour Plateau -> Yopougon (Carrefour Jatak),Plateau,Yopougon,5.3167,-4.0234,21.6,90,0.24,Bloque,17884,2225,2026-05-20,21,mercredi,2026-05-20T21:06:22Z,retour,NA,Plateau
AX_R05,Retour Plateau -> Marcory (Rond-point),Plateau,Marcory,5.3167,-4.0234,16.7,50,0.334,Congestionne,10462,1686,2026-05-20,21,mercredi,2026-05-20T21:06:23Z,retour,NA,Plateau
AX_R06,Retour Cocody -> Bingerville (Lycee),Cocody,Bingerville,5.3523,-3.9895,27.4,70,0.391,Congestionne,13290,1353,2026-05-20,21,mercredi,2026-05-20T21:06:25Z,retour,NA,Cocody
AX_R07,Retour Cocody -> Yopougon (Carrefour Universite),Cocody,Yopougon,5.3523,-3.9895,21.5,100,0.215,Bloque,3631,472,2026-05-20,21,mercredi,2026-05-20T21:06:26Z,retour,NA,Cocody
AX_R08,Retour Cocody -> Abobo (2 Plateaux),Cocody,Abobo,5.3523,-3.9895,33.2,90,0.369,Congestionne,11801,990,2026-05-20,21,mercredi,2026-05-20T21:06:27Z,retour,NA,Cocody
AX_R09,Yopougon (Gare) -> Marcory (Zone 4),Yopougon,Marcory,5.369048,-3.999911,25.3,50,0.506,Modere,9842,1082,2026-05-20,21,mercredi,2026-05-20T21:06:28Z,retour,NA,Yopougon
AX_R10,Yopougon (Jatak) -> Marcory (Zone 4),Yopougon,Marcory,5.321877,-4.1035450000000004,30.1,90,0.334,Congestionne,20475,1893,2026-05-20,21,mercredi,2026-05-20T21:06:30Z,retour,NA,Yopougon
AX_R11,Abobo -> Cocody (Carrefour Universite),Abobo,Cocody,5.420996,-4.01901,35.6,90,0.396,Congestionne,21291,1704,2026-05-20,21,mercredi,2026-05-20T21:06:31Z,retour,NA,Abobo
AX_R12,Abobo -> Marcory (Zone 4),Abobo,Marcory,5.420996,-4.01901,36.1,50,0.722,Modere,15171,1199,2026-05-20,21,mercredi,2026-05-20T21:06:32Z,retour,NA,Abobo
AX_R01,Retour Plateau -> Abobo (Gare Mairie),Plateau,Abobo,5.3167,-4.0234,24.6,90,0.273,Bloque,14058,1643,2026-05-20,22,mercredi,2026-05-20T22:09:22Z,retour,NA,Plateau
AX_R02,Retour Plateau -> Yopougon (Gare Autoroute),Plateau,Yopougon,5.3167,-4.0234,20.8,100,0.208,Bloque,12679,1758,2026-05-20,22,mercredi,2026-05-20T22:09:24Z,retour,NA,Plateau
AX_R03,Retour Plateau -> Yopougon (Clinique Fraternite),Plateau,Yopougon,5.3167,-4.0234,19,50,0.38,Congestionne,9255,1399,2026-05-20,22,mercredi,2026-05-20T22:09:25Z,retour,NA,Plateau
AX_R04,Retour Plateau -> Yopougon (Carrefour Jatak),Plateau,Yopougon,5.3167,-4.0234,23.1,90,0.257,Bloque,17884,2225,2026-05-20,22,mercredi,2026-05-20T22:09:26Z,retour,NA,Plateau
AX_R05,Retour Plateau -> Marcory (Rond-point),Plateau,Marcory,5.3167,-4.0234,17.8,50,0.356,Congestionne,10462,1686,2026-05-20,22,mercredi,2026-05-20T22:09:27Z,retour,NA,Plateau
AX_R06,Retour Cocody -> Bingerville (Lycee),Cocody,Bingerville,5.3523,-3.9895,29.3,70,0.419,Congestionne,13290,1353,2026-05-20,22,mercredi,2026-05-20T22:09:29Z,retour,NA,Cocody
AX_R07,Retour Cocody -> Yopougon (Carrefour Universite),Cocody,Yopougon,5.3523,-3.9895,22.9,100,0.229,Bloque,3631,472,2026-05-20,22,mercredi,2026-05-20T22:09:30Z,retour,NA,Cocody
AX_R08,Retour Cocody -> Abobo (2 Plateaux),Cocody,Abobo,5.3523,-3.9895,35.5,90,0.394,Congestionne,11801,990,2026-05-20,22,mercredi,2026-05-20T22:09:31Z,retour,NA,Cocody
AX_R09,Yopougon (Gare) -> Marcory (Zone 4),Yopougon,Marcory,5.369048,-3.999911,27,50,0.54,Modere,9842,1082,2026-05-20,22,mercredi,2026-05-20T22:09:32Z,retour,NA,Yopougon
AX_R10,Yopougon (Jatak) -> Marcory (Zone 4),Yopougon,Marcory,5.321877,-4.1035450000000004,32.2,90,0.358,Congestionne,20475,1893,2026-05-20,22,mercredi,2026-05-20T22:09:34Z,retour,NA,Yopougon
AX_R11,Abobo -> Cocody (Carrefour Universite),Abobo,Cocody,5.420996,-4.01901,38.1,90,0.423,Congestionne,21291,1704,2026-05-20,22,mercredi,2026-05-20T22:09:35Z,retour,NA,Abobo
AX_R12,Abobo -> Marcory (Zone 4),Abobo,Marcory,5.420996,-4.01901,38.6,50,0.772,Modere,15171,1199,2026-05-20,22,mercredi,2026-05-20T22:09:36Z,retour,NA,Abobo
AX_R01,Retour Plateau -> Abobo (Gare Mairie),Plateau,Abobo,5.3167,-4.0234,25.7,90,0.286,Bloque,14058,1643,2026-05-20,23,mercredi,2026-05-20T23:12:17Z,retour,NA,Plateau
AX_R02,Retour Plateau -> Yopougon (Gare Autoroute),Plateau,Yopougon,5.3167,-4.0234,21.7,100,0.217,Bloque,12679,1758,2026-05-20,23,mercredi,2026-05-20T23:12:18Z,retour,NA,Plateau
AX_R03,Retour Plateau -> Yopougon (Clinique Fraternite),Plateau,Yopougon,5.3167,-4.0234,19.8,50,0.396,Congestionne,9255,1399,2026-05-20,23,mercredi,2026-05-20T23:12:19Z,retour,NA,Plateau
AX_R04,Retour Plateau -> Yopougon (Carrefour Jatak),Plateau,Yopougon,5.3167,-4.0234,24.1,90,0.268,Bloque,17884,2225,2026-05-20,23,mercredi,2026-05-20T23:12:20Z,retour,NA,Plateau
AX_R05,Retour Plateau -> Marcory (Rond-point),Plateau,Marcory,5.3167,-4.0234,18.6,50,0.372,Congestionne,10462,1686,2026-05-20,23,mercredi,2026-05-20T23:12:22Z,retour,NA,Plateau
AX_R06,Retour Cocody -> Bingerville (Lycee),Cocody,Bingerville,5.3523,-3.9895,30.5,70,0.436,Congestionne,13290,1353,2026-05-20,23,mercredi,2026-05-20T23:12:23Z,retour,NA,Cocody
AX_R07,Retour Cocody -> Yopougon (Carrefour Universite),Cocody,Yopougon,5.3523,-3.9895,23.9,100,0.239,Bloque,3631,472,2026-05-20,23,mercredi,2026-05-20T23:12:24Z,retour,NA,Cocody
AX_R08,Retour Cocody -> Abobo (2 Plateaux),Cocody,Abobo,5.3523,-3.9895,37,90,0.411,Congestionne,11801,990,2026-05-20,23,mercredi,2026-05-20T23:12:25Z,retour,NA,Cocody
AX_R09,Yopougon (Gare) -> Marcory (Zone 4),Yopougon,Marcory,5.369048,-3.999911,28.2,50,0.564,Modere,9842,1082,2026-05-20,23,mercredi,2026-05-20T23:12:26Z,retour,NA,Yopougon
AX_R10,Yopougon (Jatak) -> Marcory (Zone 4),Yopougon,Marcory,5.321877,-4.1035450000000004,33.5,90,0.372,Congestionne,20475,1893,2026-05-20,23,mercredi,2026-05-20T23:12:28Z,retour,NA,Yopougon
AX_R11,Abobo -> Cocody (Carrefour Universite),Abobo,Cocody,5.420996,-4.01901,39.7,90,0.441,Congestionne,21291,1704,2026-05-20,23,mercredi,2026-05-20T23:12:29Z,retour,NA,Abobo
AX_R12,Abobo -> Marcory (Zone 4),Abobo,Marcory,5.420996,-4.01901,40.2,50,0.804,Fluide,15171,1199,2026-05-20,23,mercredi,2026-05-20T23:12:30Z,retour,NA,Abobo
AX_R01,Retour Plateau -> Abobo (Gare Mairie),Plateau,Abobo,5.3167,-4.0234,26.2,90,0.291,Bloque,14058,1643,2026-05-21,0,jeudi,2026-05-21T00:15:04Z,retour,NA,Plateau
AX_R02,Retour Plateau -> Yopougon (Gare Autoroute),Plateau,Yopougon,5.3167,-4.0234,22.1,100,0.221,Bloque,12679,1758,2026-05-21,0,jeudi,2026-05-21T00:15:05Z,retour,NA,Plateau
AX_R03,Retour Plateau -> Yopougon (Clinique Fraternite),Plateau,Yopougon,5.3167,-4.0234,20.2,50,0.404,Congestionne,9255,1399,2026-05-21,0,jeudi,2026-05-21T00:15:07Z,retour,NA,Plateau
AX_R04,Retour Plateau -> Yopougon (Carrefour Jatak),Plateau,Yopougon,5.3167,-4.0234,24.6,90,0.273,Bloque,17884,2225,2026-05-21,0,jeudi,2026-05-21T00:15:08Z,retour,NA,Plateau
AX_R05,Retour Plateau -> Marcory (Rond-point),Plateau,Marcory,5.3167,-4.0234,19,50,0.38,Congestionne,10462,1686,2026-05-21,0,jeudi,2026-05-21T00:15:09Z,retour,NA,Plateau
AX_R06,Retour Cocody -> Bingerville (Lycee),Cocody,Bingerville,5.3523,-3.9895,31.2,70,0.446,Congestionne,13290,1353,2026-05-21,0,jeudi,2026-05-21T00:15:10Z,retour,NA,Cocody
AX_R07,Retour Cocody -> Yopougon (Carrefour Universite),Cocody,Yopougon,5.3523,-3.9895,24.4,100,0.244,Bloque,3631,472,2026-05-21,0,jeudi,2026-05-21T00:15:11Z,retour,NA,Cocody
AX_R08,Retour Cocody -> Abobo (2 Plateaux),Cocody,Abobo,5.3523,-3.9895,37.8,90,0.42,Congestionne,11801,990,2026-05-21,0,jeudi,2026-05-21T00:15:13Z,retour,NA,Cocody
AX_R09,Yopougon (Gare) -> Marcory (Zone 4),Yopougon,Marcory,5.369048,-3.999911,28.8,50,0.576,Modere,9842,1082,2026-05-21,0,jeudi,2026-05-21T00:15:14Z,retour,NA,Yopougon
AX_R10,Yopougon (Jatak) -> Marcory (Zone 4),Yopougon,Marcory,5.321877,-4.1035450000000004,34.2,90,0.38,Congestionne,20475,1893,2026-05-21,0,jeudi,2026-05-21T00:15:15Z,retour,NA,Yopougon
AX_R11,Abobo -> Cocody (Carrefour Universite),Abobo,Cocody,5.420996,-4.01901,40.5,90,0.45,Congestionne,21291,1704,2026-05-21,0,jeudi,2026-05-21T00:15:16Z,retour,NA,Abobo
AX_R12,Abobo -> Marcory (Zone 4),Abobo,Marcory,5.420996,-4.01901,41,50,0.82,Fluide,15171,1199,2026-05-21,0,jeudi,2026-05-21T00:15:18Z,retour,NA,Abobo
AX_R01,Retour Plateau -> Abobo (Gare Mairie),Plateau,Abobo,5.3167,-4.0234,26.2,90,0.291,Bloque,14058,1643,2026-05-21,1,jeudi,2026-05-21T01:17:39Z,retour,NA,Plateau
AX_R02,Retour Plateau -> Yopougon (Gare Autoroute),Plateau,Yopougon,5.3167,-4.0234,22.1,100,0.221,Bloque,12679,1758,2026-05-21,1,jeudi,2026-05-21T01:17:40Z,retour,NA,Plateau
AX_R03,Retour Plateau -> Yopougon (Clinique Fraternite),Plateau,Yopougon,5.3167,-4.0234,20.2,50,0.404,Congestionne,9255,1399,2026-05-21,1,jeudi,2026-05-21T01:17:41Z,retour,NA,Plateau
AX_R04,Retour Plateau -> Yopougon (Carrefour Jatak),Plateau,Yopougon,5.3167,-4.0234,24.6,90,0.273,Bloque,17884,2225,2026-05-21,1,jeudi,2026-05-21T01:17:42Z,retour,NA,Plateau
AX_R05,Retour Plateau -> Marcory (Rond-point),Plateau,Marcory,5.3167,-4.0234,19,50,0.38,Congestionne,10462,1686,2026-05-21,1,jeudi,2026-05-21T01:17:44Z,retour,NA,Plateau
AX_R06,Retour Cocody -> Bingerville (Lycee),Cocody,Bingerville,5.3523,-3.9895,31.2,70,0.446,Congestionne,13290,1353,2026-05-21,1,jeudi,2026-05-21T01:17:45Z,retour,NA,Cocody
AX_R07,Retour Cocody -> Yopougon (Carrefour Universite),Cocody,Yopougon,5.3523,-3.9895,24.4,100,0.244,Bloque,3631,472,2026-05-21,1,jeudi,2026-05-21T01:17:46Z,retour,NA,Cocody
AX_R08,Retour Cocody -> Abobo (2 Plateaux),Cocody,Abobo,5.3523,-3.9895,37.8,90,0.42,Congestionne,11801,990,2026-05-21,1,jeudi,2026-05-21T01:17:47Z,retour,NA,Cocody
AX_R09,Yopougon (Gare) -> Marcory (Zone 4),Yopougon,Marcory,5.369048,-3.999911,28.8,50,0.576,Modere,9842,1082,2026-05-21,1,jeudi,2026-05-21T01:17:48Z,retour,NA,Yopougon
AX_R10,Yopougon (Jatak) -> Marcory (Zone 4),Yopougon,Marcory,5.321877,-4.1035450000000004,34.2,90,0.38,Congestionne,20475,1893,2026-05-21,1,jeudi,2026-05-21T01:17:50Z,retour,NA,Yopougon
AX_R11,Abobo -> Cocody (Carrefour Universite),Abobo,Cocody,5.420996,-4.01901,40.5,90,0.45,Congestionne,21291,1704,2026-05-21,1,jeudi,2026-05-21T01:17:51Z,retour,NA,Abobo
AX_R12,Abobo -> Marcory (Zone 4),Abobo,Marcory,5.420996,-4.01901,41,50,0.82,Fluide,15171,1199,2026-05-21,1,jeudi,2026-05-21T01:17:52Z,retour,NA,Abobo
AX_R01,Retour Plateau -> Abobo (Gare Mairie),Plateau,Abobo,5.3167,-4.0234,26.2,90,0.291,Bloque,14058,1643,2026-05-21,2,jeudi,2026-05-21T02:20:13Z,retour,NA,Plateau
AX_R02,Retour Plateau -> Yopougon (Gare Autoroute),Plateau,Yopougon,5.3167,-4.0234,22.1,100,0.221,Bloque,12679,1758,2026-05-21,2,jeudi,2026-05-21T02:20:14Z,retour,NA,Plateau
AX_R03,Retour Plateau -> Yopougon (Clinique Fraternite),Plateau,Yopougon,5.3167,-4.0234,20.2,50,0.404,Congestionne,9255,1399,2026-05-21,2,jeudi,2026-05-21T02:20:15Z,retour,NA,Plateau
AX_R04,Retour Plateau -> Yopougon (Carrefour Jatak),Plateau,Yopougon,5.3167,-4.0234,24.6,90,0.273,Bloque,17884,2225,2026-05-21,2,jeudi,2026-05-21T02:20:17Z,retour,NA,Plateau
AX_R05,Retour Plateau -> Marcory (Rond-point),Plateau,Marcory,5.3167,-4.0234,19,50,0.38,Congestionne,10462,1686,2026-05-21,2,jeudi,2026-05-21T02:20:18Z,retour,NA,Plateau
AX_R06,Retour Cocody -> Bingerville (Lycee),Cocody,Bingerville,5.3523,-3.9895,31.2,70,0.446,Congestionne,13290,1353,2026-05-21,2,jeudi,2026-05-21T02:20:19Z,retour,NA,Cocody
AX_R07,Retour Cocody -> Yopougon (Carrefour Universite),Cocody,Yopougon,5.3523,-3.9895,24.4,100,0.244,Bloque,3631,472,2026-05-21,2,jeudi,2026-05-21T02:20:20Z,retour,NA,Cocody
AX_R08,Retour Cocody -> Abobo (2 Plateaux),Cocody,Abobo,5.3523,-3.9895,37.8,90,0.42,Congestionne,11801,990,2026-05-21,2,jeudi,2026-05-21T02:20:21Z,retour,NA,Cocody
AX_R09,Yopougon (Gare) -> Marcory (Zone 4),Yopougon,Marcory,5.369048,-3.999911,28.8,50,0.576,Modere,9842,1082,2026-05-21,2,jeudi,2026-05-21T02:20:23Z,retour,NA,Yopougon
AX_R10,Yopougon (Jatak) -> Marcory (Zone 4),Yopougon,Marcory,5.321877,-4.1035450000000004,34.2,90,0.38,Congestionne,20475,1893,2026-05-21,2,jeudi,2026-05-21T02:20:24Z,retour,NA,Yopougon
AX_R11,Abobo -> Cocody (Carrefour Universite),Abobo,Cocody,5.420996,-4.01901,40.5,90,0.45,Congestionne,21291,1704,2026-05-21,2,jeudi,2026-05-21T02:20:25Z,retour,NA,Abobo
AX_R12,Abobo -> Marcory (Zone 4),Abobo,Marcory,5.420996,-4.01901,41,50,0.82,Fluide,15171,1199,2026-05-21,2,jeudi,2026-05-21T02:20:27Z,retour,NA,Abobo
AX_R01,Retour Plateau -> Abobo (Gare Mairie),Plateau,Abobo,5.3167,-4.0234,26.2,90,0.291,Bloque,14058,1643,2026-05-21,3,jeudi,2026-05-21T03:22:47Z,retour,NA,Plateau
AX_R02,Retour Plateau -> Yopougon (Gare Autoroute),Plateau,Yopougon,5.3167,-4.0234,22.1,100,0.221,Bloque,12679,1758,2026-05-21,3,jeudi,2026-05-21T03:22:48Z,retour,NA,Plateau
AX_R03,Retour Plateau -> Yopougon (Clinique Fraternite),Plateau,Yopougon,5.3167,-4.0234,20.2,50,0.404,Congestionne,9255,1399,2026-05-21,3,jeudi,2026-05-21T03:22:50Z,retour,NA,Plateau
AX_R04,Retour Plateau -> Yopougon (Carrefour Jatak),Plateau,Yopougon,5.3167,-4.0234,24.6,90,0.273,Bloque,17884,2225,2026-05-21,3,jeudi,2026-05-21T03:22:51Z,retour,NA,Plateau
AX_R05,Retour Plateau -> Marcory (Rond-point),Plateau,Marcory,5.3167,-4.0234,19,50,0.38,Congestionne,10462,1686,2026-05-21,3,jeudi,2026-05-21T03:22:52Z,retour,NA,Plateau
AX_R06,Retour Cocody -> Bingerville (Lycee),Cocody,Bingerville,5.3523,-3.9895,31.2,70,0.446,Congestionne,13290,1353,2026-05-21,3,jeudi,2026-05-21T03:22:53Z,retour,NA,Cocody
AX_R07,Retour Cocody -> Yopougon (Carrefour Universite),Cocody,Yopougon,5.3523,-3.9895,24.4,100,0.244,Bloque,3631,472,2026-05-21,3,jeudi,2026-05-21T03:22:54Z,retour,NA,Cocody
AX_R08,Retour Cocody -> Abobo (2 Plateaux),Cocody,Abobo,5.3523,-3.9895,37.8,90,0.42,Congestionne,11801,990,2026-05-21,3,jeudi,2026-05-21T03:22:56Z,retour,NA,Cocody
AX_R09,Yopougon (Gare) -> Marcory (Zone 4),Yopougon,Marcory,5.369048,-3.999911,28.8,50,0.576,Modere,9842,1082,2026-05-21,3,jeudi,2026-05-21T03:22:57Z,retour,NA,Yopougon
AX_R10,Yopougon (Jatak) -> Marcory (Zone 4),Yopougon,Marcory,5.321877,-4.1035450000000004,34.2,90,0.38,Congestionne,20475,1893,2026-05-21,3,jeudi,2026-05-21T03:22:58Z,retour,NA,Yopougon
AX_R11,Abobo -> Cocody (Carrefour Universite),Abobo,Cocody,5.420996,-4.01901,40.5,90,0.45,Congestionne,21291,1704,2026-05-21,3,jeudi,2026-05-21T03:22:59Z,retour,NA,Abobo
AX_R12,Abobo -> Marcory (Zone 4),Abobo,Marcory,5.420996,-4.01901,41,50,0.82,Fluide,15171,1199,2026-05-21,3,jeudi,2026-05-21T03:23:01Z,retour,NA,Abobo
AX_R01,Retour Plateau -> Abobo (Gare Mairie),Plateau,Abobo,5.3167,-4.0234,26.2,90,0.291,Bloque,14058,1643,2026-05-21,4,jeudi,2026-05-21T04:25:22Z,retour,NA,Plateau
AX_R02,Retour Plateau -> Yopougon (Gare Autoroute),Plateau,Yopougon,5.3167,-4.0234,22.1,100,0.221,Bloque,12679,1758,2026-05-21,4,jeudi,2026-05-21T04:25:23Z,retour,NA,Plateau
AX_R03,Retour Plateau -> Yopougon (Clinique Fraternite),Plateau,Yopougon,5.3167,-4.0234,20.2,50,0.404,Congestionne,9255,1399,2026-05-21,4,jeudi,2026-05-21T04:25:24Z,retour,NA,Plateau
AX_R04,Retour Plateau -> Yopougon (Carrefour Jatak),Plateau,Yopougon,5.3167,-4.0234,24.6,90,0.273,Bloque,17884,2225,2026-05-21,4,jeudi,2026-05-21T04:25:26Z,retour,NA,Plateau
AX_R05,Retour Plateau -> Marcory (Rond-point),Plateau,Marcory,5.3167,-4.0234,19,50,0.38,Congestionne,10462,1686,2026-05-21,4,jeudi,2026-05-21T04:25:27Z,retour,NA,Plateau
AX_R06,Retour Cocody -> Bingerville (Lycee),Cocody,Bingerville,5.3523,-3.9895,31.2,70,0.446,Congestionne,13290,1353,2026-05-21,4,jeudi,2026-05-21T04:25:28Z,retour,NA,Cocody
AX_R07,Retour Cocody -> Yopougon (Carrefour Universite),Cocody,Yopougon,5.3523,-3.9895,24.4,100,0.244,Bloque,3631,472,2026-05-21,4,jeudi,2026-05-21T04:25:29Z,retour,NA,Cocody
AX_R08,Retour Cocody -> Abobo (2 Plateaux),Cocody,Abobo,5.3523,-3.9895,37.8,90,0.42,Congestionne,11801,990,2026-05-21,4,jeudi,2026-05-21T04:25:30Z,retour,NA,Cocody
AX_R09,Yopougon (Gare) -> Marcory (Zone 4),Yopougon,Marcory,5.369048,-3.999911,28.8,50,0.576,Modere,9842,1082,2026-05-21,4,jeudi,2026-05-21T04:25:32Z,retour,NA,Yopougon
AX_R10,Yopougon (Jatak) -> Marcory (Zone 4),Yopougon,Marcory,5.321877,-4.1035450000000004,34.2,90,0.38,Congestionne,20475,1893,2026-05-21,4,jeudi,2026-05-21T04:25:33Z,retour,NA,Yopougon
AX_R11,Abobo -> Cocody (Carrefour Universite),Abobo,Cocody,5.420996,-4.01901,40.5,90,0.45,Congestionne,21291,1704,2026-05-21,4,jeudi,2026-05-21T04:25:34Z,retour,NA,Abobo
AX_R12,Abobo -> Marcory (Zone 4),Abobo,Marcory,5.420996,-4.01901,41,50,0.82,Fluide,15171,1199,2026-05-21,4,jeudi,2026-05-21T04:25:36Z,retour,NA,Abobo
AX_R01,Retour Plateau -> Abobo (Gare Mairie),Plateau,Abobo,5.3167,-4.0234,24.1,90,0.268,Bloque,14058,1643,2026-05-21,5,jeudi,2026-05-21T05:27:55Z,retour,NA,Plateau
AX_R02,Retour Plateau -> Yopougon (Gare Autoroute),Plateau,Yopougon,5.3167,-4.0234,20.3,100,0.203,Bloque,12679,1758,2026-05-21,5,jeudi,2026-05-21T05:27:57Z,retour,NA,Plateau
AX_R03,Retour Plateau -> Yopougon (Clinique Fraternite),Plateau,Yopougon,5.3167,-4.0234,18.6,50,0.372,Congestionne,9255,1399,2026-05-21,5,jeudi,2026-05-21T05:27:58Z,retour,NA,Plateau
AX_R04,Retour Plateau -> Yopougon (Carrefour Jatak),Plateau,Yopougon,5.3167,-4.0234,22.6,90,0.251,Bloque,17884,2225,2026-05-21,5,jeudi,2026-05-21T05:27:59Z,retour,NA,Plateau
AX_R05,Retour Plateau -> Marcory (Rond-point),Plateau,Marcory,5.3167,-4.0234,17.4,50,0.348,Congestionne,10462,1686,2026-05-21,5,jeudi,2026-05-21T05:28:01Z,retour,NA,Plateau
AX_R06,Retour Cocody -> Bingerville (Lycee),Cocody,Bingerville,5.3523,-3.9895,28.7,70,0.41,Congestionne,13290,1353,2026-05-21,5,jeudi,2026-05-21T05:28:02Z,retour,NA,Cocody
AX_R07,Retour Cocody -> Yopougon (Carrefour Universite),Cocody,Yopougon,5.3523,-3.9895,22.4,100,0.224,Bloque,3631,472,2026-05-21,5,jeudi,2026-05-21T05:28:03Z,retour,NA,Cocody
AX_R08,Retour Cocody -> Abobo (2 Plateaux),Cocody,Abobo,5.3523,-3.9895,34.7,90,0.386,Congestionne,11801,990,2026-05-21,5,jeudi,2026-05-21T05:28:04Z,retour,NA,Cocody
AX_R09,Yopougon (Gare) -> Marcory (Zone 4),Yopougon,Marcory,5.369048,-3.999911,26.5,50,0.53,Modere,9842,1082,2026-05-21,5,jeudi,2026-05-21T05:28:06Z,retour,NA,Yopougon
AX_R10,Yopougon (Jatak) -> Marcory (Zone 4),Yopougon,Marcory,5.321877,-4.1035450000000004,31.5,90,0.35,Congestionne,20475,1893,2026-05-21,5,jeudi,2026-05-21T05:28:07Z,retour,NA,Yopougon
AX_R11,Abobo -> Cocody (Carrefour Universite),Abobo,Cocody,5.420996,-4.01901,37.3,90,0.414,Congestionne,21291,1704,2026-05-21,5,jeudi,2026-05-21T05:28:08Z,retour,NA,Abobo
AX_R12,Abobo -> Marcory (Zone 4),Abobo,Marcory,5.420996,-4.01901,37.8,50,0.756,Modere,15171,1199,2026-05-21,5,jeudi,2026-05-21T05:28:09Z,retour,NA,Abobo
AX_R01,Retour Plateau -> Abobo (Gare Mairie),Plateau,Abobo,5.3167,-4.0234,19.6,90,0.218,Bloque,14058,1643,2026-05-21,6,jeudi,2026-05-21T06:30:30Z,retour,NA,Plateau
AX_R02,Retour Plateau -> Yopougon (Gare Autoroute),Plateau,Yopougon,5.3167,-4.0234,16.6,100,0.166,Bloque,12679,1758,2026-05-21,6,jeudi,2026-05-21T06:30:32Z,retour,NA,Plateau
AX_R03,Retour Plateau -> Yopougon (Clinique Fraternite),Plateau,Yopougon,5.3167,-4.0234,15.2,50,0.304,Congestionne,9255,1399,2026-05-21,6,jeudi,2026-05-21T06:30:33Z,retour,NA,Plateau
AX_R04,Retour Plateau -> Yopougon (Carrefour Jatak),Plateau,Yopougon,5.3167,-4.0234,18.4,90,0.204,Bloque,17884,2225,2026-05-21,6,jeudi,2026-05-21T06:30:34Z,retour,NA,Plateau
AX_R05,Retour Plateau -> Marcory (Rond-point),Plateau,Marcory,5.3167,-4.0234,14.2,50,0.284,Bloque,10462,1686,2026-05-21,6,jeudi,2026-05-21T06:30:35Z,retour,NA,Plateau
AX_R06,Retour Cocody -> Bingerville (Lycee),Cocody,Bingerville,5.3523,-3.9895,23.4,70,0.334,Congestionne,13290,1353,2026-05-21,6,jeudi,2026-05-21T06:30:36Z,retour,NA,Cocody
AX_R07,Retour Cocody -> Yopougon (Carrefour Universite),Cocody,Yopougon,5.3523,-3.9895,18.3,100,0.183,Bloque,3631,472,2026-05-21,6,jeudi,2026-05-21T06:30:38Z,retour,NA,Cocody
AX_R08,Retour Cocody -> Abobo (2 Plateaux),Cocody,Abobo,5.3523,-3.9895,28.3,90,0.314,Congestionne,11801,990,2026-05-21,6,jeudi,2026-05-21T06:30:39Z,retour,NA,Cocody
AX_R09,Yopougon (Gare) -> Marcory (Zone 4),Yopougon,Marcory,5.369048,-3.999911,21.6,50,0.432,Congestionne,9842,1082,2026-05-21,6,jeudi,2026-05-21T06:30:40Z,retour,NA,Yopougon
AX_R10,Yopougon (Jatak) -> Marcory (Zone 4),Yopougon,Marcory,5.321877,-4.1035450000000004,25.7,90,0.286,Bloque,20475,1893,2026-05-21,6,jeudi,2026-05-21T06:30:41Z,retour,NA,Yopougon
AX_R11,Abobo -> Cocody (Carrefour Universite),Abobo,Cocody,5.420996,-4.01901,30.4,90,0.338,Congestionne,21291,1704,2026-05-21,6,jeudi,2026-05-21T06:30:43Z,retour,NA,Abobo
AX_R12,Abobo -> Marcory (Zone 4),Abobo,Marcory,5.420996,-4.01901,30.8,50,0.616,Modere,15171,1199,2026-05-21,6,jeudi,2026-05-21T06:30:44Z,retour,NA,Abobo
AX_R01,Retour Plateau -> Abobo (Gare Mairie),Plateau,Abobo,5.3167,-4.0234,13.6,90,0.151,Bloque,14058,1643,2026-05-21,7,jeudi,2026-05-21T07:01:47Z,retour,NA,Plateau
AX_R02,Retour Plateau -> Yopougon (Gare Autoroute),Plateau,Yopougon,5.3167,-4.0234,11.5,100,0.115,Bloque,12679,1758,2026-05-21,7,jeudi,2026-05-21T07:01:49Z,retour,NA,Plateau
AX_R03,Retour Plateau -> Yopougon (Clinique Fraternite),Plateau,Yopougon,5.3167,-4.0234,10.5,50,0.21,Bloque,9255,1399,2026-05-21,7,jeudi,2026-05-21T07:01:50Z,retour,NA,Plateau
AX_R04,Retour Plateau -> Yopougon (Carrefour Jatak),Plateau,Yopougon,5.3167,-4.0234,12.8,90,0.142,Bloque,17884,2225,2026-05-21,7,jeudi,2026-05-21T07:01:51Z,retour,NA,Plateau
AX_R05,Retour Plateau -> Marcory (Rond-point),Plateau,Marcory,5.3167,-4.0234,9.9,50,0.198,Bloque,10462,1686,2026-05-21,7,jeudi,2026-05-21T07:01:52Z,retour,NA,Plateau
AX_R06,Retour Cocody -> Bingerville (Lycee),Cocody,Bingerville,5.3523,-3.9895,16.2,70,0.231,Bloque,13290,1353,2026-05-21,7,jeudi,2026-05-21T07:01:54Z,retour,NA,Cocody
AX_R07,Retour Cocody -> Yopougon (Carrefour Universite),Cocody,Yopougon,5.3523,-3.9895,12.7,100,0.127,Bloque,3631,472,2026-05-21,7,jeudi,2026-05-21T07:01:55Z,retour,NA,Cocody
AX_R08,Retour Cocody -> Abobo (2 Plateaux),Cocody,Abobo,5.3523,-3.9895,19.6,90,0.218,Bloque,11801,990,2026-05-21,7,jeudi,2026-05-21T07:01:56Z,retour,NA,Cocody
AX_R09,Yopougon (Gare) -> Marcory (Zone 4),Yopougon,Marcory,5.369048,-3.999911,15,50,0.3,Congestionne,9842,1082,2026-05-21,7,jeudi,2026-05-21T07:01:57Z,retour,NA,Yopougon
AX_R10,Yopougon (Jatak) -> Marcory (Zone 4),Yopougon,Marcory,5.321877,-4.1035450000000004,17.8,90,0.198,Bloque,20475,1893,2026-05-21,7,jeudi,2026-05-21T07:01:58Z,retour,NA,Yopougon
AX_R11,Abobo -> Cocody (Carrefour Universite),Abobo,Cocody,5.420996,-4.01901,21.1,90,0.234,Bloque,21291,1704,2026-05-21,7,jeudi,2026-05-21T07:02:00Z,retour,NA,Abobo
AX_R12,Abobo -> Marcory (Zone 4),Abobo,Marcory,5.420996,-4.01901,21.3,50,0.426,Congestionne,15171,1199,2026-05-21,7,jeudi,2026-05-21T07:02:01Z,retour,NA,Abobo
AX_R01,Retour Plateau -> Abobo (Gare Mairie),Plateau,Abobo,5.3167,-4.0234,9.9,90,0.11,Bloque,14058,1643,2026-05-21,8,jeudi,2026-05-21T08:04:22Z,retour,NA,Plateau
AX_R02,Retour Plateau -> Yopougon (Gare Autoroute),Plateau,Yopougon,5.3167,-4.0234,8.4,100,0.084,Bloque,12679,1758,2026-05-21,8,jeudi,2026-05-21T08:04:23Z,retour,NA,Plateau
AX_R03,Retour Plateau -> Yopougon (Clinique Fraternite),Plateau,Yopougon,5.3167,-4.0234,7.7,50,0.154,Bloque,9255,1399,2026-05-21,8,jeudi,2026-05-21T08:04:24Z,retour,NA,Plateau
AX_R04,Retour Plateau -> Yopougon (Carrefour Jatak),Plateau,Yopougon,5.3167,-4.0234,9.3,90,0.103,Bloque,17884,2225,2026-05-21,8,jeudi,2026-05-21T08:04:25Z,retour,NA,Plateau
AX_R05,Retour Plateau -> Marcory (Rond-point),Plateau,Marcory,5.3167,-4.0234,7.2,50,0.144,Bloque,10462,1686,2026-05-21,8,jeudi,2026-05-21T08:04:26Z,retour,NA,Plateau
AX_R06,Retour Cocody -> Bingerville (Lycee),Cocody,Bingerville,5.3523,-3.9895,11.8,70,0.169,Bloque,13290,1353,2026-05-21,8,jeudi,2026-05-21T08:04:28Z,retour,NA,Cocody
AX_R07,Retour Cocody -> Yopougon (Carrefour Universite),Cocody,Yopougon,5.3523,-3.9895,9.3,100,0.093,Bloque,3631,472,2026-05-21,8,jeudi,2026-05-21T08:04:29Z,retour,NA,Cocody
AX_R08,Retour Cocody -> Abobo (2 Plateaux),Cocody,Abobo,5.3523,-3.9895,14.3,90,0.159,Bloque,11801,990,2026-05-21,8,jeudi,2026-05-21T08:04:30Z,retour,NA,Cocody
AX_R09,Yopougon (Gare) -> Marcory (Zone 4),Yopougon,Marcory,5.369048,-3.999911,10.9,50,0.218,Bloque,9842,1082,2026-05-21,8,jeudi,2026-05-21T08:04:31Z,retour,NA,Yopougon
AX_R10,Yopougon (Jatak) -> Marcory (Zone 4),Yopougon,Marcory,5.321877,-4.1035450000000004,13,90,0.144,Bloque,20475,1893,2026-05-21,8,jeudi,2026-05-21T08:04:33Z,retour,NA,Yopougon
AX_R11,Abobo -> Cocody (Carrefour Universite),Abobo,Cocody,5.420996,-4.01901,15.4,90,0.171,Bloque,21291,1704,2026-05-21,8,jeudi,2026-05-21T08:04:34Z,retour,NA,Abobo
AX_R12,Abobo -> Marcory (Zone 4),Abobo,Marcory,5.420996,-4.01901,15.6,50,0.312,Congestionne,15171,1199,2026-05-21,8,jeudi,2026-05-21T08:04:35Z,retour,NA,Abobo
AX_R01,Retour Plateau -> Abobo (Gare Mairie),Plateau,Abobo,5.3167,-4.0234,18.8,90,0.209,Bloque,14058,1643,2026-05-21,10,jeudi,2026-05-21T10:44:23Z,retour,NA,Plateau
AX_R02,Retour Plateau -> Yopougon (Gare Autoroute),Plateau,Yopougon,5.3167,-4.0234,15.9,100,0.159,Bloque,12679,1758,2026-05-21,10,jeudi,2026-05-21T10:44:24Z,retour,NA,Plateau
AX_R03,Retour Plateau -> Yopougon (Clinique Fraternite),Plateau,Yopougon,5.3167,-4.0234,14.6,50,0.292,Bloque,9255,1399,2026-05-21,10,jeudi,2026-05-21T10:44:25Z,retour,NA,Plateau
AX_R04,Retour Plateau -> Yopougon (Carrefour Jatak),Plateau,Yopougon,5.3167,-4.0234,17.7,90,0.197,Bloque,17884,2225,2026-05-21,10,jeudi,2026-05-21T10:44:26Z,retour,NA,Plateau
AX_R05,Retour Plateau -> Marcory (Rond-point),Plateau,Marcory,5.3167,-4.0234,13.6,50,0.272,Bloque,10462,1686,2026-05-21,10,jeudi,2026-05-21T10:44:28Z,retour,NA,Plateau
AX_R06,Retour Cocody -> Bingerville (Lycee),Cocody,Bingerville,5.3523,-3.9895,22.4,70,0.32,Congestionne,13290,1353,2026-05-21,10,jeudi,2026-05-21T10:44:29Z,retour,NA,Cocody
AX_R07,Retour Cocody -> Yopougon (Carrefour Universite),Cocody,Yopougon,5.3523,-3.9895,17.6,100,0.176,Bloque,3631,472,2026-05-21,10,jeudi,2026-05-21T10:44:30Z,retour,NA,Cocody
AX_R08,Retour Cocody -> Abobo (2 Plateaux),Cocody,Abobo,5.3523,-3.9895,27.2,90,0.302,Congestionne,11801,990,2026-05-21,10,jeudi,2026-05-21T10:44:32Z,retour,NA,Cocody
AX_R09,Yopougon (Gare) -> Marcory (Zone 4),Yopougon,Marcory,5.369048,-3.999911,20.7,50,0.414,Congestionne,9842,1082,2026-05-21,10,jeudi,2026-05-21T10:44:33Z,retour,NA,Yopougon
AX_R10,Yopougon (Jatak) -> Marcory (Zone 4),Yopougon,Marcory,5.321877,-4.1035450000000004,24.6,90,0.273,Bloque,20475,1893,2026-05-21,10,jeudi,2026-05-21T10:44:34Z,retour,NA,Yopougon
AX_R11,Abobo -> Cocody (Carrefour Universite),Abobo,Cocody,5.420996,-4.01901,29.2,90,0.324,Congestionne,21291,1704,2026-05-21,10,jeudi,2026-05-21T10:44:35Z,retour,NA,Abobo
AX_R12,Abobo -> Marcory (Zone 4),Abobo,Marcory,5.420996,-4.01901,29.5,50,0.59,Modere,15171,1199,2026-05-21,10,jeudi,2026-05-21T10:44:37Z,retour,NA,Abobo
AX_R01,Retour Plateau -> Abobo (Gare Mairie),Plateau,Abobo,5.3167,-4.0234,20.9,90,0.232,Bloque,14058,1643,2026-05-21,11,jeudi,2026-05-21T11:28:20Z,retour,NA,Plateau
AX_R02,Retour Plateau -> Yopougon (Gare Autoroute),Plateau,Yopougon,5.3167,-4.0234,17.7,100,0.177,Bloque,12679,1758,2026-05-21,11,jeudi,2026-05-21T11:28:21Z,retour,NA,Plateau
AX_R03,Retour Plateau -> Yopougon (Clinique Fraternite),Plateau,Yopougon,5.3167,-4.0234,16.2,50,0.324,Congestionne,9255,1399,2026-05-21,11,jeudi,2026-05-21T11:28:23Z,retour,NA,Plateau
AX_R04,Retour Plateau -> Yopougon (Carrefour Jatak),Plateau,Yopougon,5.3167,-4.0234,19.7,90,0.219,Bloque,17884,2225,2026-05-21,11,jeudi,2026-05-21T11:28:24Z,retour,NA,Plateau
AX_R05,Retour Plateau -> Marcory (Rond-point),Plateau,Marcory,5.3167,-4.0234,15.2,50,0.304,Congestionne,10462,1686,2026-05-21,11,jeudi,2026-05-21T11:28:25Z,retour,NA,Plateau
AX_R06,Retour Cocody -> Bingerville (Lycee),Cocody,Bingerville,5.3523,-3.9895,24.9,70,0.356,Congestionne,13290,1353,2026-05-21,11,jeudi,2026-05-21T11:28:27Z,retour,NA,Cocody
AX_R07,Retour Cocody -> Yopougon (Carrefour Universite),Cocody,Yopougon,5.3523,-3.9895,19.5,100,0.195,Bloque,3631,472,2026-05-21,11,jeudi,2026-05-21T11:28:28Z,retour,NA,Cocody
AX_R08,Retour Cocody -> Abobo (2 Plateaux),Cocody,Abobo,5.3523,-3.9895,30.2,90,0.336,Congestionne,11801,990,2026-05-21,11,jeudi,2026-05-21T11:28:29Z,retour,NA,Cocody
AX_R09,Yopougon (Gare) -> Marcory (Zone 4),Yopougon,Marcory,5.369048,-3.999911,23,50,0.46,Congestionne,9842,1082,2026-05-21,11,jeudi,2026-05-21T11:28:31Z,retour,NA,Yopougon
AX_R10,Yopougon (Jatak) -> Marcory (Zone 4),Yopougon,Marcory,5.321877,-4.1035450000000004,27.4,90,0.304,Congestionne,20475,1893,2026-05-21,11,jeudi,2026-05-21T11:28:32Z,retour,NA,Yopougon
AX_R11,Abobo -> Cocody (Carrefour Universite),Abobo,Cocody,5.420996,-4.01901,32.4,90,0.36,Congestionne,21291,1704,2026-05-21,11,jeudi,2026-05-21T11:28:34Z,retour,NA,Abobo
AX_R12,Abobo -> Marcory (Zone 4),Abobo,Marcory,5.420996,-4.01901,32.8,50,0.656,Modere,15171,1199,2026-05-21,11,jeudi,2026-05-21T11:28:35Z,retour,NA,Abobo
AX_R01,Retour Plateau -> Abobo (Gare Mairie),Plateau,Abobo,5.3167,-4.0234,17.8,90,0.198,Bloque,14058,1643,2026-05-21,12,jeudi,2026-05-21T12:31:43Z,retour,NA,Plateau
AX_R02,Retour Plateau -> Yopougon (Gare Autoroute),Plateau,Yopougon,5.3167,-4.0234,15,100,0.15,Bloque,12679,1758,2026-05-21,12,jeudi,2026-05-21T12:31:45Z,retour,NA,Plateau
AX_R03,Retour Plateau -> Yopougon (Clinique Fraternite),Plateau,Yopougon,5.3167,-4.0234,13.8,50,0.276,Bloque,9255,1399,2026-05-21,12,jeudi,2026-05-21T12:31:46Z,retour,NA,Plateau
AX_R04,Retour Plateau -> Yopougon (Carrefour Jatak),Plateau,Yopougon,5.3167,-4.0234,16.7,90,0.186,Bloque,17884,2225,2026-05-21,12,jeudi,2026-05-21T12:31:47Z,retour,NA,Plateau
AX_R05,Retour Plateau -> Marcory (Rond-point),Plateau,Marcory,5.3167,-4.0234,12.9,50,0.258,Bloque,10462,1686,2026-05-21,12,jeudi,2026-05-21T12:31:48Z,retour,NA,Plateau
AX_R06,Retour Cocody -> Bingerville (Lycee),Cocody,Bingerville,5.3523,-3.9895,21.2,70,0.303,Congestionne,13290,1353,2026-05-21,12,jeudi,2026-05-21T12:31:50Z,retour,NA,Cocody
AX_R07,Retour Cocody -> Yopougon (Carrefour Universite),Cocody,Yopougon,5.3523,-3.9895,16.6,100,0.166,Bloque,3631,472,2026-05-21,12,jeudi,2026-05-21T12:31:51Z,retour,NA,Cocody
AX_R08,Retour Cocody -> Abobo (2 Plateaux),Cocody,Abobo,5.3523,-3.9895,25.7,90,0.286,Bloque,11801,990,2026-05-21,12,jeudi,2026-05-21T12:31:52Z,retour,NA,Cocody
AX_R09,Yopougon (Gare) -> Marcory (Zone 4),Yopougon,Marcory,5.369048,-3.999911,19.6,50,0.392,Congestionne,9842,1082,2026-05-21,12,jeudi,2026-05-21T12:31:53Z,retour,NA,Yopougon
AX_R10,Yopougon (Jatak) -> Marcory (Zone 4),Yopougon,Marcory,5.321877,-4.1035450000000004,23.3,90,0.259,Bloque,20475,1893,2026-05-21,12,jeudi,2026-05-21T12:31:55Z,retour,NA,Yopougon
AX_R11,Abobo -> Cocody (Carrefour Universite),Abobo,Cocody,5.420996,-4.01901,27.5,90,0.306,Congestionne,21291,1704,2026-05-21,12,jeudi,2026-05-21T12:31:56Z,retour,NA,Abobo
AX_R12,Abobo -> Marcory (Zone 4),Abobo,Marcory,5.420996,-4.01901,27.9,50,0.558,Modere,15171,1199,2026-05-21,12,jeudi,2026-05-21T12:31:57Z,retour,NA,Abobo
AX_R01,Retour Plateau -> Abobo (Gare Mairie),Plateau,Abobo,5.3167,-4.0234,20.4,90,0.227,Bloque,14058,1643,2026-05-21,13,jeudi,2026-05-21T13:02:56Z,retour,NA,Plateau
AX_R02,Retour Plateau -> Yopougon (Gare Autoroute),Plateau,Yopougon,5.3167,-4.0234,17.2,100,0.172,Bloque,12679,1758,2026-05-21,13,jeudi,2026-05-21T13:02:58Z,retour,NA,Plateau
AX_R03,Retour Plateau -> Yopougon (Clinique Fraternite),Plateau,Yopougon,5.3167,-4.0234,15.8,50,0.316,Congestionne,9255,1399,2026-05-21,13,jeudi,2026-05-21T13:02:59Z,retour,NA,Plateau
AX_R04,Retour Plateau -> Yopougon (Carrefour Jatak),Plateau,Yopougon,5.3167,-4.0234,19.2,90,0.213,Bloque,17884,2225,2026-05-21,13,jeudi,2026-05-21T13:03:01Z,retour,NA,Plateau
AX_R05,Retour Plateau -> Marcory (Rond-point),Plateau,Marcory,5.3167,-4.0234,14.8,50,0.296,Bloque,10462,1686,2026-05-21,13,jeudi,2026-05-21T13:03:02Z,retour,NA,Plateau
AX_R06,Retour Cocody -> Bingerville (Lycee),Cocody,Bingerville,5.3523,-3.9895,24.3,70,0.347,Congestionne,13290,1353,2026-05-21,13,jeudi,2026-05-21T13:03:04Z,retour,NA,Cocody
AX_R07,Retour Cocody -> Yopougon (Carrefour Universite),Cocody,Yopougon,5.3523,-3.9895,19,100,0.19,Bloque,3631,472,2026-05-21,13,jeudi,2026-05-21T13:03:05Z,retour,NA,Cocody
AX_R08,Retour Cocody -> Abobo (2 Plateaux),Cocody,Abobo,5.3523,-3.9895,29.4,90,0.327,Congestionne,11801,990,2026-05-21,13,jeudi,2026-05-21T13:03:07Z,retour,NA,Cocody
AX_R09,Yopougon (Gare) -> Marcory (Zone 4),Yopougon,Marcory,5.369048,-3.999911,22.4,50,0.448,Congestionne,9842,1082,2026-05-21,13,jeudi,2026-05-21T13:03:10Z,retour,NA,Yopougon
AX_R10,Yopougon (Jatak) -> Marcory (Zone 4),Yopougon,Marcory,5.321877,-4.1035450000000004,26.7,90,0.297,Bloque,20475,1893,2026-05-21,13,jeudi,2026-05-21T13:03:12Z,retour,NA,Yopougon
AX_R11,Abobo -> Cocody (Carrefour Universite),Abobo,Cocody,5.420996,-4.01901,31.6,90,0.351,Congestionne,21291,1704,2026-05-21,13,jeudi,2026-05-21T13:03:14Z,retour,NA,Abobo
AX_R12,Abobo -> Marcory (Zone 4),Abobo,Marcory,5.420996,-4.01901,32,50,0.64,Modere,15171,1199,2026-05-21,13,jeudi,2026-05-21T13:03:15Z,retour,NA,Abobo
AX_R01,Retour Plateau -> Abobo (Gare Mairie),Plateau,Abobo,5.3167,-4.0234,21.5,90,0.239,Bloque,14058,1643,2026-05-21,14,jeudi,2026-05-21T14:34:13Z,retour,NA,Plateau
AX_R02,Retour Plateau -> Yopougon (Gare Autoroute),Plateau,Yopougon,5.3167,-4.0234,18.1,100,0.181,Bloque,12679,1758,2026-05-21,14,jeudi,2026-05-21T14:34:14Z,retour,NA,Plateau
AX_R03,Retour Plateau -> Yopougon (Clinique Fraternite),Plateau,Yopougon,5.3167,-4.0234,16.6,50,0.332,Congestionne,9255,1399,2026-05-21,14,jeudi,2026-05-21T14:34:15Z,retour,NA,Plateau
AX_R04,Retour Plateau -> Yopougon (Carrefour Jatak),Plateau,Yopougon,5.3167,-4.0234,20.1,90,0.223,Bloque,17884,2225,2026-05-21,14,jeudi,2026-05-21T14:34:17Z,retour,NA,Plateau
AX_R05,Retour Plateau -> Marcory (Rond-point),Plateau,Marcory,5.3167,-4.0234,15.5,50,0.31,Congestionne,10462,1686,2026-05-21,14,jeudi,2026-05-21T14:34:18Z,retour,NA,Plateau
AX_R06,Retour Cocody -> Bingerville (Lycee),Cocody,Bingerville,5.3523,-3.9895,25.5,70,0.364,Congestionne,13290,1353,2026-05-21,14,jeudi,2026-05-21T14:34:19Z,retour,NA,Cocody
AX_R07,Retour Cocody -> Yopougon (Carrefour Universite),Cocody,Yopougon,5.3523,-3.9895,20,100,0.2,Bloque,3631,472,2026-05-21,14,jeudi,2026-05-21T14:34:21Z,retour,NA,Cocody
AX_R08,Retour Cocody -> Abobo (2 Plateaux),Cocody,Abobo,5.3523,-3.9895,31,90,0.344,Congestionne,11801,990,2026-05-21,14,jeudi,2026-05-21T14:34:22Z,retour,NA,Cocody
AX_R09,Yopougon (Gare) -> Marcory (Zone 4),Yopougon,Marcory,5.369048,-3.999911,23.6,50,0.472,Congestionne,9842,1082,2026-05-21,14,jeudi,2026-05-21T14:34:23Z,retour,NA,Yopougon
AX_R10,Yopougon (Jatak) -> Marcory (Zone 4),Yopougon,Marcory,5.321877,-4.1035450000000004,28.1,90,0.312,Congestionne,20475,1893,2026-05-21,14,jeudi,2026-05-21T14:34:24Z,retour,NA,Yopougon
AX_R11,Abobo -> Cocody (Carrefour Universite),Abobo,Cocody,5.420996,-4.01901,33.2,90,0.369,Congestionne,21291,1704,2026-05-21,14,jeudi,2026-05-21T14:34:26Z,retour,NA,Abobo
AX_R12,Abobo -> Marcory (Zone 4),Abobo,Marcory,5.420996,-4.01901,33.7,50,0.674,Modere,15171,1199,2026-05-21,14,jeudi,2026-05-21T14:34:27Z,retour,NA,Abobo
AX_R01,Retour Plateau -> Abobo (Gare Mairie),Plateau,Abobo,5.3167,-4.0234,18.8,90,0.209,Bloque,14058,1643,2026-05-21,15,jeudi,2026-05-21T15:05:36Z,retour,NA,Plateau
AX_R02,Retour Plateau -> Yopougon (Gare Autoroute),Plateau,Yopougon,5.3167,-4.0234,15.9,100,0.159,Bloque,12679,1758,2026-05-21,15,jeudi,2026-05-21T15:05:38Z,retour,NA,Plateau
AX_R03,Retour Plateau -> Yopougon (Clinique Fraternite),Plateau,Yopougon,5.3167,-4.0234,14.6,50,0.292,Bloque,9255,1399,2026-05-21,15,jeudi,2026-05-21T15:05:39Z,retour,NA,Plateau
AX_R04,Retour Plateau -> Yopougon (Carrefour Jatak),Plateau,Yopougon,5.3167,-4.0234,17.7,90,0.197,Bloque,17884,2225,2026-05-21,15,jeudi,2026-05-21T15:05:41Z,retour,NA,Plateau
AX_R05,Retour Plateau -> Marcory (Rond-point),Plateau,Marcory,5.3167,-4.0234,13.6,50,0.272,Bloque,10462,1686,2026-05-21,15,jeudi,2026-05-21T15:05:42Z,retour,NA,Plateau
AX_R06,Retour Cocody -> Bingerville (Lycee),Cocody,Bingerville,5.3523,-3.9895,22.4,70,0.32,Congestionne,13290,1353,2026-05-21,15,jeudi,2026-05-21T15:05:43Z,retour,NA,Cocody
AX_R07,Retour Cocody -> Yopougon (Carrefour Universite),Cocody,Yopougon,5.3523,-3.9895,17.6,100,0.176,Bloque,3631,472,2026-05-21,15,jeudi,2026-05-21T15:05:44Z,retour,NA,Cocody
AX_R08,Retour Cocody -> Abobo (2 Plateaux),Cocody,Abobo,5.3523,-3.9895,27.2,90,0.302,Congestionne,11801,990,2026-05-21,15,jeudi,2026-05-21T15:05:46Z,retour,NA,Cocody
AX_R09,Yopougon (Gare) -> Marcory (Zone 4),Yopougon,Marcory,5.369048,-3.999911,20.7,50,0.414,Congestionne,9842,1082,2026-05-21,15,jeudi,2026-05-21T15:05:47Z,retour,NA,Yopougon
AX_R10,Yopougon (Jatak) -> Marcory (Zone 4),Yopougon,Marcory,5.321877,-4.1035450000000004,24.6,90,0.273,Bloque,20475,1893,2026-05-21,15,jeudi,2026-05-21T15:05:48Z,retour,NA,Yopougon
AX_R11,Abobo -> Cocody (Carrefour Universite),Abobo,Cocody,5.420996,-4.01901,29.2,90,0.324,Congestionne,21291,1704,2026-05-21,15,jeudi,2026-05-21T15:05:50Z,retour,NA,Abobo
AX_R12,Abobo -> Marcory (Zone 4),Abobo,Marcory,5.420996,-4.01901,29.5,50,0.59,Modere,15171,1199,2026-05-21,15,jeudi,2026-05-21T15:05:51Z,retour,NA,Abobo
AX_R01,Retour Plateau -> Abobo (Gare Mairie),Plateau,Abobo,5.3167,-4.0234,13.6,90,0.151,Bloque,14058,1643,2026-05-21,16,jeudi,2026-05-21T16:08:17Z,retour,NA,Plateau
AX_R02,Retour Plateau -> Yopougon (Gare Autoroute),Plateau,Yopougon,5.3167,-4.0234,11.5,100,0.115,Bloque,12679,1758,2026-05-21,16,jeudi,2026-05-21T16:08:18Z,retour,NA,Plateau
AX_R03,Retour Plateau -> Yopougon (Clinique Fraternite),Plateau,Yopougon,5.3167,-4.0234,10.5,50,0.21,Bloque,9255,1399,2026-05-21,16,jeudi,2026-05-21T16:08:19Z,retour,NA,Plateau
AX_R04,Retour Plateau -> Yopougon (Carrefour Jatak),Plateau,Yopougon,5.3167,-4.0234,12.8,90,0.142,Bloque,17884,2225,2026-05-21,16,jeudi,2026-05-21T16:08:20Z,retour,NA,Plateau
AX_R05,Retour Plateau -> Marcory (Rond-point),Plateau,Marcory,5.3167,-4.0234,9.9,50,0.198,Bloque,10462,1686,2026-05-21,16,jeudi,2026-05-21T16:08:22Z,retour,NA,Plateau
AX_R06,Retour Cocody -> Bingerville (Lycee),Cocody,Bingerville,5.3523,-3.9895,16.2,70,0.231,Bloque,13290,1353,2026-05-21,16,jeudi,2026-05-21T16:08:23Z,retour,NA,Cocody
AX_R07,Retour Cocody -> Yopougon (Carrefour Universite),Cocody,Yopougon,5.3523,-3.9895,12.7,100,0.127,Bloque,3631,472,2026-05-21,16,jeudi,2026-05-21T16:08:24Z,retour,NA,Cocody
AX_R08,Retour Cocody -> Abobo (2 Plateaux),Cocody,Abobo,5.3523,-3.9895,19.6,90,0.218,Bloque,11801,990,2026-05-21,16,jeudi,2026-05-21T16:08:25Z,retour,NA,Cocody
AX_R09,Yopougon (Gare) -> Marcory (Zone 4),Yopougon,Marcory,5.369048,-3.999911,15,50,0.3,Congestionne,9842,1082,2026-05-21,16,jeudi,2026-05-21T16:08:27Z,retour,NA,Yopougon
AX_R10,Yopougon (Jatak) -> Marcory (Zone 4),Yopougon,Marcory,5.321877,-4.1035450000000004,17.8,90,0.198,Bloque,20475,1893,2026-05-21,16,jeudi,2026-05-21T16:08:28Z,retour,NA,Yopougon
AX_R11,Abobo -> Cocody (Carrefour Universite),Abobo,Cocody,5.420996,-4.01901,21.1,90,0.234,Bloque,21291,1704,2026-05-21,16,jeudi,2026-05-21T16:08:29Z,retour,NA,Abobo
AX_R12,Abobo -> Marcory (Zone 4),Abobo,Marcory,5.420996,-4.01901,21.3,50,0.426,Congestionne,15171,1199,2026-05-21,16,jeudi,2026-05-21T16:08:31Z,retour,NA,Abobo
AX_R01,Retour Plateau -> Abobo (Gare Mairie),Plateau,Abobo,5.3167,-4.0234,21.5,90,0.239,Bloque,14058,1643,2026-05-22,14,vendredi,2026-05-22T14:23:23Z,retour,NA,Plateau
AX_R02,Retour Plateau -> Yopougon (Gare Autoroute),Plateau,Yopougon,5.3167,-4.0234,18.1,100,0.181,Bloque,12679,1758,2026-05-22,14,vendredi,2026-05-22T14:23:24Z,retour,NA,Plateau
AX_R03,Retour Plateau -> Yopougon (Clinique Fraternite),Plateau,Yopougon,5.3167,-4.0234,16.6,50,0.332,Congestionne,9255,1399,2026-05-22,14,vendredi,2026-05-22T14:23:26Z,retour,NA,Plateau
AX_R04,Retour Plateau -> Yopougon (Carrefour Jatak),Plateau,Yopougon,5.3167,-4.0234,20.1,90,0.223,Bloque,17884,2225,2026-05-22,14,vendredi,2026-05-22T14:23:27Z,retour,NA,Plateau
AX_R05,Retour Plateau -> Marcory (Rond-point),Plateau,Marcory,5.3167,-4.0234,15.5,50,0.31,Congestionne,10462,1686,2026-05-22,14,vendredi,2026-05-22T14:23:28Z,retour,NA,Plateau
AX_R06,Retour Cocody -> Bingerville (Lycee),Cocody,Bingerville,5.3523,-3.9895,25.5,70,0.364,Congestionne,13290,1353,2026-05-22,14,vendredi,2026-05-22T14:23:29Z,retour,NA,Cocody
AX_R07,Retour Cocody -> Yopougon (Carrefour Universite),Cocody,Yopougon,5.3523,-3.9895,20,100,0.2,Bloque,3631,472,2026-05-22,14,vendredi,2026-05-22T14:23:31Z,retour,NA,Cocody
AX_R08,Retour Cocody -> Abobo (2 Plateaux),Cocody,Abobo,5.3523,-3.9895,31,90,0.344,Congestionne,11801,990,2026-05-22,14,vendredi,2026-05-22T14:23:32Z,retour,NA,Cocody
AX_R09,Yopougon (Gare) -> Marcory (Zone 4),Yopougon,Marcory,5.369048,-3.999911,23.6,50,0.472,Congestionne,9842,1082,2026-05-22,14,vendredi,2026-05-22T14:23:33Z,retour,NA,Yopougon
AX_R10,Yopougon (Jatak) -> Marcory (Zone 4),Yopougon,Marcory,5.321877,-4.1035450000000004,28.1,90,0.312,Congestionne,20475,1893,2026-05-22,14,vendredi,2026-05-22T14:23:34Z,retour,NA,Yopougon
AX_R11,Abobo -> Cocody (Carrefour Universite),Abobo,Cocody,5.420996,-4.01901,33.2,90,0.369,Congestionne,21291,1704,2026-05-22,14,vendredi,2026-05-22T14:23:36Z,retour,NA,Abobo
AX_R12,Abobo -> Marcory (Zone 4),Abobo,Marcory,5.420996,-4.01901,33.7,50,0.674,Modere,15171,1199,2026-05-22,14,vendredi,2026-05-22T14:23:37Z,retour,NA,Abobo
AX_R01,Retour Plateau -> Abobo (Gare Mairie),Plateau,Abobo,5.3167,-4.0234,18.8,90,0.209,Bloque,14058,1643,2026-05-22,15,vendredi,2026-05-22T15:26:03Z,retour,NA,Plateau
AX_R02,Retour Plateau -> Yopougon (Gare Autoroute),Plateau,Yopougon,5.3167,-4.0234,15.9,100,0.159,Bloque,12679,1758,2026-05-22,15,vendredi,2026-05-22T15:26:04Z,retour,NA,Plateau
AX_R03,Retour Plateau -> Yopougon (Clinique Fraternite),Plateau,Yopougon,5.3167,-4.0234,14.6,50,0.292,Bloque,9255,1399,2026-05-22,15,vendredi,2026-05-22T15:26:06Z,retour,NA,Plateau
AX_R04,Retour Plateau -> Yopougon (Carrefour Jatak),Plateau,Yopougon,5.3167,-4.0234,17.7,90,0.197,Bloque,17884,2225,2026-05-22,15,vendredi,2026-05-22T15:26:07Z,retour,NA,Plateau
AX_R05,Retour Plateau -> Marcory (Rond-point),Plateau,Marcory,5.3167,-4.0234,13.6,50,0.272,Bloque,10462,1686,2026-05-22,15,vendredi,2026-05-22T15:26:08Z,retour,NA,Plateau
AX_R06,Retour Cocody -> Bingerville (Lycee),Cocody,Bingerville,5.3523,-3.9895,22.4,70,0.32,Congestionne,13290,1353,2026-05-22,15,vendredi,2026-05-22T15:26:09Z,retour,NA,Cocody
AX_R07,Retour Cocody -> Yopougon (Carrefour Universite),Cocody,Yopougon,5.3523,-3.9895,17.6,100,0.176,Bloque,3631,472,2026-05-22,15,vendredi,2026-05-22T15:26:11Z,retour,NA,Cocody
AX_R08,Retour Cocody -> Abobo (2 Plateaux),Cocody,Abobo,5.3523,-3.9895,27.2,90,0.302,Congestionne,11801,990,2026-05-22,15,vendredi,2026-05-22T15:26:12Z,retour,NA,Cocody
AX_R09,Yopougon (Gare) -> Marcory (Zone 4),Yopougon,Marcory,5.369048,-3.999911,20.7,50,0.414,Congestionne,9842,1082,2026-05-22,15,vendredi,2026-05-22T15:26:13Z,retour,NA,Yopougon
AX_R10,Yopougon (Jatak) -> Marcory (Zone 4),Yopougon,Marcory,5.321877,-4.1035450000000004,24.6,90,0.273,Bloque,20475,1893,2026-05-22,15,vendredi,2026-05-22T15:26:14Z,retour,NA,Yopougon
AX_R11,Abobo -> Cocody (Carrefour Universite),Abobo,Cocody,5.420996,-4.01901,29.2,90,0.324,Congestionne,21291,1704,2026-05-22,15,vendredi,2026-05-22T15:26:16Z,retour,NA,Abobo
AX_R12,Abobo -> Marcory (Zone 4),Abobo,Marcory,5.420996,-4.01901,29.5,50,0.59,Modere,15171,1199,2026-05-22,15,vendredi,2026-05-22T15:26:17Z,retour,NA,Abobo
AX_R01,Retour Plateau -> Abobo (Gare Mairie),Plateau,Abobo,5.3167,-4.0234,21.5,90,0.239,Bloque,14058,1643,2026-05-23,14,samedi,2026-05-23T14:36:43Z,retour,NA,Plateau
AX_R02,Retour Plateau -> Yopougon (Gare Autoroute),Plateau,Yopougon,5.3167,-4.0234,18.1,100,0.181,Bloque,12679,1758,2026-05-23,14,samedi,2026-05-23T14:36:44Z,retour,NA,Plateau
AX_R03,Retour Plateau -> Yopougon (Clinique Fraternite),Plateau,Yopougon,5.3167,-4.0234,16.6,50,0.332,Congestionne,9255,1399,2026-05-23,14,samedi,2026-05-23T14:36:45Z,retour,NA,Plateau
AX_R04,Retour Plateau -> Yopougon (Carrefour Jatak),Plateau,Yopougon,5.3167,-4.0234,20.1,90,0.223,Bloque,17884,2225,2026-05-23,14,samedi,2026-05-23T14:36:47Z,retour,NA,Plateau
AX_R05,Retour Plateau -> Marcory (Rond-point),Plateau,Marcory,5.3167,-4.0234,15.5,50,0.31,Congestionne,10462,1686,2026-05-23,14,samedi,2026-05-23T14:36:48Z,retour,NA,Plateau
AX_R06,Retour Cocody -> Bingerville (Lycee),Cocody,Bingerville,5.3523,-3.9895,25.5,70,0.364,Congestionne,13290,1353,2026-05-23,14,samedi,2026-05-23T14:36:49Z,retour,NA,Cocody
AX_R07,Retour Cocody -> Yopougon (Carrefour Universite),Cocody,Yopougon,5.3523,-3.9895,20,100,0.2,Bloque,3631,472,2026-05-23,14,samedi,2026-05-23T14:36:50Z,retour,NA,Cocody
AX_R08,Retour Cocody -> Abobo (2 Plateaux),Cocody,Abobo,5.3523,-3.9895,31,90,0.344,Congestionne,11801,990,2026-05-23,14,samedi,2026-05-23T14:36:51Z,retour,NA,Cocody
AX_R09,Yopougon (Gare) -> Marcory (Zone 4),Yopougon,Marcory,5.369048,-3.999911,23.6,50,0.472,Congestionne,9842,1082,2026-05-23,14,samedi,2026-05-23T14:36:53Z,retour,NA,Yopougon
AX_R10,Yopougon (Jatak) -> Marcory (Zone 4),Yopougon,Marcory,5.321877,-4.1035450000000004,28.1,90,0.312,Congestionne,20475,1893,2026-05-23,14,samedi,2026-05-23T14:36:54Z,retour,NA,Yopougon
AX_R11,Abobo -> Cocody (Carrefour Universite),Abobo,Cocody,5.420996,-4.01901,33.2,90,0.369,Congestionne,21291,1704,2026-05-23,14,samedi,2026-05-23T14:36:55Z,retour,NA,Abobo
AX_R12,Abobo -> Marcory (Zone 4),Abobo,Marcory,5.420996,-4.01901,33.7,50,0.674,Modere,15171,1199,2026-05-23,14,samedi,2026-05-23T14:36:57Z,retour,NA,Abobo
AX_R01,Retour Plateau -> Abobo (Gare Mairie),Plateau,Abobo,5.3167,-4.0234,18.8,90,0.209,Bloque,14058,1643,2026-05-23,15,samedi,2026-05-23T15:08:07Z,retour,NA,Plateau
AX_R02,Retour Plateau -> Yopougon (Gare Autoroute),Plateau,Yopougon,5.3167,-4.0234,15.9,100,0.159,Bloque,12679,1758,2026-05-23,15,samedi,2026-05-23T15:08:08Z,retour,NA,Plateau
AX_R03,Retour Plateau -> Yopougon (Clinique Fraternite),Plateau,Yopougon,5.3167,-4.0234,14.6,50,0.292,Bloque,9255,1399,2026-05-23,15,samedi,2026-05-23T15:08:09Z,retour,NA,Plateau
AX_R04,Retour Plateau -> Yopougon (Carrefour Jatak),Plateau,Yopougon,5.3167,-4.0234,17.7,90,0.197,Bloque,17884,2225,2026-05-23,15,samedi,2026-05-23T15:08:11Z,retour,NA,Plateau
AX_R05,Retour Plateau -> Marcory (Rond-point),Plateau,Marcory,5.3167,-4.0234,13.6,50,0.272,Bloque,10462,1686,2026-05-23,15,samedi,2026-05-23T15:08:12Z,retour,NA,Plateau
AX_R06,Retour Cocody -> Bingerville (Lycee),Cocody,Bingerville,5.3523,-3.9895,22.4,70,0.32,Congestionne,13290,1353,2026-05-23,15,samedi,2026-05-23T15:08:13Z,retour,NA,Cocody
AX_R07,Retour Cocody -> Yopougon (Carrefour Universite),Cocody,Yopougon,5.3523,-3.9895,17.6,100,0.176,Bloque,3631,472,2026-05-23,15,samedi,2026-05-23T15:08:14Z,retour,NA,Cocody
AX_R08,Retour Cocody -> Abobo (2 Plateaux),Cocody,Abobo,5.3523,-3.9895,27.2,90,0.302,Congestionne,11801,990,2026-05-23,15,samedi,2026-05-23T15:08:15Z,retour,NA,Cocody
AX_R09,Yopougon (Gare) -> Marcory (Zone 4),Yopougon,Marcory,5.369048,-3.999911,20.7,50,0.414,Congestionne,9842,1082,2026-05-23,15,samedi,2026-05-23T15:08:17Z,retour,NA,Yopougon
AX_R10,Yopougon (Jatak) -> Marcory (Zone 4),Yopougon,Marcory,5.321877,-4.1035450000000004,24.6,90,0.273,Bloque,20475,1893,2026-05-23,15,samedi,2026-05-23T15:08:18Z,retour,NA,Yopougon
AX_R11,Abobo -> Cocody (Carrefour Universite),Abobo,Cocody,5.420996,-4.01901,29.2,90,0.324,Congestionne,21291,1704,2026-05-23,15,samedi,2026-05-23T15:08:19Z,retour,NA,Abobo
AX_R12,Abobo -> Marcory (Zone 4),Abobo,Marcory,5.420996,-4.01901,29.5,50,0.59,Modere,15171,1199,2026-05-23,15,samedi,2026-05-23T15:08:20Z,retour,NA,Abobo
AX_R01,Retour Plateau -> Abobo (Gare Mairie),Plateau,Abobo,5.3167,-4.0234,13.6,90,0.151,Bloque,14058,1643,2026-05-23,16,samedi,2026-05-23T16:10:50Z,retour,NA,Plateau
AX_R02,Retour Plateau -> Yopougon (Gare Autoroute),Plateau,Yopougon,5.3167,-4.0234,11.5,100,0.115,Bloque,12679,1758,2026-05-23,16,samedi,2026-05-23T16:10:51Z,retour,NA,Plateau
AX_R03,Retour Plateau -> Yopougon (Clinique Fraternite),Plateau,Yopougon,5.3167,-4.0234,10.5,50,0.21,Bloque,9255,1399,2026-05-23,16,samedi,2026-05-23T16:10:52Z,retour,NA,Plateau
AX_R04,Retour Plateau -> Yopougon (Carrefour Jatak),Plateau,Yopougon,5.3167,-4.0234,12.8,90,0.142,Bloque,17884,2225,2026-05-23,16,samedi,2026-05-23T16:10:54Z,retour,NA,Plateau
AX_R05,Retour Plateau -> Marcory (Rond-point),Plateau,Marcory,5.3167,-4.0234,9.9,50,0.198,Bloque,10462,1686,2026-05-23,16,samedi,2026-05-23T16:10:55Z,retour,NA,Plateau
AX_R06,Retour Cocody -> Bingerville (Lycee),Cocody,Bingerville,5.3523,-3.9895,16.2,70,0.231,Bloque,13290,1353,2026-05-23,16,samedi,2026-05-23T16:10:56Z,retour,NA,Cocody
AX_R07,Retour Cocody -> Yopougon (Carrefour Universite),Cocody,Yopougon,5.3523,-3.9895,12.7,100,0.127,Bloque,3631,472,2026-05-23,16,samedi,2026-05-23T16:10:57Z,retour,NA,Cocody
AX_R08,Retour Cocody -> Abobo (2 Plateaux),Cocody,Abobo,5.3523,-3.9895,19.6,90,0.218,Bloque,11801,990,2026-05-23,16,samedi,2026-05-23T16:10:58Z,retour,NA,Cocody
AX_R09,Yopougon (Gare) -> Marcory (Zone 4),Yopougon,Marcory,5.369048,-3.999911,15,50,0.3,Congestionne,9842,1082,2026-05-23,16,samedi,2026-05-23T16:11:00Z,retour,NA,Yopougon
AX_R10,Yopougon (Jatak) -> Marcory (Zone 4),Yopougon,Marcory,5.321877,-4.1035450000000004,17.8,90,0.198,Bloque,20475,1893,2026-05-23,16,samedi,2026-05-23T16:11:01Z,retour,NA,Yopougon
AX_R11,Abobo -> Cocody (Carrefour Universite),Abobo,Cocody,5.420996,-4.01901,21.1,90,0.234,Bloque,21291,1704,2026-05-23,16,samedi,2026-05-23T16:11:02Z,retour,NA,Abobo
AX_R12,Abobo -> Marcory (Zone 4),Abobo,Marcory,5.420996,-4.01901,21.3,50,0.426,Congestionne,15171,1199,2026-05-23,16,samedi,2026-05-23T16:11:03Z,retour,NA,Abobo
AX_R01,Retour Plateau -> Abobo (Gare Mairie),Plateau,Abobo,5.3167,-4.0234,17.8,90,0.198,Bloque,14058,1643,2026-05-24,12,dimanche,2026-05-24T12:42:01Z,retour,NA,Plateau
AX_R02,Retour Plateau -> Yopougon (Gare Autoroute),Plateau,Yopougon,5.3167,-4.0234,15,100,0.15,Bloque,12679,1758,2026-05-24,12,dimanche,2026-05-24T12:42:02Z,retour,NA,Plateau
AX_R03,Retour Plateau -> Yopougon (Clinique Fraternite),Plateau,Yopougon,5.3167,-4.0234,13.8,50,0.276,Bloque,9255,1399,2026-05-24,12,dimanche,2026-05-24T12:42:03Z,retour,NA,Plateau
AX_R04,Retour Plateau -> Yopougon (Carrefour Jatak),Plateau,Yopougon,5.3167,-4.0234,16.7,90,0.186,Bloque,17884,2225,2026-05-24,12,dimanche,2026-05-24T12:42:04Z,retour,NA,Plateau
AX_R05,Retour Plateau -> Marcory (Rond-point),Plateau,Marcory,5.3167,-4.0234,12.9,50,0.258,Bloque,10462,1686,2026-05-24,12,dimanche,2026-05-24T12:42:05Z,retour,NA,Plateau
AX_R06,Retour Cocody -> Bingerville (Lycee),Cocody,Bingerville,5.3523,-3.9895,21.2,70,0.303,Congestionne,13290,1353,2026-05-24,12,dimanche,2026-05-24T12:42:07Z,retour,NA,Cocody
AX_R07,Retour Cocody -> Yopougon (Carrefour Universite),Cocody,Yopougon,5.3523,-3.9895,16.6,100,0.166,Bloque,3631,472,2026-05-24,12,dimanche,2026-05-24T12:42:08Z,retour,NA,Cocody
AX_R08,Retour Cocody -> Abobo (2 Plateaux),Cocody,Abobo,5.3523,-3.9895,25.7,90,0.286,Bloque,11801,990,2026-05-24,12,dimanche,2026-05-24T12:42:09Z,retour,NA,Cocody
AX_R09,Yopougon (Gare) -> Marcory (Zone 4),Yopougon,Marcory,5.369048,-3.999911,19.6,50,0.392,Congestionne,9842,1082,2026-05-24,12,dimanche,2026-05-24T12:42:10Z,retour,NA,Yopougon
AX_R10,Yopougon (Jatak) -> Marcory (Zone 4),Yopougon,Marcory,5.321877,-4.1035450000000004,23.3,90,0.259,Bloque,20475,1893,2026-05-24,12,dimanche,2026-05-24T12:42:11Z,retour,NA,Yopougon
AX_R11,Abobo -> Cocody (Carrefour Universite),Abobo,Cocody,5.420996,-4.01901,27.5,90,0.306,Congestionne,21291,1704,2026-05-24,12,dimanche,2026-05-24T12:42:13Z,retour,NA,Abobo
AX_R12,Abobo -> Marcory (Zone 4),Abobo,Marcory,5.420996,-4.01901,27.9,50,0.558,Modere,15171,1199,2026-05-24,12,dimanche,2026-05-24T12:42:14Z,retour,NA,Abobo
AX_R01,Retour Plateau -> Abobo (Gare Mairie),Plateau,Abobo,5.3167,-4.0234,20.4,90,0.227,Bloque,14058,1643,2026-05-24,13,dimanche,2026-05-24T13:13:20Z,retour,NA,Plateau
AX_R02,Retour Plateau -> Yopougon (Gare Autoroute),Plateau,Yopougon,5.3167,-4.0234,17.2,100,0.172,Bloque,12679,1758,2026-05-24,13,dimanche,2026-05-24T13:13:21Z,retour,NA,Plateau
AX_R03,Retour Plateau -> Yopougon (Clinique Fraternite),Plateau,Yopougon,5.3167,-4.0234,15.8,50,0.316,Congestionne,9255,1399,2026-05-24,13,dimanche,2026-05-24T13:13:23Z,retour,NA,Plateau
AX_R04,Retour Plateau -> Yopougon (Carrefour Jatak),Plateau,Yopougon,5.3167,-4.0234,19.2,90,0.213,Bloque,17884,2225,2026-05-24,13,dimanche,2026-05-24T13:13:24Z,retour,NA,Plateau
AX_R05,Retour Plateau -> Marcory (Rond-point),Plateau,Marcory,5.3167,-4.0234,14.8,50,0.296,Bloque,10462,1686,2026-05-24,13,dimanche,2026-05-24T13:13:25Z,retour,NA,Plateau
AX_R06,Retour Cocody -> Bingerville (Lycee),Cocody,Bingerville,5.3523,-3.9895,24.3,70,0.347,Congestionne,13290,1353,2026-05-24,13,dimanche,2026-05-24T13:13:26Z,retour,NA,Cocody
AX_R07,Retour Cocody -> Yopougon (Carrefour Universite),Cocody,Yopougon,5.3523,-3.9895,19,100,0.19,Bloque,3631,472,2026-05-24,13,dimanche,2026-05-24T13:13:28Z,retour,NA,Cocody
AX_R08,Retour Cocody -> Abobo (2 Plateaux),Cocody,Abobo,5.3523,-3.9895,29.4,90,0.327,Congestionne,11801,990,2026-05-24,13,dimanche,2026-05-24T13:13:29Z,retour,NA,Cocody
AX_R09,Yopougon (Gare) -> Marcory (Zone 4),Yopougon,Marcory,5.369048,-3.999911,22.4,50,0.448,Congestionne,9842,1082,2026-05-24,13,dimanche,2026-05-24T13:13:30Z,retour,NA,Yopougon
AX_R10,Yopougon (Jatak) -> Marcory (Zone 4),Yopougon,Marcory,5.321877,-4.1035450000000004,26.7,90,0.297,Bloque,20475,1893,2026-05-24,13,dimanche,2026-05-24T13:13:31Z,retour,NA,Yopougon
AX_R11,Abobo -> Cocody (Carrefour Universite),Abobo,Cocody,5.420996,-4.01901,31.6,90,0.351,Congestionne,21291,1704,2026-05-24,13,dimanche,2026-05-24T13:13:32Z,retour,NA,Abobo
AX_R12,Abobo -> Marcory (Zone 4),Abobo,Marcory,5.420996,-4.01901,32,50,0.64,Modere,15171,1199,2026-05-24,13,dimanche,2026-05-24T13:13:34Z,retour,NA,Abobo
AX_R01,Retour Plateau -> Abobo (Gare Mairie),Plateau,Abobo,5.3167,-4.0234,21.5,90,0.239,Bloque,14058,1643,2026-05-24,14,dimanche,2026-05-24T14:16:01Z,retour,NA,Plateau
AX_R02,Retour Plateau -> Yopougon (Gare Autoroute),Plateau,Yopougon,5.3167,-4.0234,18.1,100,0.181,Bloque,12679,1758,2026-05-24,14,dimanche,2026-05-24T14:16:03Z,retour,NA,Plateau
AX_R03,Retour Plateau -> Yopougon (Clinique Fraternite),Plateau,Yopougon,5.3167,-4.0234,16.6,50,0.332,Congestionne,9255,1399,2026-05-24,14,dimanche,2026-05-24T14:16:04Z,retour,NA,Plateau
AX_R04,Retour Plateau -> Yopougon (Carrefour Jatak),Plateau,Yopougon,5.3167,-4.0234,20.1,90,0.223,Bloque,17884,2225,2026-05-24,14,dimanche,2026-05-24T14:16:05Z,retour,NA,Plateau
AX_R05,Retour Plateau -> Marcory (Rond-point),Plateau,Marcory,5.3167,-4.0234,15.5,50,0.31,Congestionne,10462,1686,2026-05-24,14,dimanche,2026-05-24T14:16:06Z,retour,NA,Plateau
AX_R06,Retour Cocody -> Bingerville (Lycee),Cocody,Bingerville,5.3523,-3.9895,25.5,70,0.364,Congestionne,13290,1353,2026-05-24,14,dimanche,2026-05-24T14:16:08Z,retour,NA,Cocody
AX_R07,Retour Cocody -> Yopougon (Carrefour Universite),Cocody,Yopougon,5.3523,-3.9895,20,100,0.2,Bloque,3631,472,2026-05-24,14,dimanche,2026-05-24T14:16:09Z,retour,NA,Cocody
AX_R08,Retour Cocody -> Abobo (2 Plateaux),Cocody,Abobo,5.3523,-3.9895,31,90,0.344,Congestionne,11801,990,2026-05-24,14,dimanche,2026-05-24T14:16:10Z,retour,NA,Cocody
AX_R09,Yopougon (Gare) -> Marcory (Zone 4),Yopougon,Marcory,5.369048,-3.999911,23.6,50,0.472,Congestionne,9842,1082,2026-05-24,14,dimanche,2026-05-24T14:16:11Z,retour,NA,Yopougon
AX_R10,Yopougon (Jatak) -> Marcory (Zone 4),Yopougon,Marcory,5.321877,-4.1035450000000004,28.1,90,0.312,Congestionne,20475,1893,2026-05-24,14,dimanche,2026-05-24T14:16:13Z,retour,NA,Yopougon
AX_R11,Abobo -> Cocody (Carrefour Universite),Abobo,Cocody,5.420996,-4.01901,33.2,90,0.369,Congestionne,21291,1704,2026-05-24,14,dimanche,2026-05-24T14:16:14Z,retour,NA,Abobo
AX_R12,Abobo -> Marcory (Zone 4),Abobo,Marcory,5.420996,-4.01901,33.7,50,0.674,Modere,15171,1199,2026-05-24,14,dimanche,2026-05-24T14:16:15Z,retour,NA,Abobo
AX_R01,Retour Plateau -> Abobo (Gare Mairie),Plateau,Abobo,5.3167,-4.0234,18.8,90,0.209,Bloque,14058,1643,2026-05-24,15,dimanche,2026-05-24T15:18:40Z,retour,NA,Plateau
AX_R02,Retour Plateau -> Yopougon (Gare Autoroute),Plateau,Yopougon,5.3167,-4.0234,15.9,100,0.159,Bloque,12679,1758,2026-05-24,15,dimanche,2026-05-24T15:18:42Z,retour,NA,Plateau
AX_R03,Retour Plateau -> Yopougon (Clinique Fraternite),Plateau,Yopougon,5.3167,-4.0234,14.6,50,0.292,Bloque,9255,1399,2026-05-24,15,dimanche,2026-05-24T15:18:43Z,retour,NA,Plateau
AX_R04,Retour Plateau -> Yopougon (Carrefour Jatak),Plateau,Yopougon,5.3167,-4.0234,17.7,90,0.197,Bloque,17884,2225,2026-05-24,15,dimanche,2026-05-24T15:18:44Z,retour,NA,Plateau
AX_R05,Retour Plateau -> Marcory (Rond-point),Plateau,Marcory,5.3167,-4.0234,13.6,50,0.272,Bloque,10462,1686,2026-05-24,15,dimanche,2026-05-24T15:18:45Z,retour,NA,Plateau
AX_R06,Retour Cocody -> Bingerville (Lycee),Cocody,Bingerville,5.3523,-3.9895,22.4,70,0.32,Congestionne,13290,1353,2026-05-24,15,dimanche,2026-05-24T15:18:47Z,retour,NA,Cocody
AX_R07,Retour Cocody -> Yopougon (Carrefour Universite),Cocody,Yopougon,5.3523,-3.9895,17.6,100,0.176,Bloque,3631,472,2026-05-24,15,dimanche,2026-05-24T15:18:48Z,retour,NA,Cocody
AX_R08,Retour Cocody -> Abobo (2 Plateaux),Cocody,Abobo,5.3523,-3.9895,27.2,90,0.302,Congestionne,11801,990,2026-05-24,15,dimanche,2026-05-24T15:18:49Z,retour,NA,Cocody
AX_R09,Yopougon (Gare) -> Marcory (Zone 4),Yopougon,Marcory,5.369048,-3.999911,20.7,50,0.414,Congestionne,9842,1082,2026-05-24,15,dimanche,2026-05-24T15:18:50Z,retour,NA,Yopougon
AX_R10,Yopougon (Jatak) -> Marcory (Zone 4),Yopougon,Marcory,5.321877,-4.1035450000000004,24.6,90,0.273,Bloque,20475,1893,2026-05-24,15,dimanche,2026-05-24T15:18:51Z,retour,NA,Yopougon
AX_R11,Abobo -> Cocody (Carrefour Universite),Abobo,Cocody,5.420996,-4.01901,29.2,90,0.324,Congestionne,21291,1704,2026-05-24,15,dimanche,2026-05-24T15:18:53Z,retour,NA,Abobo
AX_R12,Abobo -> Marcory (Zone 4),Abobo,Marcory,5.420996,-4.01901,29.5,50,0.59,Modere,15171,1199,2026-05-24,15,dimanche,2026-05-24T15:18:54Z,retour,NA,Abobo
AX_R01,Retour Plateau -> Abobo (Gare Mairie),Plateau,Abobo,5.3167,-4.0234,13.6,90,0.151,Bloque,14058,1643,2026-05-24,16,dimanche,2026-05-24T16:21:19Z,retour,NA,Plateau
AX_R02,Retour Plateau -> Yopougon (Gare Autoroute),Plateau,Yopougon,5.3167,-4.0234,11.5,100,0.115,Bloque,12679,1758,2026-05-24,16,dimanche,2026-05-24T16:21:20Z,retour,NA,Plateau
AX_R03,Retour Plateau -> Yopougon (Clinique Fraternite),Plateau,Yopougon,5.3167,-4.0234,10.5,50,0.21,Bloque,9255,1399,2026-05-24,16,dimanche,2026-05-24T16:21:21Z,retour,NA,Plateau
AX_R04,Retour Plateau -> Yopougon (Carrefour Jatak),Plateau,Yopougon,5.3167,-4.0234,12.8,90,0.142,Bloque,17884,2225,2026-05-24,16,dimanche,2026-05-24T16:21:23Z,retour,NA,Plateau
AX_R05,Retour Plateau -> Marcory (Rond-point),Plateau,Marcory,5.3167,-4.0234,9.9,50,0.198,Bloque,10462,1686,2026-05-24,16,dimanche,2026-05-24T16:21:24Z,retour,NA,Plateau
AX_R06,Retour Cocody -> Bingerville (Lycee),Cocody,Bingerville,5.3523,-3.9895,16.2,70,0.231,Bloque,13290,1353,2026-05-24,16,dimanche,2026-05-24T16:21:25Z,retour,NA,Cocody
AX_R07,Retour Cocody -> Yopougon (Carrefour Universite),Cocody,Yopougon,5.3523,-3.9895,12.7,100,0.127,Bloque,3631,472,2026-05-24,16,dimanche,2026-05-24T16:21:26Z,retour,NA,Cocody
AX_R08,Retour Cocody -> Abobo (2 Plateaux),Cocody,Abobo,5.3523,-3.9895,19.6,90,0.218,Bloque,11801,990,2026-05-24,16,dimanche,2026-05-24T16:21:28Z,retour,NA,Cocody
AX_R09,Yopougon (Gare) -> Marcory (Zone 4),Yopougon,Marcory,5.369048,-3.999911,15,50,0.3,Congestionne,9842,1082,2026-05-24,16,dimanche,2026-05-24T16:21:29Z,retour,NA,Yopougon
AX_R10,Yopougon (Jatak) -> Marcory (Zone 4),Yopougon,Marcory,5.321877,-4.1035450000000004,17.8,90,0.198,Bloque,20475,1893,2026-05-24,16,dimanche,2026-05-24T16:21:30Z,retour,NA,Yopougon
AX_R11,Abobo -> Cocody (Carrefour Universite),Abobo,Cocody,5.420996,-4.01901,21.1,90,0.234,Bloque,21291,1704,2026-05-24,16,dimanche,2026-05-24T16:21:31Z,retour,NA,Abobo
AX_R12,Abobo -> Marcory (Zone 4),Abobo,Marcory,5.420996,-4.01901,21.3,50,0.426,Congestionne,15171,1199,2026-05-24,16,dimanche,2026-05-24T16:21:33Z,retour,NA,Abobo
